geo,measure,sex,year,age0,age1,age2,age3,age4,age5,age6,age7,age8,age9,age10,age11,age12,age13,age14,age15,age16,age17,age18,age19,age20,age21,age22,age23,age24,age25,age26,age27,age28,age29,age30,age31,age32,age33,age34,age35,age36,age37,age38,age39,age40,age41,age42,age43,age44,age45,age46,age47,age48,age49,age50,age51,age52,age53,age54,age55,age56,age57,age58,age59,age60,age61,age62,age63,age64,age65,age66,age67,age68,age69,age70,age71,age72,age73,age74,age75,age76,age77,age78,age79,age80,age81,age82,age83,age84,age85,age86,age87,age88,age89,age90,age91,age92,age93,age94,age95,age96,age97,age98,age99,age100
BG,deaths,F,2000,431,43,19,9,11,14,11,11,4,12,10,6,10,9,12,20,21,19,29,28,29,31,26,28,38,30,33,29,28,27,42,46,49,48,53,43,51,78,88,83,97,98,123,136,115,140,154,182,175,219,263,256,272,298,308,345,346,368,349,455,488,523,541,664,730,839,1012,1046,1040,1251,1295,1530,1658,1879,1974,2154,2284,2335,2469,2358,2581,1582,1139,1008,1589,2124,1427,1432,1415,1212,1002,700,592,459,333,236,139,86,43,41,49
BG,deaths,F,2001,434,35,17,11,19,9,10,10,5,13,5,7,7,13,14,13,12,27,23,25,26,24,32,28,28,31,23,31,32,37,39,44,47,47,38,42,59,60,77,89,88,80,106,123,119,159,156,174,203,203,252,242,278,293,284,342,312,357,382,408,472,473,468,605,692,780,884,977,1060,1177,1306,1359,1540,1727,1883,2037,2201,2390,2373,2499,2367,2551,1478,1061,956,1493,1921,1261,1280,1165,945,778,557,447,295,250,145,109,66,37,54
BG,deaths,F,2002,392,30,19,13,12,11,9,5,10,8,5,4,9,14,9,12,12,15,15,19,27,22,26,28,24,23,19,26,32,27,32,34,43,50,54,42,60,72,76,79,87,96,83,118,112,148,146,174,177,200,224,278,305,282,310,343,371,378,376,388,437,449,549,532,650,749,813,942,1125,1169,1250,1384,1437,1655,1824,2092,2249,2351,2436,2460,2507,2372,2417,1514,1085,850,1393,1854,1111,1050,987,841,626,477,349,237,162,111,76,38,50
BG,deaths,F,2003,343,32,17,13,13,5,6,4,5,5,10,11,14,8,12,13,14,15,20,17,29,28,10,16,28,28,35,25,33,39,35,31,38,45,55,50,50,61,61,75,94,90,98,96,134,129,152,163,185,189,221,214,266,309,313,337,340,401,374,384,431,459,484,579,615,703,761,882,1077,1135,1305,1315,1480,1509,1750,1890,2103,2213,2384,2478,2480,2613,2344,2334,1330,985,768,1244,1582,913,942,862,634,503,334,217,156,119,80,41,63
BG,deaths,F,2004,340,33,20,16,18,4,2,5,4,9,8,14,15,11,14,17,11,18,14,17,17,18,26,23,23,26,35,25,26,34,32,34,45,44,52,55,60,63,64,79,60,94,103,101,132,131,165,159,188,230,205,261,230,298,331,325,366,398,427,360,433,449,475,510,600,631,728,794,913,1119,1269,1273,1377,1542,1701,1706,1945,2166,2192,2416,2497,2354,2495,2259,2186,1266,804,719,1055,1342,771,758,657,481,353,246,168,105,63,36,65
BG,deaths,F,2005,310,32,13,10,3,11,8,6,11,5,10,4,12,12,11,15,11,18,25,22,26,22,16,16,26,26,42,15,37,29,41,33,31,33,48,48,62,65,64,69,64,83,108,101,122,144,149,170,200,223,200,233,232,278,324,340,367,374,396,475,466,475,528,576,562,681,721,769,896,974,1292,1428,1454,1487,1750,1806,1986,2185,2276,2563,2462,2509,2480,2524,2214,2158,1196,773,625,930,1121,678,599,531,369,254,154,111,63,37,69
BG,deaths,F,2006,349,20,16,10,10,11,14,7,12,8,8,5,7,5,16,12,13,16,23,15,18,23,13,27,21,21,21,33,15,24,40,32,38,50,36,53,58,76,63,62,75,98,93,124,120,129,144,160,182,189,238,237,241,293,324,330,406,392,429,446,475,462,518,560,583,677,697,759,832,952,1151,1311,1451,1602,1636,1881,1966,2060,2175,2433,2462,2597,2602,2451,2486,2074,2007,1083,676,584,742,919,496,464,396,266,191,100,74,49,84
BG,deaths,F,2007,302,29,17,15,2,10,10,7,4,4,8,6,6,12,13,3,15,11,26,26,17,23,21,22,23,24,26,35,28,25,37,30,44,39,44,63,51,67,68,49,68,63,79,114,123,133,128,167,155,179,191,237,253,292,283,329,352,420,463,439,466,522,537,553,558,637,687,753,745,883,1058,1148,1358,1609,1700,1797,1897,2068,2178,2303,2473,2659,2535,2635,2425,2300,1993,1805,1012,615,442,692,791,405,370,289,213,139,68,49,84
BG,deaths,F,2008,303,22,11,14,13,5,11,10,6,9,8,6,11,9,7,12,14,18,17,20,20,22,17,20,26,24,17,15,22,34,29,39,39,30,59,50,56,53,58,74,65,73,74,86,108,129,145,157,145,171,202,206,229,284,303,314,342,389,463,401,420,457,601,534,576,647,640,721,720,838,988,1049,1275,1443,1660,1734,1806,2038,2076,2193,2352,2455,2614,2441,2497,2240,2176,1738,1663,959,544,390,494,586,312,282,212,111,104,40,78
BG,deaths,F,2009,307,30,18,11,9,6,5,6,4,5,5,3,9,4,9,10,8,11,21,19,15,16,20,14,22,26,29,14,33,28,37,31,30,45,55,39,53,53,61,68,68,69,77,97,89,116,134,155,156,182,196,204,213,259,302,325,321,346,385,455,481,497,504,604,601,562,657,697,782,876,908,1011,1133,1349,1568,1703,1820,1853,2062,2087,2146,2284,2456,2475,2364,2291,2032,1912,1589,1359,750,467,309,444,440,240,192,158,91,54,73
BG,deaths,F,2010,298,19,13,9,10,9,6,5,7,7,6,7,8,8,9,8,14,11,24,15,20,16,20,23,23,18,24,16,26,22,31,35,29,54,43,61,60,40,70,73,74,107,75,89,114,111,133,123,167,172,161,213,231,236,285,332,285,333,388,439,464,535,531,557,627,601,688,697,711,882,846,927,1099,1240,1386,1651,1843,1939,2092,2114,2263,2332,2330,2502,2456,2332,2235,2044,1773,1410,1318,696,391,271,353,369,161,134,163,103,193
BG,deaths,F,2011,252,23,10,11,7,9,7,5,7,7,6,4,5,5,5,9,7,15,15,18,14,12,21,15,21,12,21,15,27,30,24,27,22,36,39,58,55,65,76,56,68,98,96,83,121,118,98,130,154,164,200,196,215,208,259,313,308,352,370,375,433,567,558,570,650,633,670,659,778,786,842,975,958,1191,1294,1476,1669,1946,2087,2061,2145,2382,2279,2339,2462,2348,2254,2018,1754,1559,1313,1065,510,304,202,225,277,130,98,63,95
BG,deaths,F,2012,209,23,14,11,6,10,7,6,5,5,5,5,7,3,4,7,7,11,13,11,11,12,21,12,10,17,23,20,10,17,29,25,26,31,34,52,39,57,80,66,52,74,73,104,92,95,114,119,145,159,198,205,220,222,233,275,329,307,348,397,446,504,618,566,609,710,750,708,736,815,891,957,1127,1090,1281,1407,1662,1934,2061,2222,2218,2317,2366,2347,2366,2413,2347,2175,1879,1510,1435,1011,911,440,211,170,204,191,88,67,97
BG,deaths,F,2013,206,25,3,9,8,5,8,3,6,5,4,10,4,4,3,5,8,5,11,14,11,15,14,16,17,13,17,17,25,25,26,29,24,34,29,43,45,52,52,61,65,80,87,98,115,102,112,96,129,158,165,200,203,226,241,268,311,346,366,361,395,407,526,517,564,641,709,777,734,769,851,885,968,1028,1089,1266,1491,1566,1844,2140,2154,2167,2364,2230,2184,2195,2140,2013,1767,1600,1307,1071,837,664,322,177,119,120,124,64,92
BG,deaths,F,2014,233,18,13,8,4,3,3,8,4,7,5,5,3,6,3,6,7,7,10,12,13,10,14,13,27,17,18,20,27,20,23,27,32,36,38,34,38,52,63,63,79,88,100,115,108,123,106,108,130,144,192,226,234,266,286,298,278,342,379,406,408,482,507,600,724,695,720,776,864,813,918,960,1003,1128,1136,1228,1502,1554,1801,2128,2368,2299,2284,2374,2398,2227,2109,2078,2008,1721,1418,1161,973,692,512,310,130,75,82,96,102
BG,deaths,F,2015,189,22,10,10,1,2,7,4,4,6,4,6,6,3,6,10,4,4,10,18,13,14,15,18,11,20,18,17,20,25,35,25,23,32,30,34,47,55,57,59,77,83,79,93,109,123,136,134,135,161,166,178,198,218,255,298,316,322,397,392,427,486,525,552,602,673,738,827,821,918,879,911,1105,1125,1229,1322,1371,1538,1683,1912,2254,2427,2474,2445,2441,2294,2220,2077,2030,1717,1530,1312,994,825,611,445,213,98,60,68,134
BG,deaths,F,2016,165,13,7,7,8,7,5,3,3,9,7,2,3,3,4,8,11,11,7,8,11,4,12,13,10,14,23,23,18,23,25,18,26,32,42,21,33,41,61,63,65,79,71,104,88,148,135,151,147,146,137,207,206,228,250,296,315,338,375,385,434,500,514,573,618,652,754,787,821,908,1053,956,1045,1066,1076,1287,1388,1457,1660,1799,1923,2228,2330,2345,2312,2247,2066,1988,1935,1750,1535,1297,1023,781,612,402,325,130,67,27,112
BG,deaths,F,2017,181,17,9,9,2,3,0,4,1,2,3,6,3,4,4,7,6,7,8,12,8,9,14,11,15,10,13,25,22,18,20,19,32,24,32,31,29,46,43,75,77,81,96,91,109,96,117,144,177,149,168,171,200,233,239,304,321,307,364,409,404,515,531,518,644,608,726,832,933,939,1014,1126,1108,1126,1180,1292,1395,1514,1596,1749,2008,2161,2309,2474,2499,2272,2346,2065,1955,1751,1660,1333,1110,835,605,478,306,235,101,31,89
BG,deaths,F,2018,158,23,13,8,3,2,9,9,2,4,4,0,4,6,6,6,9,9,18,6,6,11,10,12,19,15,14,17,19,20,20,24,32,28,28,37,50,43,52,57,83,67,89,96,111,110,106,132,122,212,181,184,202,201,224,241,292,348,349,424,414,472,521,570,618,636,719,813,901,876,1027,1051,1152,1098,1207,1273,1346,1479,1607,1708,1824,2051,2145,2282,2495,2361,2229,2120,1939,1654,1547,1435,1120,920,659,496,319,208,129,59,92
BG,deaths,F,2019,151,10,14,14,6,6,4,7,4,6,2,5,2,9,11,4,4,8,12,15,12,13,6,7,12,8,8,12,30,18,16,29,24,29,29,54,44,44,42,58,65,74,97,94,95,116,116,119,132,167,183,157,163,168,238,249,265,301,324,411,420,473,480,527,575,625,685,730,870,982,1023,1036,1175,1265,1188,1251,1397,1513,1563,1675,1803,1895,2122,2258,2352,2533,2299,2176,1989,1776,1570,1304,1107,915,688,500,341,221,152,107,81
BG,deaths,F,2020,141,11,8,4,5,0,0,2,4,4,1,8,7,6,10,3,6,8,9,9,9,10,8,13,15,9,11,19,15,18,22,25,24,25,36,33,41,59,50,48,87,75,94,78,135,135,157,165,144,169,215,233,234,223,242,294,326,399,400,443,510,576,600,621,752,746,807,959,979,1108,1257,1300,1383,1447,1685,1636,1617,1679,1752,1981,2045,2076,2190,2383,2414,2570,2668,2364,2235,1886,1611,1443,1182,975,701,602,423,247,179,87,125
BG,deaths,M,2000,550,47,18,20,13,17,15,20,20,14,14,14,9,21,29,33,33,33,68,59,68,79,61,74,61,57,73,73,65,94,87,95,94,115,120,129,134,128,171,178,208,225,256,251,358,372,391,435,480,561,634,647,664,718,811,731,806,837,812,921,882,965,1093,1225,1279,1497,1640,1604,1717,1722,1796,1869,2021,2156,2208,2239,2151,2112,2179,2111,2086,1161,847,740,1125,1553,916,979,862,695,610,386,321,241,156,83,62,34,27,23,26
BG,deaths,M,2001,548,39,29,18,12,14,8,19,8,9,13,18,17,11,30,20,36,41,49,60,78,74,61,77,62,72,70,84,75,77,90,100,116,87,93,97,122,148,165,159,169,225,260,275,323,330,402,434,479,473,594,649,698,763,771,831,788,848,894,877,964,1026,1009,1231,1291,1300,1471,1616,1655,1659,1790,1810,1820,1991,2116,2185,2160,2097,2072,2002,1973,1907,1142,753,602,982,1301,800,739,742,516,440,310,241,166,105,52,49,27,13,31
BG,deaths,M,2002,495,44,22,18,16,9,10,12,11,14,12,18,12,16,21,18,23,31,47,52,62,55,63,58,63,71,62,76,82,74,75,79,91,123,99,90,142,127,141,167,173,233,230,296,307,340,348,396,446,530,541,613,696,797,805,756,874,821,878,926,947,974,1031,1115,1136,1302,1317,1492,1617,1693,1761,1865,1865,1872,1936,2158,2154,2173,2127,1978,2060,1850,1873,1057,659,601,944,1222,661,596,620,472,358,253,159,121,83,59,23,18,33
BG,deaths,M,2003,488,33,26,12,12,7,9,9,11,18,8,19,17,23,22,28,33,43,26,51,64,64,55,73,76,89,87,68,72,90,72,78,80,104,104,103,104,122,133,168,155,205,220,257,268,292,363,375,426,481,534,602,651,831,794,820,901,961,923,873,969,964,1061,1110,1111,1272,1279,1378,1666,1846,1772,1720,1851,1870,1988,1973,2156,2300,2121,2061,1897,1988,1791,1701,949,605,513,829,1024,537,485,438,341,305,174,127,75,58,24,13,17
BG,deaths,M,2004,474,47,26,17,15,10,7,12,9,15,12,12,16,15,17,19,30,37,46,31,46,51,76,72,74,74,76,76,63,71,100,91,93,99,109,122,108,130,129,143,166,213,226,259,303,304,345,372,468,460,561,610,627,692,846,860,872,878,1012,974,970,1020,1038,1098,1198,1115,1188,1368,1461,1663,1754,1796,1787,1876,1867,1851,2060,2091,2079,2049,2074,1845,1877,1509,1546,858,621,422,664,804,473,419,353,239,187,112,82,57,26,17,24
BG,deaths,M,2005,429,43,21,14,13,8,11,9,9,15,15,8,12,23,17,23,20,16,24,52,55,39,67,68,61,67,69,76,64,78,82,93,69,90,110,115,128,113,144,159,179,190,233,276,261,291,357,380,452,507,518,583,716,663,833,936,949,967,1037,1095,996,1079,1063,1125,1155,1198,1235,1378,1471,1519,1774,1900,1856,1879,1935,1981,1961,1998,2108,2154,2052,2020,1786,1757,1540,1525,752,506,394,585,647,414,293,254,195,117,83,60,24,14,26
BG,deaths,M,2006,371,37,17,16,11,18,16,10,9,6,10,9,8,16,20,27,28,36,36,53,53,57,65,74,62,71,65,81,85,72,74,93,90,97,96,99,120,136,157,145,165,200,200,229,279,328,331,394,411,478,541,636,596,714,737,843,1007,1021,1000,1098,1179,1023,1085,1173,1098,1168,1243,1230,1386,1451,1606,1731,1874,1977,1912,1968,1925,1918,2119,2134,2152,2057,1900,1697,1591,1377,1299,648,453,351,439,550,277,241,162,142,83,46,33,20,31
BG,deaths,M,2007,388,31,16,20,9,8,9,3,8,16,7,5,14,13,13,26,40,38,35,48,59,58,57,66,71,80,64,70,74,81,78,88,103,98,92,89,113,118,122,147,145,162,215,206,253,296,317,368,398,453,519,594,616,681,746,789,927,996,1013,1037,1172,1176,1062,1089,1149,1170,1227,1285,1320,1341,1527,1563,1811,1949,2002,1832,1964,1941,1944,2020,1982,2071,1959,1741,1519,1483,1268,1148,586,369,278,389,449,254,188,139,96,74,34,21,25
BG,deaths,M,2008,365,27,18,14,13,17,11,6,13,17,6,17,10,11,16,14,24,44,45,64,60,58,64,62,67,81,70,82,80,78,98,79,89,105,97,99,113,137,136,164,159,165,182,204,254,261,306,374,440,421,475,521,605,699,680,760,755,934,1059,1054,1094,1139,1190,1094,1190,1151,1190,1237,1227,1251,1437,1527,1564,1778,1881,1936,1846,1901,1896,1850,1923,1894,1871,1827,1632,1460,1332,990,984,515,296,214,269,320,152,130,112,47,32,13,32
BG,deaths,M,2009,422,19,12,21,9,16,14,12,4,12,6,9,12,17,13,20,32,27,33,43,49,49,56,67,61,55,58,71,60,68,66,74,91,99,111,115,109,140,117,149,184,172,190,195,240,272,326,349,377,411,476,537,565,650,710,709,829,815,946,1120,1106,1120,1206,1244,1198,1144,1218,1177,1312,1283,1282,1410,1497,1558,1729,1923,1778,1834,1833,1763,1860,1701,1813,1821,1553,1421,1144,1080,880,793,446,238,154,202,225,121,94,78,52,32,35
BG,deaths,M,2010,410,44,11,13,14,13,8,9,10,3,11,7,14,10,13,17,11,21,31,48,47,43,46,48,52,60,67,61,63,64,68,73,79,89,81,114,103,110,110,126,155,188,185,209,264,251,308,336,389,413,432,519,533,565,675,707,791,821,868,1030,1195,1112,1147,1181,1290,1135,1205,1246,1260,1281,1354,1319,1440,1514,1634,1824,1912,1873,1824,1976,1796,1875,1786,1778,1722,1508,1300,1145,1035,868,738,388,198,145,173,197,89,82,75,60,100
BG,deaths,M,2011,349,39,18,8,6,4,6,12,4,4,10,11,7,7,6,18,14,19,28,37,50,42,48,41,55,53,45,42,72,70,75,78,79,86,102,88,123,105,94,143,145,175,169,183,217,222,274,310,361,405,442,477,514,610,662,750,761,827,931,930,1057,1171,1204,1246,1275,1369,1187,1241,1279,1186,1380,1329,1369,1531,1592,1668,1822,1886,1893,1880,1891,1821,1714,1638,1662,1542,1261,1221,921,868,630,549,269,141,105,127,117,47,32,11,39
BG,deaths,M,2012,327,23,19,12,11,12,7,6,6,5,10,9,6,13,14,14,21,23,23,42,36,42,49,34,57,40,49,52,55,54,74,62,68,63,85,84,106,107,128,116,133,179,170,213,206,215,233,269,323,353,452,477,553,532,640,675,738,842,894,944,988,1133,1284,1219,1258,1296,1383,1247,1300,1310,1289,1398,1410,1381,1552,1570,1656,1841,1887,1952,1834,1916,1711,1728,1590,1510,1439,1280,1030,818,775,565,456,203,130,70,82,76,42,31,57
BG,deaths,M,2013,283,34,14,12,10,8,10,9,4,8,5,4,7,15,10,10,19,20,27,20,48,45,45,49,44,46,47,44,36,65,68,72,73,75,80,88,88,111,121,120,131,138,188,206,230,237,250,273,338,377,378,462,496,505,625,679,686,808,926,850,971,944,1191,1265,1298,1330,1437,1422,1295,1295,1358,1319,1349,1341,1375,1415,1637,1661,1824,1826,1803,1739,1667,1640,1417,1438,1338,1225,1045,873,684,585,399,317,148,76,39,51,55,12,46
BG,deaths,M,2014,284,18,11,6,11,8,8,5,5,4,5,7,10,12,7,18,15,17,31,27,28,30,40,28,60,36,41,49,54,42,68,71,72,81,74,106,116,125,150,151,142,134,153,206,240,245,265,296,319,375,419,463,498,567,647,669,750,789,878,922,990,1061,1137,1252,1354,1423,1446,1456,1549,1348,1419,1272,1348,1364,1447,1426,1562,1666,1662,1818,1867,1821,1831,1675,1597,1438,1375,1217,1090,950,743,626,497,373,288,129,53,38,34,34,46
BG,deaths,M,2015,245,17,7,9,6,11,12,10,7,7,6,10,6,10,3,15,15,18,30,26,28,29,33,34,46,51,58,42,58,48,51,69,61,91,92,78,103,111,114,117,140,146,181,183,227,267,284,288,320,340,370,435,504,540,635,590,689,749,908,913,1054,1072,1154,1105,1281,1437,1412,1490,1458,1582,1444,1401,1478,1468,1477,1455,1432,1572,1581,1733,1859,1936,1783,1727,1681,1540,1336,1248,1152,986,834,689,529,432,289,180,97,50,28,25,60
BG,deaths,M,2016,258,12,6,9,6,5,5,7,7,5,5,13,3,8,8,13,5,22,17,39,36,33,27,35,36,42,56,39,46,51,58,53,67,70,83,93,103,114,129,146,145,159,179,198,235,281,257,320,329,337,385,404,457,569,577,686,672,812,818,910,973,1107,1083,1211,1248,1411,1516,1447,1566,1433,1544,1432,1412,1480,1396,1464,1472,1444,1537,1640,1711,1826,1839,1566,1555,1514,1363,1223,1081,947,826,685,499,376,294,182,137,65,34,18,65
BG,deaths,M,2017,227,18,19,8,9,13,3,8,5,7,3,9,10,4,10,11,28,21,20,20,22,25,31,28,28,37,49,44,56,46,45,66,59,81,69,62,101,97,117,128,158,165,201,209,208,256,263,303,348,370,366,411,483,546,578,663,708,694,800,860,958,1020,1110,1168,1206,1248,1449,1620,1564,1577,1512,1588,1525,1498,1518,1440,1500,1536,1545,1587,1697,1726,1782,1732,1629,1540,1437,1385,1104,995,860,715,536,411,285,224,125,99,46,15,35
BG,deaths,M,2018,200,17,13,6,10,10,2,7,9,7,7,4,9,11,19,13,15,21,22,26,16,23,20,30,29,35,36,40,52,56,60,66,66,84,80,84,75,110,109,140,158,174,188,177,188,230,231,309,349,402,374,419,474,492,534,651,726,785,812,846,888,1008,1112,1160,1238,1357,1275,1461,1559,1535,1601,1649,1713,1488,1524,1551,1557,1545,1515,1488,1570,1626,1657,1617,1709,1545,1482,1267,1100,1051,841,678,534,427,305,210,148,90,65,27,36
BG,deaths,M,2019,191,8,7,10,7,4,4,8,3,4,7,7,6,7,10,19,12,19,26,37,29,24,20,25,41,46,35,41,33,51,57,40,61,82,72,97,85,117,125,122,141,157,180,180,218,269,271,300,361,404,424,409,431,496,505,598,613,750,819,825,911,1071,1091,1178,1196,1269,1384,1400,1508,1672,1560,1651,1640,1758,1526,1592,1481,1485,1511,1530,1483,1524,1550,1556,1607,1606,1498,1276,1125,1032,841,626,611,458,321,233,162,92,77,46,30
BG,deaths,M,2020,160,12,9,10,5,6,7,4,4,5,1,10,6,7,10,7,17,17,22,26,29,27,24,31,28,20,24,35,40,51,49,64,76,67,80,76,103,126,153,132,160,173,217,226,274,305,336,311,371,461,466,540,498,543,625,670,820,888,913,1000,1080,1088,1222,1308,1469,1517,1599,1634,1697,1806,2117,2083,1987,2122,2134,1940,1913,1839,1822,1822,1816,1809,1754,1775,1749,1661,1716,1541,1339,1192,1019,806,584,506,360,271,201,111,69,31,64
BG,population,F,2000,34757,31362,30302,34250,34772,38550,40142,42011,43336,47371,49944,50979,51038,52997,52132,53687,53970,54357,55310,56692,59390,60027,61771,63019,62585,64588,59104,55258,56999,57934,60283,58178,51018,50076,52016,53342,54621,55425,56111,56391,55730,56763,56984,59503,59825,58632,59328,59732,57969,66667,63440,62065,58655,62102,55350,50500,50682,50216,48766,48865,46334,47328,48263,50966,50879,55088,52070,53416,47045,49955,44906,47400,43121,45622,41931,41895,35262,35257,30841,27654,14400,8731,9310,15003,17586,4582,11119,7204,6417,3779,2671,2119,1925,746,576,234,50,47,21,NA,93
BG,population,F,2001,34554,35489,31541,30322,34270,34780,38505,40139,41944,43349,47360,49942,50954,51009,52991,52170,53664,53887,54336,55351,56669,59280,59985,61789,63048,62612,64512,59009,55237,56978,57942,60245,58068,50970,50044,51968,53277,54571,55341,56038,56314,55628,56647,56851,59391,59700,58519,59145,59526,57832,66452,63142,61822,58366,61813,55025,50134,50312,49832,48435,48312,45782,46763,47623,50224,50095,54123,50971,52296,46017,48819,43790,45952,41701,43813,40064,39717,33135,32856,28587,24895,17540,11342,6576,6791,10209,12459,2217,7518,4506,NA,NA,NA,NA,NA,NA,NA,NA,NA,NA,8326
BG,population,F,2002,30897,32670,33415,30298,28034,31833,32363,35209,37915,39961,42155,45979,49266,50239,50741,51525,51308,50841,51937,51683,52434,52840,55530,55215,56610,57129,57932,58495,56892,51872,53167,54778,56048,56456,49574,48302,49224,51260,52109,52409,54317,54128,53259,54704,55352,56682,58406,56360,57336,57042,55504,63697,62653,59804,58496,60405,55704,49655,50369,50441,46691,47035,46566,45710,46251,49432,47175,53115,51195,49821,44655,47631,41957,42014,40619,40947,37972,36019,32012,29962,26442,21980,19012,9643,6036,5620,8874,9363,3708,5244,3622,2856,1882,1325,858,605,360,264,138,75,131
BG,population,F,2003,30598,30747,32584,33185,30284,28021,31805,32343,35192,37867,39970,42190,45986,49203,50102,50518,51182,50866,50352,51247,50947,51647,52018,54842,54679,56232,56748,57654,58181,56519,51623,52874,54516,55680,55872,49148,47980,48905,50845,51722,51965,53770,53739,52857,54247,55138,56488,58227,56206,57151,56899,55488,63457,62454,59643,58244,60055,55337,49342,50026,49992,46531,46605,45975,45282,45646,48734,46477,52099,49956,48538,43444,46128,40495,40346,38626,38755,35744,33650,29593,27390,23969,19920,16904,8338,5109,4759,7429,7398,2983,4183,2732,2109,1343,899,565,404,237,168,86,144
BG,population,F,2004,31110,30462,30615,32448,33172,30201,28017,31795,32294,35170,37861,39960,42202,45985,49085,49963,50160,50888,50295,49843,50568,50236,50881,51383,54262,54241,55774,56514,57152,57970,56138,51339,52651,54057,55361,55398,48774,47643,48545,50541,51211,51578,53342,53252,52511,54021,54809,56341,58057,56015,56960,56786,55327,63536,62189,59539,57919,59818,54967,48998,49735,49498,46167,46261,45315,44724,45118,47950,45689,51068,48780,47373,42122,44429,38971,38630,36716,36564,33539,31196,27198,24798,21384,17634,14926,7121,4298,4144,6075,5800,2330,3170,2043,1529,922,629,385,251,146,108,153
BG,population,F,2005,32251,31001,30318,30223,32427,33122,30036,28013,31766,32228,35159,37839,39886,42204,45953,48960,49739,49861,50507,49708,49358,49932,49546,50266,50837,53791,53716,55497,56104,56827,57766,55716,51107,52243,53654,55091,55002,48390,47256,48260,50150,50784,51261,52830,52806,52318,53646,54612,56192,57788,55789,56745,56574,55310,63327,61921,59194,57641,59455,54585,48878,49394,49009,45854,45912,44675,44234,44481,47144,44993,49830,47494,46086,40739,42665,37428,36811,34622,34373,31286,28691,24736,22521,18988,15403,12747,6086,3581,3424,4916,4505,1766,2353,1496,1109,628,409,260,165,97,176
BG,population,F,2006,32366,32145,30865,29931,30217,32395,33015,29980,28005,31724,32214,35150,37767,39789,42215,45921,48763,49548,49465,50104,49126,48884,49292,48990,49746,50383,53216,53413,55003,55832,56512,57528,55380,50721,51904,53336,54847,54582,47937,46965,47892,49826,50430,50899,52374,52591,52017,53446,54416,55980,57463,55521,56534,56424,55108,63170,61599,59117,57285,59062,54101,48617,48933,48430,45488,45391,43939,43566,43731,46298,43912,48552,46019,44858,39141,40751,35591,34858,32381,31890,28796,26287,22061,19984,16577,13264,10803,5120,2921,2785,3871,3434,1313,1701,1081,791,441,273,179,116,182
BG,population,F,2007,33052,32265,32009,30480,29918,30197,32331,32975,29770,27996,31717,32185,35126,37687,39640,42212,45866,48592,49304,49053,49726,48579,48420,48768,48510,49314,49847,52876,52849,54693,55576,56145,57346,54783,50372,51622,53058,54602,54090,47609,46560,47587,49538,50002,50571,52156,52255,51834,53271,54144,55739,57006,55289,56279,56170,54942,62774,61286,58816,56886,58827,53647,48197,48469,47819,44977,44929,43209,42870,43108,45228,42894,47191,44335,43364,37504,38757,33722,32785,30143,29412,26323,23916,19672,17457,14276,11285,8800,4224,2340,2230,3022,2593,968,1223,767,551,310,186,106,193
BG,population,F,2008,33306,32935,32126,31621,30468,29905,30149,32307,32850,29491,27989,31700,32097,35092,37544,39490,42210,45827,48372,49042,48657,49374,48028,48036,48315,48110,48794,49526,52228,52488,54377,55275,55864,57019,54265,50078,51368,52773,54314,53742,47178,46229,47349,49199,49619,50384,51807,52073,51679,53020,53773,55438,56719,54968,56011,55922,54629,62629,60867,58414,56599,58473,53137,47817,47965,47201,44593,44358,42417,42252,42166,44144,41852,45744,42682,41713,35785,36542,31729,30546,27796,26907,23726,21239,17202,15116,12112,9532,7118,3412,1869,1717,2259,1878,697,848,541,358,215,129,190
BG,population,F,2009,34145,33211,32802,31737,31606,30451,29859,30139,32233,32683,29470,27982,31640,31991,35045,37403,39260,42199,45765,48146,48802,48282,49024,47584,47709,47937,47631,48491,48920,51825,52130,54008,55038,55359,56732,53847,49818,51107,52443,54107,53251,46825,45954,47055,48910,49423,50106,51615,51917,51462,52624,53274,55210,56226,54673,55707,55600,54426,62305,60453,58434,56274,58007,52593,47413,47399,46482,44074,43767,41558,41339,41296,42993,40782,44219,40975,39824,33992,34363,29630,28288,25404,24670,21256,18731,14806,12841,10144,7931,5648,2654,1453,1311,1698,1365,482,583,391,252,144,221
BG,population,F,2010,35449,34046,33072,32415,31726,31591,30407,29853,30098,32143,32674,29370,27975,31573,31816,34997,37196,39075,42187,45690,47934,48584,47911,48734,47200,47434,47478,47339,47905,48536,51413,51717,53732,54619,54917,56487,53504,49552,50818,52179,53827,52850,46546,45626,46792,48758,49120,49939,51446,51663,51146,52052,53015,54872,55878,54330,55391,55333,54150,61918,60066,58290,55801,57580,51961,46952,46861,45785,43459,43247,40669,40512,40287,41854,39498,42601,39205,38131,32136,32197,27596,26135,22911,22158,18824,16467,12705,10868,8390,6478,4506,2055,1113,974,1222,971,330,395,251,151,218
BG,population,F,2011,32549,35348,33910,32686,32400,31710,31548,30400,29811,30039,32131,32615,28988,27967,31462,31640,34926,37025,38827,42167,45640,47741,48359,47603,48472,46882,47099,47203,46793,47534,48159,50946,51395,53229,54249,54559,56272,53141,49253,50578,51835,53561,52520,46184,45345,46634,48494,48970,49784,51204,51285,50709,51774,52439,54593,55433,54040,55073,55003,53771,61826,59631,57864,55378,57097,51346,46509,46244,45047,42942,42393,39753,39573,39339,40517,38195,40819,37233,36201,30140,29916,25394,24220,20550,19656,16366,14164,10531,8991,6815,5132,3449,1547,801,702,861,645,234,267,145,165
BG,population,F,2012,32049,33611,35670,34051,32774,32461,31743,31571,30438,29831,30059,32130,32615,28988,27951,31454,31644,34921,36994,38799,42134,45596,47694,48265,47488,48317,46751,46950,47064,46634,47374,48062,50827,51287,53104,54126,54427,56146,53003,49122,50425,51696,53378,52382,46043,45174,46479,48336,48781,49598,50990,51028,50478,51525,52175,54282,55091,53699,54680,54618,53388,61259,59067,57278,54770,56454,50684,45841,45551,44271,42118,41467,38847,38490,38117,39061,36677,39044,35216,34015,28073,27595,23112,21822,18242,17207,14073,11966,8735,7261,5421,3934,2650,1156,579,495,606,427,148,169,188
BG,population,F,2013,31462,32975,34990,36141,34837,34039,33099,32397,31663,30775,29421,30142,32185,31538,28717,29915,32224,32051,34839,36292,37591,40442,43413,43706,44258,44120,45706,43702,45294,44558,45126,46557,47993,48619,49945,51535,52751,52802,54344,49214,47111,49511,50019,52787,47123,43733,43264,45166,45964,47503,48742,50009,49631,51180,50932,51749,54822,55225,54541,56231,55824,57320,63142,59756,58223,54636,57468,49021,45811,44228,42588,42295,40967,37876,37826,37100,37146,35666,36763,32745,31019,26116,24940,20727,19159,16109,14724,11771,9850,7172,5748,4119,3022,1911,840,407,323,377,283,98,208
BG,population,F,2014,30399,31297,32715,34708,35820,34491,33638,32670,31911,31154,30299,28825,29450,31660,31077,28132,29289,31531,31281,34056,35525,36711,39465,42512,42919,43485,43421,45084,43063,44764,44124,44625,46020,47530,48153,49482,51095,52186,52238,54009,48924,46915,49114,49517,52528,46959,43586,43153,45163,45961,47417,48780,50108,49597,51207,50943,51718,54795,55146,54592,56240,55604,56991,62678,59260,57556,53944,56615,48094,45036,43501,41649,41327,39944,36775,36598,35753,35445,33820,34685,30558,28663,23910,22544,18528,16810,13999,12552,9897,8070,5775,4520,3151,2270,1416,600,270,214,249,174,202
BG,population,F,2015,31290,30238,31037,32424,34392,35476,34095,33210,32181,31405,30674,29705,28137,28923,31198,30492,27506,28596,30761,30499,33290,34644,35743,38563,41710,42144,42794,42787,44448,42532,44340,43621,44087,45546,47063,47684,49052,50552,51605,51891,53718,48713,46515,48591,49255,52370,46805,43464,43144,45157,45881,47425,48847,50053,49566,51214,50884,51712,54701,55152,54621,55976,55234,56538,62019,58515,56772,53164,55606,47204,44271,42499,40576,40273,38753,35580,35262,34112,33514,31870,32278,28208,26206,21641,20027,16277,14492,11963,10399,8049,6460,4506,3409,2353,1639,1004,397,194,137,155,228
BG,population,F,2016,30185,31134,29973,30748,32110,34049,35081,33664,32725,31675,30923,30082,29016,27613,28460,30610,29864,26815,27828,29978,29730,32407,33671,34839,37774,40939,41444,42166,42156,43921,42092,43835,43091,43623,45082,46598,47245,48492,49981,51274,51599,53498,48334,46012,48332,49101,52201,46661,43445,43113,45086,45924,47530,48830,50078,49547,51152,50898,51615,54701,55161,54325,55609,54768,56036,61313,57740,55935,52176,54664,46413,43339,41376,39490,39032,37457,34251,33598,32437,31602,29790,29744,25769,23560,19321,17506,14017,12278,9946,8441,6430,4995,3350,2479,1641,1120,668,263,110,82,216
BG,population,F,2017,30012,30041,30874,29689,30428,31762,33650,34654,33180,32217,31193,30330,29394,28494,27151,27874,29978,29166,26044,27050,29218,28851,31443,32771,34051,37002,40247,40807,41536,41628,43486,41596,43302,42624,43158,44617,46179,46699,47914,49650,50985,51396,53112,47834,45769,48160,48930,52025,46622,43437,43050,45153,46004,47515,48833,50082,49487,51132,50798,51645,54720,54836,53962,55148,54201,55402,60527,56913,54922,51278,53754,45371,42285,40328,38316,37866,36024,32755,31898,30695,29586,27649,27385,23378,21139,17078,15191,12046,10239,8148,6764,5031,3767,2473,1785,1146,758,442,166,70,178
BG,population,F,2018,29645,29866,29778,30585,29376,30083,31368,33223,34171,32675,31743,30598,29644,28869,28033,26563,27249,29286,28394,25263,26286,28339,27882,30541,31984,33283,36311,39618,40172,41004,41203,42990,41062,42837,42165,42685,44197,45634,46133,47579,49352,50781,50995,52606,47580,45627,47999,48808,51964,46591,43358,43112,45273,45971,47527,48829,50016,49480,51065,50826,51654,54452,54416,53519,54606,53554,54700,59679,55823,53935,50387,52637,44155,41226,39105,37020,36510,34451,31096,30159,28747,27334,25471,24852,20888,18604,14836,12933,9999,8337,6472,5249,3716,2801,1779,1247,754,486,263,112,143
BG,population,F,2019,28233,29500,29600,29491,30266,29033,29686,30936,32734,33663,32202,31152,29912,29121,28400,27445,25938,26552,28510,27613,24504,25409,27372,26981,29750,31209,32591,35686,38985,39646,40576,40704,42455,40593,42377,41700,42253,43634,45070,45802,47280,49150,50403,50489,52351,47416,45478,47878,48787,51922,46483,43399,43205,45283,46017,47547,48812,50007,49410,51057,50831,51407,54071,53938,52966,53933,52801,53928,58575,54884,53093,49315,51444,43029,40003,37868,35640,34971,32791,29372,28336,26668,25210,23252,22340,18444,16197,12744,10806,8239,6647,5045,3908,2723,1976,1254,836,479,325,167,137
BG,population,F,2020,27617,28087,29237,29308,29171,29918,28634,29256,30449,32226,33188,31609,30464,29388,28648,27814,26822,25241,25781,27730,26844,23622,24445,26477,26196,28983,30523,31967,35057,38447,39225,40074,40169,41993,40136,41905,41246,41711,43065,44741,45520,47079,48752,49895,50251,52208,47253,45350,47857,48756,51839,46545,43535,43233,45336,46042,47522,48847,49973,49436,51051,50567,51058,53638,53415,52350,53214,52019,52963,57579,53986,52014,48127,50225,41753,38753,36553,34030,33319,31071,27545,26413,24669,22910,21006,19769,16010,13788,10752,8855,6552,5163,3839,2873,1933,1383,859,548,291,213,162
BG,population,M,2000,36439,33113,32649,36333,36215,40217,42505,44361,45942,49854,52404,53555,53363,55370,54644,56780,56622,57691,58948,59949,62693,63339,64243,66076,65084,66456,58975,57801,59640,61156,62219,59283,52291,51451,52620,54080,54966,55161,56503,56630,55315,55801,55029,58497,57491,56712,57191,56787,55182,63468,59989,58085,54675,57805,50639,46536,45905,45366,43632,43612,40078,40914,41862,43309,42932,46192,42788,44631,38595,40322,36049,36677,32339,34715,30943,29376,23924,23516,21215,17869,9796,5812,5655,9902,11997,2284,6424,4787,4010,2069,1386,1411,990,424,295,118,110,39,13,NA,55
BG,population,M,2001,36299,37154,33330,32640,36363,36227,40150,42471,44341,45941,49841,52384,53517,53336,55390,54639,56755,56562,57667,58894,59878,62584,63204,64221,66059,65066,66334,58915,57667,59612,61055,62153,59135,52190,51392,52507,53913,54810,55026,56360,56437,55112,55545,54759,58256,57144,56327,56803,56295,54739,62877,59357,57392,54038,57084,49822,45811,45055,44532,42837,42676,39073,39914,40654,42049,41606,44549,41027,42914,36929,38524,34232,34708,30474,32601,28801,27110,21918,21478,19366,15659,11421,7440,4216,3914,6797,8404,1015,4120,2957,NA,NA,NA,NA,NA,NA,NA,NA,NA,NA,4673
BG,population,M,2002,32837,34370,35045,31799,29993,33850,33786,36829,39729,42482,44576,48782,51756,53245,53078,53999,53890,54060,54875,55096,55838,56073,58725,57856,59542,60191,60478,61031,58602,54358,55543,57405,57965,57923,50612,49740,50407,52159,52909,53077,55321,54991,53382,54461,54848,56041,56458,55200,55708,54737,53009,60114,59520,56319,54112,55761,50759,44819,45266,44434,40918,40849,39588,38431,39066,40868,39069,42795,41033,39422,35218,36784,32054,31093,29121,29300,26564,24314,20970,18709,16899,13827,11871,5956,3722,3262,5312,5501,1992,2634,1992,1471,1006,641,425,287,168,80,60,40,56
BG,population,M,2003,32956,32641,34210,34741,31710,29995,33828,33776,36815,39705,42481,44607,48800,51734,53146,52908,53744,53583,53690,54264,54466,55097,55325,58055,57284,59151,59856,60346,60838,58339,54259,55429,57310,57758,57343,50306,49480,50217,51996,52732,52905,55065,54745,53141,54172,54536,55734,56119,54892,55379,54400,52879,59596,58909,55668,53523,54956,49938,44074,44370,43597,40295,39869,38518,37482,37956,39654,37797,41209,39377,37690,33488,34753,30372,29180,27106,27098,24391,22227,18937,16641,14935,12078,10258,5108,3093,2703,4307,4259,1596,1950,1444,1086,694,435,290,182,102,44,38,53
BG,population,M,2004,32958,32792,32334,34054,34658,31645,30005,33814,33759,36797,39689,42455,44635,48794,51630,53050,52616,53529,53108,53322,53657,53844,54456,54697,57474,56846,58718,59724,59865,60731,58150,54130,55340,57050,57596,57002,49998,49304,50015,51844,52515,52697,54855,54495,52912,53861,54240,55415,55784,54547,55030,54203,52389,59211,58183,55156,52696,54352,49010,43287,43581,42690,39343,39007,37367,36414,36879,38359,36352,39607,37561,36096,31804,32721,28534,27262,25125,24855,22195,20056,17050,14664,12964,10384,8853,4277,2543,2277,3380,3302,1232,1455,1053,763,458,288,181,116,65,28,64
BG,population,M,2005,34096,32803,32486,32027,34002,34587,31559,30002,33794,33719,36783,39674,42384,44661,48759,51544,52873,52392,53190,52634,52968,53076,53285,53900,54147,57069,56379,58562,59340,59676,60633,57895,54022,55107,56829,57452,56668,49775,49110,49828,51626,52310,52474,54589,54221,52655,53531,53888,55112,55399,54157,54730,53674,52012,58639,57457,54287,52067,53473,48023,42656,42675,41672,38449,38119,36227,35487,35696,36931,35122,37904,35760,34392,30077,30770,26806,25319,23076,22854,20138,17929,15096,12863,11265,8850,7387,3501,2042,1840,2623,2524,893,1058,758,544,315,191,120,70,41,66
BG,population,M,2006,34250,33956,32500,32178,32028,33961,34499,31529,30005,33751,33699,36767,39648,42301,44673,48726,51368,52752,52056,52859,52164,52622,52545,52808,53437,53774,56614,56212,58034,59185,59522,60526,57736,53731,54929,56649,57318,56429,49534,48919,49543,51420,52091,52208,54318,53914,52357,53147,53485,54786,54949,53800,54186,53183,51442,58111,56565,53603,51131,52490,46989,41931,41643,40600,37567,37035,35010,34295,34296,35551,33576,36162,33805,32684,28247,28606,24930,23343,21042,20652,18087,15867,13014,11095,9630,7360,6047,2825,1605,1429,2001,1865,668,766,542,388,218,118,85,42,75
BG,population,M,2007,35131,34120,33661,32195,32179,31999,33905,34473,31469,30046,33742,33673,36746,39621,42151,44682,48646,51236,52520,51694,52536,51708,52291,52085,52402,53098,53340,56472,55607,57819,59053,59336,60439,57078,53494,54785,56497,57190,56146,49341,48632,49324,51196,51853,51958,53908,53608,52005,52746,53034,54462,54503,53190,53746,52590,50961,57152,55725,52656,50177,51633,45904,40952,40603,39499,36581,36043,33827,32992,33168,33992,32198,34366,31872,30748,26409,26632,23090,21416,18905,18539,15998,13996,11308,9408,8133,6041,4777,2250,1258,1086,1516,1348,477,552,385,278,153,75,61,78
BG,population,M,2008,35614,34991,33824,33350,32198,32156,31979,33893,34419,31230,30036,33718,33615,36722,39575,42012,44682,48559,51018,52301,51339,52218,51300,52005,51681,52098,52700,53218,55870,55385,57651,58886,59194,60253,56590,53348,54634,56364,57060,55956,49000,48432,49102,50964,51627,51638,53571,53233,51658,52328,52545,54133,53969,52672,53109,52025,50178,56562,54773,51717,49253,50732,44783,40137,39586,38331,35611,34966,32535,31876,31766,32501,30669,32535,29928,28912,24613,24540,21293,19365,17022,16496,13894,12110,9728,7910,6738,4920,3784,1778,949,813,1088,914,316,386,269,181,108,50,103
BG,population,M,2009,36386,35486,34699,33521,33348,32168,32134,31969,33859,34178,31203,30050,33662,33551,36692,39532,41816,44661,48434,50783,52065,51000,51924,50945,51745,51383,51743,52577,52629,55629,55220,57440,58768,58732,60109,56311,53169,54491,56188,56930,55558,48777,48212,48882,50746,51254,51347,53140,52808,51290,51824,52069,53624,53399,52079,52555,51248,49685,55640,53768,50921,48304,49600,43642,39264,38469,37216,34555,33738,31295,30581,30442,30944,29186,30702,28014,27000,22840,22462,19496,17450,15185,14820,12055,10333,8115,6597,5514,3961,2971,1385,699,628,784,642,216,254,197,138,88,117
BG,population,M,2010,36949,36257,35198,34391,33521,33321,32146,32121,31960,33742,34153,31060,30114,33599,33448,36659,39459,41662,44653,48304,50572,51862,50701,51674,50619,51561,51060,51637,52063,52427,55461,55013,57305,58391,58369,59969,56029,53008,54350,56053,56758,55277,48535,47995,48637,50395,50926,50978,52640,52371,50916,51293,51493,53187,52767,51497,51827,50630,48932,54694,52750,50113,47179,48550,42426,38239,37325,36039,33322,32795,29998,29377,29110,29475,27632,28904,26249,25197,21104,20652,17641,15714,13412,12950,10403,8885,6801,5558,4466,3143,2314,1044,521,466,546,454,142,157,117,76,123
BG,population,M,2011,34426,36800,35954,34896,34392,33496,33298,32136,32116,31903,33724,34008,30728,30182,33508,33352,36622,39407,41439,44631,48196,50383,51681,50434,51469,50384,51346,50943,51196,51868,52275,55269,54887,56804,58110,58158,59833,55823,52865,54232,55868,56581,54999,48306,47748,48215,50039,50552,50563,52044,51919,50482,50791,50933,52675,52136,50781,51182,49862,48074,53926,51736,49032,46135,47524,41188,37351,36148,34739,32369,31528,28643,28081,27814,27844,26096,27011,24339,23404,19322,18707,15824,14123,11661,11210,8819,7442,5536,4450,3508,2379,1692,745,375,323,350,291,89,96,66,86
BG,population,M,2012,34165,35482,37116,36112,34987,34457,33542,33335,32164,32141,31920,33721,34002,30718,30152,33500,33345,36616,39380,41390,44568,48135,50314,51579,50311,51356,50244,51222,50792,51024,51697,52097,55085,54687,56588,57922,57974,59648,55647,52699,54013,55622,56335,54762,48070,47520,47934,49692,50205,50166,51592,51402,49989,50216,50327,51952,51367,49996,50323,48873,47148,52825,50533,47801,44903,46210,39908,36160,34907,33499,31093,30169,27345,26653,26233,26198,24397,25093,22459,21465,17485,16812,14070,12407,10080,9567,7444,6123,4528,3567,2721,1818,1260,557,256,207,224,205,62,74,111
BG,population,M,2013,33265,34974,36586,37981,36920,36605,35417,34846,33745,32820,31112,31679,33798,32746,29811,31818,33648,33809,36598,38711,39900,43134,45997,47168,47225,47372,48877,47521,49222,48547,49449,50365,51952,52491,53226,55264,56511,55789,57784,52344,50667,52763,53862,55434,49464,46173,45944,46896,48113,49202,49559,50308,49911,49935,48791,48586,51206,50544,49491,50435,48542,49127,53935,50133,47603,44195,45925,38124,35220,33396,31584,30524,28897,26024,25593,24639,24505,22875,23211,20364,19083,15739,14848,12227,10627,8619,7937,6064,4948,3622,2753,2026,1354,911,391,177,133,155,126,36,108
BG,population,M,2014,31939,33075,34713,36306,37659,36577,36221,34994,34322,33152,32295,30502,30945,33222,32221,29179,31181,32957,33024,35802,37935,39011,42140,45015,46343,46433,46624,48181,46835,48604,48001,48840,49736,51409,51949,52652,54719,55855,55136,57335,51938,50347,52211,53211,55035,49101,45862,45615,46622,47743,48795,49217,49949,49429,49406,48252,48023,50599,49768,48912,49785,47716,48126,52723,48881,46225,42794,44385,36654,33858,32146,30130,29143,27545,24628,24158,23117,22728,21103,21270,18531,17177,14083,13090,10701,9152,7298,6546,4925,3956,2859,2144,1518,1005,678,278,127,86,107,84,95
BG,population,M,2015,32821,31755,32824,34438,35985,37317,36196,35795,34471,33730,32632,31686,29760,30376,32696,31587,28539,30500,32165,32220,35036,37065,38017,41185,44189,45541,45704,45918,47489,46211,48082,47391,48212,49184,50871,51366,52094,54058,55156,54663,56920,51600,49813,51578,52799,54685,48760,45514,45353,46272,47302,48455,48870,49413,48848,48860,47696,47389,49914,49073,48309,48889,46634,46977,51396,47499,44697,41306,42701,35201,32511,30732,28771,27763,26092,23166,22664,21427,20924,19378,19320,16648,15242,12352,11403,9157,7707,6049,5314,3946,3083,2179,1584,1084,683,465,192,82,59,66,116
BG,population,M,2016,32110,32651,31504,32552,34122,35640,36931,35766,35271,33877,33204,32020,30952,29187,29854,32065,30949,27852,29715,31361,31456,34163,36076,37057,40368,43390,44789,45008,45216,46864,45692,47482,46762,47661,48630,50299,50824,51441,53403,54705,54261,56573,51061,49172,51188,52439,54329,48397,45257,45035,45865,46994,48081,48381,48856,48338,48349,47120,46675,49261,48382,47404,47830,45525,45829,49962,46013,43156,39714,41064,33810,31057,29224,27256,26211,24607,21719,21083,19781,19169,17580,17302,14815,13360,10684,9694,7747,6379,4864,4195,3041,2319,1573,1099,727,462,313,121,46,36,107
BG,population,M,2017,31422,31938,32400,31231,32237,33778,35264,36509,35241,34677,33352,32598,31279,30385,28665,29219,31433,30265,27067,28921,30580,30577,33175,35125,36240,39573,42654,44081,44316,44611,46324,45111,46851,46222,47112,48066,49752,50164,50766,52934,54286,53911,56007,50435,48779,50808,52091,53971,48082,44956,44629,45573,46667,47570,47846,48344,47781,47713,46458,46060,48616,47463,46371,46718,44297,44463,48383,44523,41490,38197,39557,32326,29588,27793,25694,24754,23110,20200,19512,18140,17398,15790,15384,13118,11695,9203,8188,6458,5189,3911,3244,2318,1709,1136,769,495,318,199,78,21,71
BG,population,M,2018,31194,31245,31677,32125,30914,31887,33396,34842,35984,34648,34156,32742,31860,30707,29867,28028,28574,30744,29475,26281,28153,29723,29590,32221,34308,35459,38842,41944,43387,43695,44085,45736,44485,46305,45686,46563,47534,49105,49504,50324,52509,53928,53336,55352,50038,48454,50449,51753,53672,47724,44564,44306,45264,46154,47041,47346,47769,47226,47102,45868,45479,47737,46414,45302,45538,43046,43091,46712,42779,39898,36725,37912,30709,28119,26191,24142,23299,21470,18612,17884,16478,15566,14077,13516,11469,9982,7783,6687,5251,4105,3004,2424,1686,1242,786,521,311,217,120,46,54
BG,population,M,2019,30196,31027,30991,31401,31809,30567,31506,32974,34318,35389,34123,33548,32005,31286,30179,29225,27392,27886,29958,28676,25520,27296,28741,28641,31412,33522,34734,38146,41259,42750,43173,43483,45104,43941,45751,45121,46034,46892,48458,49042,49883,52163,53352,52720,54968,49706,48161,50128,51445,53306,47283,44268,43972,44806,45659,46560,46751,47176,46556,46519,45292,44704,46668,45365,44059,44252,41606,41754,45004,41149,38393,35085,36150,29104,26582,24591,22531,21693,19816,17090,16310,14788,13890,12426,11817,9843,8347,6477,5461,4172,3154,2281,1785,1221,878,532,346,187,135,76,54
BG,population,M,2020,28769,30031,30782,30716,31085,31466,30189,31085,32447,33728,34866,33513,32811,31437,30765,29540,28587,26708,27093,29160,27896,24655,26319,27788,27831,30613,32794,34040,37462,40649,42224,42584,42867,44556,43400,45183,44577,45399,46207,48014,48627,49543,51601,52735,52333,54600,49375,47804,49824,51072,52854,46938,43974,43514,44359,45197,46089,46208,46541,45944,45952,44446,43726,45500,44196,42802,42860,40134,40224,43305,39566,36771,33400,34392,27395,25028,23020,20960,20062,18265,15551,14745,13236,12244,10844,10206,8267,6856,5325,4385,3215,2399,1691,1230,843,586,353,210,106,73,77
EE,deaths,F,2000,45,4,3,2,3,5,1,4,2,0,2,0,0,2,5,3,6,3,6,3,7,4,6,4,2,8,7,7,1,8,12,5,4,11,17,13,12,17,20,20,22,31,20,26,26,41,35,50,42,51,31,53,67,62,50,55,48,71,103,93,82,111,109,90,115,122,143,149,178,158,220,224,265,285,288,309,329,338,293,270,262,244,218,213,285,363,291,301,307,259,245,177,156,128,92,76,35,36,28,18,29
EE,deaths,F,2001,46,7,1,3,4,4,3,0,2,2,0,4,1,2,2,3,4,2,4,5,7,4,5,7,5,2,8,3,4,8,9,7,13,6,13,23,14,13,16,17,14,25,23,22,31,29,45,50,41,56,55,52,62,57,79,68,61,66,69,98,93,95,100,111,95,133,109,138,173,198,191,215,213,219,272,272,315,289,298,303,298,248,271,231,240,261,295,313,289,290,249,199,166,139,115,79,58,50,15,14,28
EE,deaths,F,2002,28,1,2,2,1,2,2,2,1,2,0,2,1,2,1,0,3,2,6,6,10,5,4,8,2,5,2,7,5,4,8,8,8,13,9,8,11,13,15,11,29,24,27,38,23,38,23,56,36,45,65,45,56,50,65,68,68,56,55,54,87,92,94,116,110,141,142,113,123,146,217,206,241,227,269,283,281,303,348,315,346,307,263,291,228,231,245,320,248,268,264,217,182,172,109,85,61,40,30,30,39
EE,deaths,F,2003,35,5,4,2,1,0,2,1,1,0,1,3,2,4,5,1,5,1,7,6,4,4,1,3,11,6,8,4,6,6,2,4,4,8,7,13,8,16,12,17,25,12,28,25,32,32,28,23,37,40,47,48,57,51,58,68,67,72,70,66,65,91,122,106,116,148,112,146,148,125,175,202,218,232,254,287,308,295,335,336,356,338,316,247,285,239,234,236,287,251,250,213,209,142,118,87,62,56,35,17,35
EE,deaths,F,2004,43,4,1,1,3,2,1,0,1,0,1,0,1,3,1,2,2,0,1,6,5,6,4,7,6,2,5,5,4,4,8,6,7,6,11,7,8,7,6,9,16,23,24,19,20,28,32,29,37,44,43,41,53,53,55,69,52,63,89,64,65,55,95,113,87,111,131,130,145,143,139,187,195,242,211,252,301,305,334,342,343,367,359,278,254,281,188,190,214,269,227,232,192,136,121,111,67,56,45,18,33
EE,deaths,F,2005,35,4,2,5,3,1,1,3,2,0,0,3,1,2,0,4,3,3,6,2,7,3,9,2,5,4,1,7,3,3,4,7,11,12,6,9,7,6,21,12,12,18,18,22,27,32,24,24,35,44,54,56,50,48,46,61,60,83,64,72,48,56,63,91,96,92,104,158,133,152,142,160,176,211,218,266,264,293,301,308,343,339,354,347,304,221,294,227,188,196,230,224,199,164,137,86,85,44,40,19,34
EE,deaths,F,2006,22,3,2,1,2,2,0,0,3,1,1,0,1,0,3,5,2,2,4,4,5,3,7,7,5,7,3,10,4,4,6,4,10,9,5,10,8,7,7,13,12,13,11,20,25,20,33,25,41,21,40,55,56,50,54,58,63,78,72,82,84,77,67,80,107,108,126,118,147,151,141,155,156,193,212,253,269,306,301,314,327,362,391,357,332,289,270,255,182,151,171,225,187,145,99,111,62,55,38,26,39
EE,deaths,F,2007,37,0,4,0,2,2,0,1,0,1,0,0,1,3,4,2,1,1,3,4,8,4,8,7,5,9,6,2,6,5,5,5,6,10,10,6,10,7,12,9,7,18,12,20,18,32,27,39,32,33,46,46,45,45,50,65,62,61,74,59,82,66,57,59,76,111,119,106,164,138,157,169,194,183,210,241,254,286,305,292,346,341,407,352,378,301,305,237,209,184,161,156,148,179,111,104,60,72,38,26,39
EE,deaths,F,2008,34,4,2,0,0,0,0,0,0,1,0,0,2,1,3,5,3,2,7,1,4,7,5,7,4,6,4,5,3,7,6,3,9,3,10,6,6,8,12,6,7,9,12,15,25,17,24,18,37,31,39,41,42,59,39,41,67,53,70,72,91,78,67,67,73,78,101,115,133,132,137,155,168,175,186,236,248,263,313,320,322,364,364,356,351,350,323,291,208,219,178,142,136,155,121,105,87,53,39,19,46
EE,deaths,F,2009,23,4,2,1,0,4,2,1,0,1,0,0,0,1,0,1,2,0,1,3,3,2,2,12,10,8,7,3,2,5,4,4,5,2,5,11,8,11,14,9,18,9,14,5,16,23,25,21,23,30,33,32,27,49,44,44,47,53,57,71,61,65,67,82,78,73,86,102,93,134,150,164,176,188,173,192,247,249,307,267,334,360,364,346,342,361,368,332,254,179,182,153,113,152,113,115,82,57,37,23,48
EE,deaths,F,2010,19,5,2,1,1,4,2,1,0,0,2,0,1,0,1,3,1,1,0,2,2,2,1,2,5,7,2,8,3,3,4,7,3,4,7,6,7,9,7,9,12,9,9,6,19,16,24,23,17,19,41,30,32,28,40,44,56,46,46,46,71,75,71,87,81,85,67,96,113,129,116,161,176,181,188,192,193,255,273,327,319,338,345,356,361,344,397,311,282,291,167,191,118,115,92,98,78,59,35,33,50
EE,deaths,F,2011,18,4,0,0,1,0,1,0,1,0,1,0,1,2,3,3,2,2,3,2,3,4,5,1,1,4,3,3,4,10,4,10,5,3,4,8,14,7,7,13,10,21,7,14,18,12,17,23,26,29,30,33,39,25,36,40,39,40,51,57,61,60,64,71,81,78,68,62,89,121,122,162,158,183,180,197,189,210,248,283,269,311,363,341,352,333,353,353,319,291,211,192,137,121,95,75,57,50,48,31,44
EE,deaths,F,2012,28,1,1,3,0,1,1,0,0,1,1,0,0,1,0,1,0,1,5,1,2,4,3,5,4,4,6,5,3,7,6,7,4,5,5,7,8,9,6,6,10,13,8,15,14,22,11,17,19,29,31,25,25,29,30,31,52,49,54,59,59,63,67,89,78,81,97,65,84,85,122,121,154,187,186,183,206,195,229,259,298,349,341,335,390,369,371,338,308,281,252,214,153,128,90,66,67,52,43,29,56
EE,deaths,F,2013,15,5,4,1,1,1,0,2,2,0,2,1,2,0,1,1,0,3,3,1,3,2,0,3,1,2,5,3,7,6,6,3,6,8,5,6,8,8,10,6,11,11,12,10,7,14,12,12,20,17,30,20,32,38,44,33,45,50,53,70,62,70,63,79,76,94,85,73,62,78,115,161,143,158,162,213,208,227,220,260,280,311,339,322,349,363,389,373,361,348,301,239,188,121,114,80,55,47,47,29,63
EE,deaths,F,2014,17,1,1,1,4,1,2,0,0,0,0,1,0,0,3,3,1,1,1,3,2,2,1,9,1,2,6,4,5,4,7,10,9,5,11,5,3,9,12,11,9,11,3,11,9,10,18,13,20,18,20,31,31,30,35,41,41,38,42,64,52,64,65,74,75,88,94,97,83,89,100,101,158,153,179,206,230,203,232,249,258,287,320,357,397,360,391,364,350,303,292,268,216,178,105,108,60,45,37,26,66
EE,deaths,F,2015,17,1,0,1,3,2,0,2,0,0,3,0,0,1,2,2,2,2,2,2,2,3,1,0,1,3,7,4,5,4,10,2,4,5,5,7,8,7,4,7,8,15,12,20,6,12,14,12,20,18,14,21,33,39,30,34,33,42,55,55,57,59,68,87,77,76,82,100,87,107,87,91,109,175,178,172,189,241,269,240,265,262,287,336,369,372,415,385,347,345,304,280,220,184,126,89,80,56,36,30,63
EE,deaths,F,2016,11,2,1,1,0,2,1,2,0,0,1,2,0,0,0,3,1,2,4,6,4,4,4,3,6,3,3,6,8,3,4,9,9,6,10,10,11,11,9,9,9,4,10,12,10,10,23,8,13,21,19,27,26,22,31,48,36,42,57,46,62,66,51,65,79,82,82,89,93,115,105,82,114,118,161,184,192,203,214,257,259,281,262,346,359,401,419,392,355,355,338,280,226,198,152,115,79,56,38,36,51
EE,deaths,F,2017,12,2,1,0,2,0,1,0,0,1,1,1,4,1,0,2,1,2,0,2,3,2,1,4,2,2,0,1,5,5,3,2,7,7,5,8,1,3,6,4,7,8,8,14,9,15,11,16,14,20,21,15,25,30,34,29,39,36,42,46,59,62,70,75,79,78,89,83,115,104,105,117,112,109,105,193,173,201,254,263,306,302,295,291,369,395,372,420,416,394,333,286,272,211,176,116,87,61,36,21,70
EE,deaths,F,2018,9,1,1,0,2,0,0,1,0,0,2,1,0,2,1,4,1,2,1,0,1,0,0,1,2,3,1,2,5,4,3,5,3,7,6,6,6,11,5,9,8,5,10,12,10,9,13,10,17,19,19,27,28,23,23,30,31,39,48,42,42,73,66,59,60,96,103,105,100,131,137,140,134,113,95,136,191,223,238,255,292,341,302,288,322,330,370,377,396,407,385,308,280,250,216,132,122,77,45,30,52
EE,deaths,F,2019,6,1,1,1,0,1,3,1,0,1,0,0,0,1,2,1,2,0,2,3,1,1,3,2,3,0,1,8,2,6,6,5,6,7,7,8,3,7,9,3,11,10,11,8,13,17,17,18,15,14,17,24,24,28,27,26,34,35,30,56,41,56,58,68,65,79,78,83,101,94,134,106,141,125,122,115,133,205,258,261,297,319,302,328,311,313,379,391,381,379,324,356,283,238,186,175,131,84,50,29,45
EE,deaths,F,2020,9,0,0,2,0,0,0,1,2,0,0,1,2,0,1,1,2,2,1,2,0,3,1,3,0,1,1,2,2,0,1,2,4,3,4,4,12,6,7,10,5,5,11,12,11,14,15,15,16,18,20,32,36,20,32,21,44,50,42,52,50,55,59,66,75,96,90,85,111,101,116,126,132,137,137,118,136,152,228,227,282,306,334,342,359,355,319,391,360,387,335,367,313,257,227,182,143,96,65,36,58
EE,deaths,M,2000,65,6,6,2,4,1,5,3,3,5,5,5,0,3,6,4,2,13,12,17,25,22,26,19,22,21,24,22,28,24,30,31,23,32,31,46,27,43,46,62,77,76,80,99,103,90,111,126,123,123,126,131,128,160,112,121,110,137,164,204,206,249,226,216,244,201,212,231,284,274,276,284,281,257,250,203,186,169,180,143,130,157,105,90,107,118,129,100,98,76,57,47,33,41,18,17,13,11,3,2,6
EE,deaths,M,2001,65,7,3,2,0,5,4,3,0,3,6,6,5,3,3,5,11,10,19,17,20,28,23,26,23,19,26,22,26,25,31,37,30,32,27,37,49,51,62,62,70,91,72,82,98,132,121,136,99,140,153,131,155,124,154,140,151,136,154,190,206,219,238,225,251,241,241,218,257,260,282,257,278,275,262,202,209,213,179,170,157,126,138,100,87,92,103,109,86,85,74,68,43,27,26,14,13,12,3,2,2
EE,deaths,M,2002,46,7,7,1,3,4,3,4,0,4,1,3,3,3,3,8,12,9,18,31,25,29,41,20,28,31,28,31,27,22,30,35,30,41,43,34,42,46,56,57,66,62,83,79,87,92,123,126,110,124,140,132,141,159,144,144,135,126,138,136,205,201,218,241,252,229,254,249,251,237,246,282,276,278,294,234,197,194,185,184,177,149,113,126,100,90,91,93,88,74,79,53,33,27,23,28,12,9,5,4,3
EE,deaths,M,2003,56,5,4,5,0,3,0,1,2,1,3,4,1,5,4,7,9,7,12,19,19,19,24,16,23,25,27,24,16,28,24,25,35,35,24,31,32,45,50,40,67,61,74,85,93,88,95,88,104,109,126,145,126,136,159,170,155,134,117,134,156,229,208,202,238,267,273,217,215,212,256,260,284,278,294,287,264,204,177,194,156,165,156,110,119,88,72,97,89,81,84,72,48,36,37,19,11,14,7,2,6
EE,deaths,M,2004,47,4,3,0,1,3,2,1,1,0,2,2,2,2,2,8,5,15,17,23,17,19,26,21,23,16,35,24,26,27,34,35,29,33,30,34,37,28,46,50,49,53,73,66,89,94,91,111,112,114,113,122,133,165,148,168,131,154,127,120,141,165,224,240,241,248,243,230,270,226,235,247,263,258,280,251,243,234,207,183,180,169,144,129,101,113,83,65,72,82,80,58,45,33,23,23,17,9,4,3,8
EE,deaths,M,2005,43,6,3,0,1,0,3,4,2,2,1,0,4,1,1,3,7,13,15,9,19,13,26,19,23,26,16,35,27,23,21,24,21,29,22,31,27,42,34,38,34,49,64,80,74,67,79,97,92,115,122,132,133,127,143,121,173,167,164,131,125,136,148,216,248,252,231,221,228,244,222,225,241,273,264,284,269,250,234,206,154,174,167,124,115,108,93,88,62,65,79,65,42,47,26,23,17,8,4,5,11
EE,deaths,M,2006,44,3,2,4,2,1,1,1,1,3,0,1,5,1,2,4,10,13,14,17,19,19,16,25,26,31,19,21,18,33,29,12,33,30,33,28,32,30,31,34,41,45,69,52,65,66,94,91,104,74,112,109,144,127,168,153,146,172,141,183,174,153,141,159,212,204,224,254,246,245,246,202,224,251,266,236,286,262,249,236,209,178,165,135,135,113,89,83,71,51,63,74,58,29,23,31,18,13,8,3,6
EE,deaths,M,2007,42,4,2,3,3,3,0,2,1,1,1,3,3,2,0,3,9,4,15,11,24,15,29,26,35,29,32,28,37,31,25,16,33,24,26,36,33,36,30,37,33,35,61,52,78,79,83,91,91,109,104,117,132,131,143,180,158,163,160,174,166,164,143,162,166,262,214,239,250,274,221,242,243,240,238,283,254,262,236,260,251,172,155,155,140,117,106,75,93,49,39,44,49,41,34,15,9,17,6,3,4
EE,deaths,M,2008,46,4,3,1,2,0,1,2,5,0,3,0,1,1,5,2,1,11,15,11,19,21,17,26,19,20,25,17,20,28,23,30,27,24,23,22,32,29,24,33,38,33,44,35,55,57,66,77,82,89,83,110,112,144,105,130,161,143,162,161,178,185,142,136,154,152,221,204,233,244,263,215,237,239,232,227,244,261,263,232,237,208,178,163,157,112,113,73,76,61,56,30,51,41,35,17,22,9,8,3,5
EE,deaths,M,2009,34,5,0,0,1,0,0,2,0,0,0,1,0,3,2,2,0,2,7,11,15,11,12,16,22,21,30,27,33,27,32,30,30,21,27,21,26,29,26,28,33,34,31,33,38,53,61,71,68,70,99,93,113,114,112,125,116,162,146,165,184,144,141,145,144,147,166,207,194,209,253,219,231,228,220,199,216,260,226,252,227,221,198,150,160,140,120,109,84,58,52,35,41,28,35,13,17,17,5,3,2
EE,deaths,M,2010,34,6,5,2,1,1,2,0,2,2,1,0,1,1,2,2,4,5,11,7,15,13,9,11,14,24,17,22,14,25,17,29,27,22,23,24,14,34,30,31,28,21,28,35,40,36,59,55,65,74,74,89,87,84,103,105,112,128,142,140,154,162,156,179,128,136,145,136,183,192,213,222,251,260,233,215,218,218,249,235,242,222,213,217,154,124,128,115,95,83,59,43,32,27,25,25,16,14,5,4,15
EE,deaths,M,2011,18,3,1,1,1,0,3,1,1,0,2,3,3,3,1,1,0,2,6,9,16,13,10,12,14,18,19,25,30,22,29,34,28,24,21,19,20,26,25,20,31,28,37,47,49,54,53,56,56,66,72,94,83,86,88,97,127,116,116,160,149,140,173,158,152,148,157,130,172,202,197,195,205,235,216,221,190,193,200,193,231,194,240,193,174,135,128,107,90,83,60,51,38,26,7,17,22,15,11,5,11
EE,deaths,M,2012,22,3,3,2,3,1,1,1,1,0,1,2,1,0,0,1,0,5,5,7,11,5,16,13,18,19,25,26,24,23,23,28,29,24,24,24,29,20,26,37,32,37,48,39,46,32,52,49,57,62,77,84,76,90,107,100,98,119,110,134,146,148,181,189,155,168,157,146,146,164,206,183,216,255,222,253,201,180,205,210,220,220,215,195,199,161,128,120,101,68,65,54,45,35,20,12,17,14,7,10,10
EE,deaths,M,2013,13,3,3,0,0,1,0,3,1,2,0,1,1,1,0,1,4,4,3,4,6,10,12,11,12,12,8,6,14,18,27,19,19,27,18,20,15,20,21,37,22,33,29,30,40,33,42,41,40,53,51,73,68,76,92,103,94,111,105,113,145,156,170,153,188,168,188,156,135,133,149,222,202,214,225,219,219,236,202,181,235,208,194,198,188,172,141,121,111,86,73,64,42,37,22,13,11,8,9,5,7
EE,deaths,M,2014,19,5,0,1,3,2,2,1,1,2,1,1,0,1,3,1,1,5,7,6,7,14,12,11,12,14,10,16,18,19,22,21,20,19,21,23,21,21,29,20,25,31,23,31,35,48,36,56,50,57,62,66,69,93,81,95,95,122,129,140,136,143,160,183,175,183,153,182,163,149,132,137,246,232,212,240,217,208,208,172,200,204,237,180,175,177,168,165,135,91,83,66,65,35,18,26,6,8,4,12,9
EE,deaths,M,2015,18,1,2,3,2,3,0,1,0,0,2,0,0,2,1,3,5,4,4,5,6,3,5,10,3,12,9,11,17,13,22,31,21,21,24,26,20,24,21,22,18,35,25,27,46,39,40,34,45,56,52,58,53,76,101,96,93,94,128,136,124,125,138,171,160,195,162,172,181,147,150,170,147,215,230,209,233,233,213,211,203,201,168,188,209,166,144,130,146,113,92,75,42,42,23,16,10,13,10,4,7
EE,deaths,M,2016,22,1,1,0,1,2,2,0,1,1,0,2,1,1,1,3,3,3,3,2,11,4,8,6,11,6,11,8,19,18,13,21,17,17,24,20,16,23,25,28,25,32,24,26,41,33,54,36,44,48,44,67,63,76,93,110,115,118,108,98,145,164,131,162,149,156,189,204,188,170,173,149,136,165,207,213,223,252,215,211,224,194,171,198,186,182,178,158,150,110,88,68,68,52,36,20,10,16,7,3,3
EE,deaths,M,2017,20,1,3,1,0,1,0,2,1,0,1,1,1,1,0,3,2,4,2,4,6,3,6,5,7,9,14,12,13,13,18,13,24,15,14,19,20,21,23,22,25,32,22,39,34,28,49,48,29,42,42,59,56,78,70,88,82,105,109,112,128,136,155,157,170,169,162,190,188,206,202,164,136,169,176,207,222,214,241,216,228,206,195,174,192,192,198,172,127,135,104,84,70,55,46,19,17,7,11,3,8
EE,deaths,M,2018,14,5,3,0,2,0,1,1,2,0,1,0,0,1,2,2,1,4,4,8,4,2,2,3,7,9,11,7,6,10,10,10,15,16,19,16,17,17,20,25,22,23,35,29,25,47,52,38,45,41,38,54,56,82,74,99,91,104,129,141,124,157,150,158,154,167,161,175,200,201,197,205,178,173,139,173,206,213,234,216,218,218,196,183,160,213,166,176,143,163,110,88,70,66,47,32,28,18,11,7,5
EE,deaths,M,2019,16,2,0,3,1,2,1,2,0,1,2,0,1,1,0,1,4,0,3,6,3,5,3,5,3,10,6,8,12,10,10,16,12,9,14,18,13,18,17,10,22,22,31,36,21,38,38,40,45,48,54,46,71,68,75,88,91,99,91,129,120,132,121,148,171,184,189,203,191,179,211,189,180,183,165,171,172,228,204,204,194,211,224,193,185,151,168,181,164,116,119,107,71,66,43,32,26,14,7,3,7
EE,deaths,M,2020,10,3,1,2,0,2,0,1,1,0,2,0,0,2,0,4,2,0,4,1,2,5,4,6,4,5,8,5,6,7,15,10,16,16,17,16,24,15,17,28,24,16,37,32,35,36,37,39,54,40,57,56,62,70,85,76,88,98,103,137,127,144,150,170,161,184,189,177,195,202,195,203,201,191,167,150,170,169,234,203,212,230,208,215,193,173,158,135,157,171,124,110,88,67,63,40,30,18,8,8,4
EE,population,F,2000,5980,5830,5970,6350,6440,6740,7000,8200,8480,9500,10180,10410,10210,9800,9850,10180,10150,9830,9650,9610,9500,9520,9580,9680,9480,9710,9470,9810,10050,9980,9770,9390,9060,9070,9370,9690,9680,10270,10750,10770,10670,10450,10440,10460,10820,10570,10000,10340,10400,9970,10670,10040,9770,9200,7380,7360,7100,8700,10530,9390,10100,10030,10430,9310,8800,8130,8140,9150,8900,8820,8580,8640,7950,7860,7330,6970,6630,5860,5190,3860,3410,3330,2380,2370,2590,2690,2300,2050,1700,1450,1110,850,620,460,350,220,150,90,60,40,50
EE,population,F,2001,6270,5970,5820,5950,6330,6410,6720,6980,8180,8460,9460,10150,10370,10180,9780,9810,10140,10100,9790,9610,9570,9470,9470,9550,9640,9440,9680,9440,9780,9980,9940,9730,9350,9020,9040,9330,9650,9640,10220,10690,10740,10600,10400,10390,10420,10740,10490,9930,10280,10350,9910,10620,9970,9700,9120,7330,7300,7030,8610,10400,9300,9990,9920,10290,9210,8680,7970,7990,8960,8730,8610,8340,8390,7670,7580,7010,6670,6260,5550,4910,3600,3120,3090,2180,2140,2240,2340,2010,1740,1420,1190,900,680,470,360,270,160,120,60,30,60
EE,population,F,2002,6170,6260,5960,5800,5930,6320,6390,6710,6970,8150,8430,9430,10120,10360,10150,9750,9770,10080,10060,9750,9590,9530,9420,9430,9510,9590,9390,9650,9410,9750,9920,9910,9690,9310,8990,8980,9290,9610,9580,10160,10660,10660,10560,10350,10340,10360,10690,10420,9870,10220,10280,9840,10540,9910,9610,9020,7260,7240,6960,8530,10290,9200,9870,9820,10170,9090,8550,7850,7820,8760,8540,8380,8120,8160,7420,7290,6720,6340,5950,5250,4580,3310,2870,2820,1930,1900,1960,2050,1720,1440,1150,960,710,530,350,260,190,110,90,40,60
EE,population,F,2003,6480,6150,6240,5960,5790,5920,6300,6380,6690,6970,8140,8420,9400,10090,10300,10120,9720,9750,10060,10000,9730,9530,9480,9380,9380,9470,9550,9360,9640,9380,9700,9920,9870,9650,9280,8960,8940,9250,9570,9540,10110,10590,10600,10500,10290,10290,10310,10630,10360,9810,10140,10210,9790,10460,9840,9550,8950,7200,7180,6900,8460,10180,9090,9760,9700,10030,8930,8420,7720,7690,8580,8310,8130,7880,7900,7100,7010,6420,5990,5640,4880,4250,3040,2620,2510,1720,1650,1690,1720,1480,1180,910,760,530,390,260,180,150,70,50,50
EE,population,F,2004,6470,6460,6140,6240,5950,5780,5910,6280,6360,6670,6930,8110,8390,9370,10060,10260,10080,9680,9700,10010,9980,9670,9490,9450,9330,9330,9400,9510,9310,9570,9340,9660,9860,9820,9590,9230,8900,8900,9200,9520,9470,10050,10530,10560,10430,10230,10230,10250,10540,10300,9750,10060,10160,9720,10410,9760,9460,8870,7120,7110,6840,8360,10070,8970,9640,9550,9890,8790,8270,7570,7530,8390,8090,7910,7630,7640,6820,6690,6060,5650,5290,4530,3910,2760,2360,2230,1510,1410,1450,1410,1230,950,690,590,390,300,170,140,90,50,60
EE,population,F,2005,6820,6450,6430,6110,6200,5930,5760,5890,6260,6370,6640,6910,8090,8360,9350,10020,10220,10050,9650,9660,9960,9880,9610,9430,9400,9290,9280,9340,9450,9250,9510,9280,9620,9800,9770,9550,9170,8860,8840,9160,9470,9410,9990,10500,10490,10380,10170,10170,10180,10500,10230,9690,10000,10100,9650,10350,9680,9390,8800,7040,7040,6780,8300,9940,8880,9530,9440,9750,8650,8130,7430,7370,8180,7890,7660,7410,7330,6550,6360,5720,5300,4930,4170,3580,2510,2080,1960,1320,1220,1200,1150,1010,730,540,460,290,200,110,90,60,80
EE,population,F,2006,6870,6810,6420,6400,6080,6170,5900,5740,5850,6240,6320,6610,6900,8060,8330,9300,9970,10180,9990,9590,9590,9860,9800,9520,9350,9310,9190,9170,9250,9370,9180,9440,9200,9560,9700,9700,9480,9110,8790,8780,9100,9420,9350,9910,10390,10430,10290,10100,10100,10100,10400,10150,9610,9930,10020,9590,10230,9620,9310,8730,6990,6990,6710,8220,9830,8790,9450,9320,9570,8520,8010,7280,7200,7980,7660,7400,7150,7040,6280,6030,5410,4950,4580,3830,3230,2270,1840,1690,1130,1040,1000,920,790,540,390,340,200,140,70,50,80
EE,population,F,2007,7120,6870,6770,6400,6360,6030,6150,5870,5690,5820,6210,6280,6580,6870,8030,8290,9260,9930,10130,9930,9540,9550,9810,9730,9450,9250,9220,9100,9080,9160,9310,9090,9340,9120,9490,9630,9620,9400,9040,8720,8710,9030,9360,9280,9820,10310,10350,10220,10020,10040,10020,10340,10060,9530,9860,9940,9520,10160,9530,9220,8630,6900,6910,6640,8140,9730,8680,9300,9160,9420,8390,7840,7130,7050,7750,7450,7130,6870,6740,5990,5700,5040,4590,4210,3460,2920,2000,1580,1440,970,880,800,700,620,430,290,250,150,90,50,80
EE,population,F,2008,7650,7110,6840,6760,6390,6330,6010,6120,5860,5670,5800,6180,6260,6550,6850,8000,8260,9230,9900,10110,9930,9520,9510,9800,9690,9370,9210,9160,9030,9030,9100,9260,9060,9280,9080,9440,9580,9580,9350,8990,8680,8660,8980,9300,9230,9740,10250,10270,10140,9950,9990,9960,10260,9990,9470,9790,9860,9450,10080,9460,9180,8570,6840,6860,6590,8050,9610,8560,9180,9010,9280,8220,7680,6940,6840,7520,7200,6860,6590,6430,5690,5360,4690,4200,3840,3110,2610,1740,1370,1240,830,710,660,540,470,330,200,180,90,60,100
EE,population,F,2009,7740,7680,7110,6820,6740,6390,6300,5990,6100,5830,5650,5750,6160,6240,6530,6830,7980,8250,9210,9890,10080,9900,9510,9480,9740,9610,9320,9140,9100,8960,8960,9040,9220,9030,9240,9040,9390,9550,9530,9320,8970,8640,8620,8930,9240,9190,9690,10200,10220,10070,9900,9920,9900,10200,9930,9440,9730,9800,9390,10000,9400,9080,8500,6770,6790,6510,7970,9480,8440,9070,8880,9130,8050,7510,6760,6670,7260,6950,6600,6250,6120,5350,4980,4320,3830,3490,2790,2290,1500,1160,1030,680,560,520,400,350,230,150,110,60,100
EE,population,F,2010,7760,7760,7650,7100,6800,6710,6350,6250,5960,6070,5800,5630,5750,6150,6210,6510,6820,7970,8230,9210,9880,10060,9890,9500,9450,9680,9520,9260,9090,9030,8900,8890,8990,9150,8990,9190,8980,9350,9500,9480,9280,8890,8590,8580,8880,9190,9150,9640,10150,10180,10000,9830,9870,9840,10120,9900,9370,9680,9740,9330,9930,9320,9020,8430,6690,6720,6430,7890,9380,8330,8930,8730,8950,7880,7330,6580,6460,7030,6670,6310,5940,5820,5010,4580,3980,3500,3120,2430,2000,1270,980,860,540,440,370,300,240,160,100,80,80
EE,population,F,2011,7700,7770,7740,7620,7080,6780,6670,6310,6230,5930,6030,5780,5590,5720,6140,6200,6500,6810,7950,8200,9180,9830,10020,9860,9440,9350,9580,9420,9180,9020,8960,8830,8820,8920,9080,8940,9130,8930,9310,9450,9420,9220,8840,8550,8540,8810,9130,9090,9560,10090,10110,9940,9760,9810,9800,10050,9820,9320,9620,9690,9270,9870,9260,8940,8310,6600,6640,6340,7790,9260,8230,8790,8560,8770,7680,7130,6380,6230,6750,6380,5940,5660,5460,4690,4220,3620,3120,2750,2130,1690,1070,820,690,450,340,290,200,180,120,70,100
EE,population,F,2012,7139,7711,7743,7743,7611,7050,6761,6650,6274,6207,5895,6003,5748,5558,5692,6094,6185,6465,6784,7914,8160,9120,9747,9923,9768,9330,9274,9486,9331,9104,8932,8895,8747,8742,8882,9018,8875,9073,8883,9250,9395,9384,9170,8775,8523,8482,8764,9068,9044,9527,10012,10042,9875,9710,9775,9735,10006,9785,9264,9560,9636,9211,9828,9186,8848,8216,6546,6578,6263,7661,9150,8098,8620,8388,8583,7460,6951,6190,6012,6464,6101,5663,5324,5092,4359,3861,3273,2804,2424,1817,1439,869,652,561,342,257,220,156,120,80,113
EE,population,F,2013,6829,7142,7672,7706,7697,7557,7010,6719,6626,6240,6179,5863,5970,5719,5527,5679,6070,6166,6457,6757,7868,8123,9063,9680,9839,9705,9256,9225,9439,9277,9057,8885,8847,8704,8703,8844,8969,8844,9033,8846,9192,9342,9335,9117,8718,8464,8441,8715,9020,8999,9464,9974,9978,9827,9654,9721,9672,9911,9712,9195,9502,9576,9146,9747,9094,8761,8127,6459,6501,6179,7557,9015,7978,8436,8204,8393,7256,6743,5980,5798,6157,5769,5339,4989,4711,3986,3494,2938,2471,2115,1557,1198,694,526,430,273,189,165,106,74,131
EE,population,F,2014,6659,6831,7106,7636,7665,7647,7504,6968,6684,6589,6203,6152,5840,5938,5690,5509,5657,6068,6171,6447,6749,7858,8092,9009,9598,9776,9687,9213,9159,9365,9240,9012,8855,8802,8671,8681,8795,8949,8820,8983,8815,9144,9282,9285,9058,8671,8426,8394,8674,8972,8954,9413,9929,9923,9763,9596,9664,9600,9844,9636,9128,9429,9519,9074,9671,9016,8668,8040,6400,6413,6094,7424,8846,7837,8276,8010,8191,7046,6506,5745,5540,5859,5427,5019,4650,4348,3621,3094,2577,2112,1797,1275,979,548,414,326,205,148,108,71,128
EE,population,F,2015,6668,6677,6833,7089,7619,7638,7635,7477,6952,6663,6577,6191,6144,5827,5920,5688,5508,5656,6072,6159,6434,6735,7821,8057,8966,9584,9761,9649,9187,9150,9358,9209,9016,8838,8785,8650,8666,8777,8940,8805,8972,8785,9116,9258,9255,9029,8648,8391,8360,8647,8932,8906,9359,9880,9879,9721,9559,9613,9560,9790,9583,9072,9366,9464,9000,9589,8937,8556,7959,6317,6318,6004,7306,8689,7653,8095,7793,7965,6825,6266,5504,5273,5540,5089,4645,4283,3974,3232,2720,2258,1816,1514,1038,760,437,303,247,146,110,74,121
EE,population,F,2016,6799,6767,6826,6886,7127,7628,7616,7632,7437,6956,6633,6543,6191,6119,5824,5904,5730,5563,5727,6138,6293,6659,7006,8087,8229,9072,9670,9777,9642,9210,9182,9407,9217,9021,8831,8821,8667,8656,8804,8940,8823,8982,8771,9065,9233,9244,8984,8601,8329,8341,8555,8837,8844,9256,9751,9780,9627,9448,9509,9436,9687,9496,9047,9343,9474,8999,9559,8881,8497,7900,6241,6255,5917,7194,8510,7462,7934,7603,7712,6596,6003,5257,4974,5248,4716,4270,3918,3553,2870,2343,1931,1516,1234,843,583,332,228,173,102,71,111
EE,population,F,2017,6700,6870,6793,6848,6898,7121,7629,7624,7627,7429,6945,6627,6543,6185,6110,5824,5921,5751,5570,5750,6220,6406,6747,6964,8039,8164,8993,9580,9705,9605,9217,9180,9404,9216,9028,8816,8830,8661,8668,8780,8943,8801,8965,8762,9067,9213,9225,8977,8586,8307,8308,8516,8804,8793,9201,9685,9726,9588,9387,9441,9426,9646,9470,9037,9307,9399,8927,9497,8801,8387,7787,6150,6152,5808,7065,8330,7285,7730,7407,7453,6373,5724,4992,4679,4902,4340,3837,3511,3161,2539,1987,1613,1261,1017,670,447,238,160,119,69,111
EE,population,F,2018,6612,6773,6882,6813,6853,6908,7122,7630,7627,7631,7420,6931,6620,6540,6180,6115,5830,5944,5772,5604,5832,6393,6474,6778,6987,8073,8155,8995,9589,9737,9629,9248,9219,9405,9243,9039,8826,8834,8683,8663,8786,8947,8796,8961,8758,9059,9208,9216,8990,8580,8308,8298,8512,8779,8781,9178,9677,9682,9586,9385,9416,9430,9613,9470,9034,9249,9349,8845,9399,8701,8268,7679,6050,6049,5700,6926,8151,7097,7512,7151,7176,6045,5460,4690,4372,4509,3965,3438,3110,2739,2184,1665,1339,1029,802,529,343,169,111,88,101
EE,population,F,2019,7039,6655,6785,6914,6836,6860,6940,7141,7645,7635,7630,7436,6928,6627,6533,6176,6125,5840,5942,5800,5714,6023,6525,6523,6858,7006,8062,8162,9066,9629,9796,9666,9261,9268,9446,9287,9082,8860,8862,8725,8679,8789,8964,8809,8977,8773,9063,9240,9210,9006,8582,8326,8291,8539,8779,8778,9199,9673,9649,9587,9400,9391,9396,9607,9503,8997,9169,9259,8768,9310,8582,8133,7522,5955,5945,5581,6763,7930,6897,7256,6891,6845,5734,5152,4405,4053,4164,3573,3098,2686,2340,1833,1382,1065,812,616,392,249,118,75,117
EE,population,F,2020,6911,7110,6666,6828,6943,6859,6888,6967,7151,7647,7638,7640,7441,6934,6630,6540,6192,6141,5851,5977,5877,5865,6078,6441,6433,6750,6932,8027,8160,9089,9652,9877,9731,9318,9323,9485,9331,9133,8900,8909,8757,8703,8817,8984,8819,8996,8762,9067,9250,9232,8988,8574,8302,8307,8522,8787,8779,9179,9670,9626,9585,9397,9370,9376,9617,9483,8945,9100,9189,8676,9197,8465,8014,7378,5839,5819,5472,6600,7673,6662,6973,6572,6521,5443,4812,4119,3691,3761,3216,2672,2345,2010,1510,1140,833,647,452,284,185,82,132
EE,population,M,2000,6290,6210,6410,6690,6740,6940,7620,8740,9050,10260,11000,11110,11150,10650,10540,10670,10820,10370,10500,10220,10100,9950,10280,10110,10080,9950,10050,10230,10410,10050,9860,9560,8900,9080,9150,9700,9630,10160,10250,10370,10280,10010,9840,9690,9940,9580,9180,9300,9130,8800,9200,8580,8320,7510,6150,5990,5940,7050,8170,7300,7600,7490,7360,6660,6230,5450,5520,5820,5640,5530,4950,4810,4600,3660,2960,2690,2540,2100,1860,1350,1220,1230,730,750,830,810,640,590,450,330,270,180,140,100,60,50,30,20,10,0,10
EE,population,M,2001,6820,6270,6190,6400,6690,6710,6920,7590,8710,9010,10210,10950,11060,11120,10590,10480,10610,10760,10300,10440,10150,10030,9900,10210,10060,10020,9890,10000,10180,10370,9990,9820,9490,8840,9010,9080,9630,9560,10090,10150,10240,10170,9910,9720,9550,9830,9450,9050,9160,8990,8670,9070,8450,8160,7370,6030,5860,5830,6880,7950,7110,7350,7230,7130,6430,6020,5230,5300,5530,5360,5260,4720,4520,4300,3400,2740,2490,2330,1930,1690,1240,1080,1080,640,640,700,700,530,470,370,260,220,130,100,70,50,40,20,10,10,0
EE,population,M,2002,6570,6800,6250,6180,6380,6660,6690,6890,7560,8700,8980,10160,10900,11020,11030,10530,10420,10550,10690,10230,10380,10090,9960,9840,10160,10020,9960,9820,9950,10110,10290,9920,9740,9420,8780,8950,9010,9540,9470,9970,10050,10110,10050,9810,9600,9420,9670,9290,8930,9000,8840,8520,8920,8300,8010,7210,5870,5730,5670,6700,7780,6900,7080,6990,6890,6180,5750,4970,5070,5270,5080,4980,4450,4220,4010,3160,2530,2260,2120,1760,1510,1100,950,940,560,540,630,590,450,370,290,200,160,100,70,50,30,20,10,10,0
EE,population,M,2003,6680,6550,6780,6230,6160,6370,6650,6670,6870,7540,8660,8940,10130,10860,11000,10980,10480,10370,10490,10610,10150,10290,10010,9890,9780,10120,9950,9900,9760,9890,10060,10200,9860,9660,9360,8710,8880,8930,9460,9390,9890,9950,10000,9950,9700,9470,9300,9540,9170,8770,8840,8700,8390,8740,8130,7890,7060,5740,5590,5520,6530,7540,6700,6850,6730,6630,5930,5480,4740,4810,5000,4790,4690,4180,3920,3720,2930,2340,2060,1930,1590,1340,970,830,800,480,450,540,500,360,300,220,160,130,80,50,30,20,10,10,10
EE,population,M,2004,6660,6660,6530,6770,6220,6150,6350,6630,6640,6830,7500,8620,8910,10090,10800,10930,10930,10420,10290,10420,10550,10080,10220,9950,9830,9720,10050,9880,9840,9700,9830,9990,10140,9770,9600,9290,8650,8800,8850,9370,9300,9800,9860,9880,9820,9600,9350,9170,9410,9040,8640,8710,8550,8250,8570,7970,7690,6910,5600,5470,5380,6340,7320,6480,6620,6450,6340,5690,5260,4520,4570,4720,4540,4370,3900,3630,3430,2670,2150,1880,1720,1410,1160,850,700,690,410,370,430,410,270,210,170,120,90,50,40,20,10,10,0
EE,population,M,2005,7170,6630,6630,6510,6750,6200,6130,6330,6610,6610,6810,7480,8590,8860,10070,10780,10870,10870,10350,10210,10340,10470,9980,10130,9870,9760,9650,9980,9790,9770,9620,9760,9910,10060,9710,9520,9210,8580,8730,8760,9270,9220,9690,9740,9780,9680,9440,9220,9030,9290,8910,8520,8570,8390,8090,8400,7840,7540,6750,5500,5350,5220,6140,7070,6250,6400,6220,6090,5450,5000,4300,4320,4490,4270,4090,3650,3360,3190,2430,1960,1720,1540,1250,1020,740,600,590,350,310,350,320,210,160,130,90,70,30,20,10,10,10
EE,population,M,2006,7450,7150,6600,6600,6480,6720,6180,6110,6300,6570,6590,6770,7450,8550,8850,10030,10720,10810,10800,10270,10140,10250,10360,9880,10020,9770,9660,9550,9880,9700,9690,9530,9680,9830,10000,9650,9450,9130,8490,8630,8670,9170,9130,9560,9640,9650,9570,9310,9090,8900,9130,8750,8390,8430,8250,7930,8280,7650,7370,6600,5380,5240,5070,5970,6810,6020,6110,6010,5850,5220,4770,4070,4090,4200,4000,3830,3380,3100,2910,2230,1810,1550,1370,1110,890,630,490,480,280,230,280,250,170,110,90,70,50,20,10,10,10
EE,population,M,2007,7740,7440,7110,6560,6560,6450,6710,6150,6080,6260,6540,6570,6720,7400,8510,8780,9970,10660,10750,10720,10160,10040,10170,10270,9790,9940,9670,9580,9460,9780,9610,9630,9440,9590,9710,9900,9540,9380,9030,8400,8550,8550,9060,9010,9470,9500,9510,9430,9180,8990,8770,8990,8630,8250,8280,8100,7770,8080,7490,7210,6440,5210,5080,4920,5790,6630,5810,5890,5760,5590,4990,4540,3860,3860,3920,3760,3560,3090,2850,2640,2000,1620,1380,1210,1010,760,540,420,390,220,180,200,190,120,80,60,50,30,10,10,0
EE,population,M,2008,8040,7740,7420,7100,6550,6540,6430,6650,6150,6060,6240,6510,6540,6690,7380,8470,8740,9940,10620,10710,10690,10130,9990,10100,10200,9700,9830,9610,9520,9390,9750,9560,9560,9410,9540,9660,9850,9470,9300,8980,8350,8480,8470,8980,8930,9350,9390,9390,9320,9040,8840,8650,8850,8500,8100,8120,7920,7620,7920,7340,7030,6290,5070,4940,4730,5610,6340,5590,5660,5500,5330,4740,4300,3640,3620,3650,3500,3300,2850,2620,2390,1790,1470,1240,1050,840,650,450,350,310,180,150,160,150,80,60,40,30,10,10,10
EE,population,M,2009,8220,8060,7720,7400,7080,6530,6500,6400,6680,6130,6040,6210,6490,6520,6670,7360,8460,8710,9920,10570,10660,10630,10130,9960,10070,10200,9630,9770,9560,9480,9360,9690,9520,9540,9360,9500,9620,9790,9450,9270,8920,8310,8430,8420,8910,8870,9260,9310,9310,9220,8950,8770,8520,8740,8390,7970,7980,7770,7480,7780,7180,6860,6130,4940,4780,4590,5440,6180,5360,5430,5240,5090,4510,4060,3420,3400,3430,3240,3010,2590,2420,2130,1610,1300,1080,920,720,560,380,280,240,140,110,110,110,50,40,30,20,10,10
EE,population,M,2010,8020,8240,8030,7700,7380,7050,6510,6470,6380,6630,6110,6010,6190,6470,6490,6660,7340,8430,8690,9890,10570,10660,10620,10120,9960,10040,10170,9570,9740,9520,9430,9320,9630,9480,9510,9310,9460,9600,9750,9420,9230,8880,8260,8390,8380,8870,8810,9190,9250,9240,9140,8830,8670,8390,8610,8270,7860,7840,7640,7300,7620,7030,6700,6000,4800,4660,4450,5260,5920,5180,5220,5010,4860,4300,3810,3220,3190,3200,3000,2780,2360,2160,1920,1430,1150,920,790,600,460,310,220,190,100,80,80,80,40,30,10,20,20
EE,population,M,2011,8230,8030,8220,8010,7660,7360,7010,6470,6430,6340,6590,6070,5990,6160,6430,6480,6650,7330,8420,8640,9850,10530,10630,10570,10090,9880,9930,10090,9490,9650,9430,9360,9250,9570,9400,9410,9250,9390,9540,9690,9380,9200,8830,8200,8350,8310,8800,8720,9100,9170,9170,9030,8720,8560,8290,8500,8160,7730,7710,7500,7180,7450,6870,6530,5840,4680,4510,4340,5070,5740,4970,5010,4770,4590,4050,3600,3010,2970,2960,2760,2560,2120,1950,1700,1250,1010,810,670,500,370,240,180,160,60,60,60,60,30,20,10,30
EE,population,M,2012,7589,8234,8022,8197,7977,7629,7336,6975,6442,6405,6325,6558,6036,5951,6147,6406,6460,6644,7308,8374,8609,9793,10478,10575,10496,10007,9806,9863,9967,9435,9546,9337,9283,9196,9486,9352,9367,9209,9312,9499,9646,9306,9131,8765,8128,8279,8215,8714,8666,9026,9079,9071,8929,8622,8445,8215,8397,8046,7608,7553,7366,7007,7288,6720,6373,5700,4526,4365,4179,4908,5529,4770,4802,4552,4368,3828,3385,2809,2782,2768,2548,2310,1915,1718,1510,1118,885,692,572,422,292,191,128,124,50,44,41,38,15,9,19
EE,population,M,2013,7192,7583,8192,7963,8153,7936,7577,7293,6935,6420,6383,6298,6515,6006,5917,6124,6397,6436,6646,7289,8338,8575,9762,10435,10520,10447,9931,9750,9789,9923,9362,9487,9275,9236,9125,9413,9290,9305,9151,9250,9416,9587,9243,9032,8694,8070,8223,8166,8647,8587,8940,8978,8975,8839,8511,8329,8102,8279,7941,7480,7415,7237,6839,7114,6550,6203,5531,4378,4205,4035,4743,5311,4568,4563,4313,4122,3615,3198,2619,2569,2542,2329,2076,1745,1507,1311,974,786,578,484,355,229,140,93,93,36,30,27,26,8,12
EE,population,M,2014,6922,7230,7551,8151,7922,8105,7885,7529,7261,6900,6373,6348,6273,6480,5986,5899,6100,6379,6438,6643,7297,8325,8574,9741,10408,10485,10431,9903,9726,9754,9875,9324,9472,9237,9206,9081,9374,9232,9264,9089,9214,9370,9522,9193,8968,8640,8033,8165,8118,8597,8542,8864,8906,8900,8754,8401,8223,7995,8180,7825,7338,7268,7064,6705,6936,6369,6041,5370,4224,4080,3887,4555,5089,4371,4341,4093,3897,3379,2988,2418,2384,2302,2141,1878,1546,1334,1148,836,675,485,404,278,183,96,66,76,24,20,18,17,12
EE,population,M,2015,6957,6940,7219,7555,8157,7902,8076,7855,7501,7244,6871,6355,6327,6259,6468,5975,5887,6093,6373,6431,6628,7261,8299,8559,9733,10376,10468,10418,9887,9717,9751,9866,9324,9450,9244,9188,9045,9348,9210,9277,9061,9207,9363,9490,9161,8938,8593,7983,8130,8073,8526,8488,8787,8839,8817,8681,8301,8102,7870,8053,7686,7208,7121,6893,6528,6774,6185,5877,5204,4077,3932,3752,4384,4818,4172,4118,3849,3684,3187,2775,2253,2168,2088,1931,1700,1374,1156,967,711,552,408,329,209,134,70,46,58,16,14,9,15
EE,population,M,2016,7248,7028,7053,7272,7597,8124,7858,8023,7836,7482,7231,6844,6321,6307,6237,6444,6012,5893,6117,6410,6506,6801,7486,8571,8851,10014,10551,10626,10546,10032,9825,9890,9934,9452,9524,9246,9174,9042,9346,9240,9243,9054,9160,9300,9431,9113,8859,8495,7861,8027,7967,8398,8357,8655,8614,8660,8513,8146,7944,7665,7917,7546,7124,7062,6814,6444,6651,6069,5732,5077,3943,3780,3623,4187,4598,3943,3905,3599,3450,2970,2566,2052,1979,1892,1743,1508,1207,1020,816,571,452,331,261,172,99,48,33,40,6,5,17
EE,population,M,2017,7375,7301,7040,7078,7286,7583,8117,7872,8038,7821,7469,7213,6830,6329,6308,6223,6455,5997,5903,6152,6446,6606,6887,7516,8558,8846,9959,10536,10634,10554,10068,9878,9895,9946,9441,9500,9248,9176,9038,9335,9220,9219,9013,9161,9265,9398,9050,8814,8466,7835,7989,7903,8305,8297,8562,8520,8544,8367,8017,7831,7596,7791,7432,7009,6931,6673,6270,6477,5862,5558,4910,3773,3647,3481,3989,4371,3738,3656,3379,3223,2757,2343,1883,1784,1694,1561,1316,1038,871,684,473,371,270,193,128,75,32,25,25,2,14
EE,population,M,2018,7182,7446,7320,7071,7084,7289,7595,8112,7874,8051,7821,7470,7220,6822,6327,6304,6226,6472,5978,5928,6213,6605,6704,6985,7622,8692,8838,10040,10593,10671,10678,10159,9969,9978,10000,9501,9590,9305,9256,9090,9414,9311,9279,9038,9186,9323,9414,9072,8844,8516,7857,7972,7897,8280,8257,8511,8475,8504,8300,7980,7757,7503,7680,7344,6897,6817,6499,6118,6279,5675,5376,4718,3633,3482,3322,3799,4162,3528,3436,3133,2989,2556,2139,1701,1607,1507,1370,1121,885,733,561,382,301,199,147,94,58,25,17,15,8
EE,population,M,2019,7356,7236,7456,7363,7095,7102,7295,7602,8104,7852,8043,7821,7463,7217,6814,6344,6299,6238,6464,5999,5997,6387,6794,6797,7074,7692,8709,8935,10165,10707,10848,10832,10255,10102,10100,10084,9600,9707,9379,9359,9183,9502,9350,9305,9143,9238,9385,9467,9117,8848,8542,7867,7993,7912,8274,8227,8471,8478,8424,8233,7908,7665,7402,7601,7233,6780,6680,6335,5954,6092,5470,5204,4505,3462,3326,3181,3602,3939,3325,3209,2894,2783,2352,1945,1543,1424,1308,1195,975,722,597,454,310,236,141,102,63,40,8,9,16
EE,population,M,2020,7223,7433,7237,7497,7387,7134,7127,7295,7607,8103,7853,8042,7826,7464,7221,6820,6338,6311,6235,6512,6066,6145,6478,6846,6822,7057,7705,8754,8974,10234,10860,10965,10933,10374,10232,10204,10227,9687,9740,9471,9440,9277,9576,9348,9340,9203,9237,9386,9471,9130,8850,8552,7863,7981,7874,8226,8193,8426,8418,8336,8162,7828,7596,7306,7499,7082,6607,6484,6159,5776,5893,5280,5029,4323,3291,3157,3027,3400,3720,3103,3016,2691,2546,2172,1757,1372,1277,1122,1023,823,615,489,359,242,183,108,69,45,30,3,16
HU,deaths,F,2000,408,24,15,13,12,9,6,10,10,5,12,7,15,9,11,13,11,15,22,27,21,19,35,34,30,26,20,23,24,36,36,48,61,47,45,85,76,84,108,126,147,179,187,220,280,361,326,357,402,388,429,414,448,436,373,469,539,550,587,575,649,686,723,811,839,968,990,1087,1206,1367,1427,1561,1716,1775,2056,2089,2248,2528,2740,2686,2826,1617,1290,1367,1442,2326,2413,2284,2008,1739,1575,1279,974,751,570,398,274,169,148,95,123
HU,deaths,F,2001,354,19,11,9,6,12,5,5,4,10,8,10,13,9,6,10,16,17,18,19,21,13,16,23,35,37,36,36,30,37,37,32,43,54,57,59,65,84,90,92,113,179,178,208,233,303,359,373,373,383,412,454,443,445,415,454,501,557,567,568,638,646,738,773,844,841,924,1070,1143,1236,1391,1514,1600,1760,1932,2135,2106,2256,2507,2707,2623,2845,1637,1271,1368,1428,2169,2286,2023,1789,1523,1314,1064,833,596,406,295,220,159,100,107
HU,deaths,F,2002,331,32,13,8,7,11,9,8,5,3,6,7,8,9,14,10,16,15,18,22,23,22,18,18,27,33,33,30,38,41,34,33,43,44,53,68,67,94,88,98,130,152,164,205,227,263,323,377,426,419,399,412,476,435,488,471,462,495,580,566,625,630,697,752,793,823,907,1013,1197,1208,1311,1525,1578,1748,1864,2081,2151,2229,2398,2535,2785,2674,2810,1736,1263,1318,1331,2073,2110,1924,1609,1325,1107,850,671,437,346,232,154,119,128
HU,deaths,F,2003,301,19,16,12,6,6,7,10,12,10,7,6,14,11,8,8,21,14,17,16,21,14,23,20,26,28,21,28,36,33,42,33,54,47,58,62,54,67,73,109,107,152,141,204,220,216,305,350,426,425,390,435,473,485,515,515,507,484,579,669,629,656,677,794,837,850,917,967,1068,1204,1352,1484,1657,1732,1881,2034,2158,2373,2408,2544,2774,2929,2936,2959,1717,1342,1287,1296,1894,1931,1703,1372,1176,934,782,532,374,253,153,115,157
HU,deaths,F,2004,274,20,10,7,7,6,10,4,5,10,7,6,6,7,8,13,12,18,21,13,14,12,23,14,23,22,31,25,32,30,32,36,41,48,59,43,63,74,86,97,96,131,158,170,187,203,246,312,390,431,446,423,465,487,538,515,517,559,516,609,712,699,733,754,801,860,892,955,1070,1176,1258,1327,1558,1691,1773,1966,1997,2259,2362,2377,2558,2748,2890,2727,2825,1589,1178,1181,1149,1727,1711,1451,1176,937,766,555,378,256,156,109,156
HU,deaths,F,2005,253,15,20,5,10,3,10,7,8,5,5,7,3,8,10,13,15,13,24,20,19,15,19,20,18,26,24,23,35,53,44,32,44,41,48,63,70,74,98,101,104,117,131,174,176,200,246,269,356,376,470,500,460,507,496,555,581,570,537,526,622,680,669,727,823,820,967,1006,1039,1137,1267,1415,1495,1625,1855,1923,2175,2192,2414,2640,2596,2758,2877,3016,2814,2850,1634,1166,1145,1083,1550,1500,1333,984,755,548,412,271,188,124,183
HU,deaths,F,2006,248,27,11,9,11,3,4,6,1,2,7,7,8,9,11,14,12,12,19,14,16,15,14,13,22,23,25,26,34,29,47,36,50,53,41,54,54,63,89,87,103,103,125,142,150,208,214,265,305,344,403,494,529,499,481,520,589,548,616,577,579,666,754,770,790,859,895,976,994,1138,1184,1282,1405,1574,1566,1881,1981,2140,2168,2387,2612,2487,2675,2817,2917,2605,2670,1484,1036,1036,939,1287,1279,988,763,531,421,271,179,118,207
HU,deaths,F,2007,267,24,11,5,8,5,5,5,8,7,9,7,3,12,13,10,11,15,20,12,17,18,20,24,12,16,25,27,24,29,26,48,43,50,40,53,63,78,62,110,116,105,140,132,149,188,238,240,343,343,371,460,524,551,526,518,579,595,677,668,629,615,670,799,804,868,929,938,1054,1048,1142,1251,1387,1485,1598,1826,1921,2078,2223,2331,2535,2772,2683,2738,2746,2781,2515,2463,1369,985,931,831,1174,1026,853,653,484,332,197,146,180
HU,deaths,F,2008,238,10,13,11,7,6,6,6,3,8,2,7,9,6,11,15,12,17,15,16,14,17,12,17,15,29,13,24,27,25,32,30,46,52,54,49,53,83,54,83,97,98,125,125,167,163,179,224,266,313,315,403,490,565,585,523,568,585,640,590,694,678,687,731,847,795,906,964,917,1064,1125,1194,1288,1395,1555,1737,1822,2124,2188,2365,2392,2611,2745,2576,2639,2703,2760,2356,2402,1208,872,785,735,943,812,631,490,305,213,126,210
HU,deaths,F,2009,232,18,8,10,4,5,5,6,4,6,4,6,8,9,9,7,22,11,13,17,16,17,19,14,12,12,11,25,21,24,26,39,37,41,56,62,57,68,70,91,93,109,104,129,138,187,174,217,213,272,326,388,420,532,564,601,549,587,629,651,696,740,750,672,812,825,870,985,981,1124,1175,1189,1257,1364,1591,1679,1721,2021,2198,2266,2443,2474,2666,2697,2599,2575,2621,2581,2225,2164,1137,755,699,642,760,670,506,328,241,151,234
HU,deaths,F,2010,223,18,7,7,7,6,2,4,5,2,6,2,4,8,5,10,10,11,16,18,10,6,19,16,12,18,21,18,26,21,21,32,47,44,35,68,50,54,67,72,84,79,108,110,127,160,174,176,225,252,283,335,358,456,564,553,628,601,610,695,704,756,783,727,695,817,833,930,1008,1013,1141,1252,1255,1440,1571,1606,1828,1927,2099,2311,2540,2504,2669,2696,2806,2718,2670,2698,2544,2085,2026,1028,713,596,505,632,535,383,237,171,260
HU,deaths,F,2011,193,15,18,10,14,5,4,1,6,3,6,4,3,3,7,10,15,11,15,14,17,12,9,14,21,13,17,22,14,25,29,31,31,34,41,55,63,53,60,70,73,110,113,121,133,136,162,173,209,278,306,322,341,389,441,547,629,693,635,613,708,772,789,798,791,807,875,984,996,1018,1113,1192,1329,1385,1512,1620,1780,1920,2001,2170,2378,2504,2642,2639,2643,2794,2558,2528,2409,2199,1893,1824,894,565,483,418,499,358,263,176,271
HU,deaths,F,2012,217,14,5,10,5,5,7,6,3,8,3,4,4,7,5,9,9,13,7,7,16,12,15,11,15,14,20,17,15,27,19,28,23,43,38,54,45,53,67,68,80,103,99,103,143,142,157,179,188,214,256,310,333,373,402,494,588,633,669,723,664,763,810,833,840,883,780,933,1067,1102,1146,1174,1280,1426,1462,1545,1650,1949,2013,2169,2342,2659,2593,2822,2691,2717,2817,2493,2352,2304,2122,1745,1510,803,490,395,299,410,283,164,297
HU,deaths,F,2013,183,11,9,1,8,7,1,3,5,2,6,4,3,9,6,4,10,10,11,16,13,16,18,14,13,19,15,18,14,19,18,25,29,32,43,43,57,59,69,68,75,78,96,92,125,157,179,159,186,201,251,252,299,327,373,402,527,603,702,754,777,721,785,838,860,851,901,844,1021,1054,1171,1157,1287,1308,1387,1553,1646,1724,2009,2165,2249,2434,2650,2683,2645,2735,2735,2643,2376,2123,1998,1848,1416,1220,572,405,301,259,250,200,307
HU,deaths,F,2014,185,12,7,1,7,4,6,4,2,3,3,3,2,5,5,6,8,10,8,9,8,6,14,14,7,22,15,15,20,24,18,24,28,26,39,45,49,59,69,79,84,81,98,109,123,125,147,188,189,198,232,216,283,324,368,409,494,517,640,747,768,784,770,863,927,939,995,925,827,1091,1258,1193,1217,1270,1418,1514,1703,1698,1869,2078,2233,2331,2489,2634,2650,2618,2512,2523,2515,2101,1935,1777,1534,1216,1036,525,252,198,155,173,339
HU,deaths,F,2015,168,19,13,10,2,2,2,5,7,8,1,3,5,3,6,4,5,8,10,12,13,12,8,15,26,17,14,21,21,23,19,14,20,31,32,44,50,47,77,73,78,89,84,108,120,133,148,181,169,194,242,259,273,344,371,378,473,540,623,714,860,874,884,893,907,982,966,1092,1061,969,1148,1311,1311,1398,1504,1641,1755,1806,1950,2047,2279,2482,2565,2781,2892,2870,2781,2606,2579,2371,2115,1881,1654,1395,1053,824,382,235,185,111,309
HU,deaths,F,2016,165,22,7,0,0,1,4,5,1,5,5,5,2,3,7,4,10,8,9,7,7,12,21,10,18,13,17,13,14,22,17,26,35,31,26,44,43,60,74,66,83,100,103,101,91,126,128,168,167,191,209,219,264,244,320,355,415,489,550,627,710,885,895,908,870,934,976,1052,1088,1006,1030,1141,1356,1324,1422,1512,1651,1713,1916,2106,2076,2343,2408,2560,2527,2665,2560,2498,2302,2244,2058,1720,1469,1400,1089,855,596,254,144,88,285
HU,deaths,F,2017,138,12,2,13,11,10,5,7,2,7,9,2,6,6,4,10,7,7,7,8,10,13,10,10,6,10,12,17,18,16,19,25,35,29,43,43,49,56,68,79,78,76,100,108,94,131,151,160,197,215,230,232,246,293,321,405,394,438,513,564,682,795,938,980,966,962,1011,1091,1176,1242,1157,1110,1270,1463,1466,1624,1693,1856,1943,2130,2207,2391,2537,2659,2608,2768,2833,2791,2500,2361,2255,1954,1587,1326,1071,888,606,465,186,107,264
HU,deaths,F,2018,143,12,5,6,4,1,4,1,3,4,6,0,3,0,4,4,3,14,7,15,16,20,25,13,12,18,17,17,19,15,23,31,19,25,35,46,43,46,60,55,68,79,102,127,110,120,158,155,188,179,257,218,229,265,281,312,396,419,501,545,645,749,858,945,1065,997,985,1115,1215,1148,1173,1180,1151,1411,1511,1551,1732,1873,1932,2073,2273,2333,2365,2635,2675,2727,2649,2769,2638,2316,2082,1916,1752,1307,1058,970,694,428,333,137,239
HU,deaths,F,2019,144,11,8,5,6,3,8,3,4,2,4,4,4,5,8,3,6,7,12,14,11,12,10,9,11,15,15,9,16,20,16,20,37,28,38,34,44,44,50,64,69,105,92,101,125,126,121,147,167,186,195,229,237,282,300,340,340,393,455,549,578,640,786,903,1056,1065,1054,1088,1120,1252,1236,1307,1279,1262,1478,1679,1705,1811,1995,2100,2269,2370,2448,2484,2601,2787,2719,2628,2556,2361,2138,1774,1601,1381,1112,888,686,514,358,239,243
HU,deaths,F,2020,125,18,7,6,8,2,3,2,3,5,3,2,3,2,3,6,4,3,10,5,10,18,14,13,17,21,17,13,18,19,20,25,27,41,31,31,42,55,54,65,79,90,100,114,129,147,140,155,180,189,220,265,291,274,310,346,363,390,465,517,595,709,745,904,1010,1262,1291,1260,1215,1343,1473,1485,1594,1524,1464,1833,1950,2030,2224,2262,2479,2475,2622,2752,2781,2858,2906,2869,2720,2567,2254,2035,1727,1481,1223,876,656,578,351,226,324
HU,deaths,M,2000,492,29,20,24,21,13,10,10,12,11,11,16,19,13,18,15,24,38,54,63,53,77,93,82,95,103,87,77,103,101,114,129,134,146,182,182,168,203,256,297,359,456,472,565,727,845,829,833,911,940,998,977,1055,1035,942,1112,1215,1178,1289,1203,1325,1334,1417,1462,1434,1595,1655,1719,1763,1897,1937,1922,1886,2039,2074,2034,1978,2098,2105,1902,2011,1124,809,861,872,1207,1232,1148,947,761,656,502,382,298,183,121,90,63,26,24,38
HU,deaths,M,2001,435,27,18,18,13,5,16,8,10,12,7,19,19,19,13,17,20,45,38,62,67,63,71,73,89,77,79,100,79,81,112,118,126,111,148,155,134,168,233,256,377,361,472,515,612,767,854,880,860,885,965,1037,1032,1078,1066,930,1187,1131,1154,1274,1316,1288,1293,1318,1334,1454,1556,1649,1679,1712,1943,1915,1906,1928,1944,2094,2020,2060,1968,1975,1781,1853,1121,809,755,720,1168,1090,944,861,606,460,391,280,202,143,91,57,35,20,46
HU,deaths,M,2002,362,28,18,17,16,13,8,14,9,15,10,12,19,15,27,28,20,32,49,49,56,69,81,82,82,99,86,87,99,75,94,106,120,123,141,125,162,199,225,316,298,377,401,512,567,670,773,904,932,908,897,1026,1109,1071,1087,994,1014,1244,1269,1215,1292,1310,1402,1360,1389,1448,1474,1545,1629,1714,1775,1995,2027,2031,1918,1948,2046,1901,2046,1956,1931,1797,1710,1032,721,770,751,1013,1009,862,709,551,415,254,229,147,104,63,44,17,34
HU,deaths,M,2003,389,29,19,14,5,11,7,9,10,10,13,10,12,14,21,18,27,41,39,37,55,53,50,67,89,84,88,91,91,95,92,100,107,134,161,152,172,159,195,220,259,303,358,434,547,628,663,836,1049,966,940,976,1040,1124,1101,1179,1184,1047,1268,1403,1338,1394,1439,1414,1454,1408,1455,1524,1733,1820,1819,1883,2023,2071,2018,1951,2028,2095,1936,1976,1963,1956,1779,1686,957,714,693,655,862,832,748,621,469,374,209,174,93,59,28,19,41
HU,deaths,M,2004,354,31,14,12,9,8,5,11,11,11,7,9,8,18,26,20,30,29,42,61,49,51,63,64,76,83,89,109,104,105,97,112,108,127,126,166,158,170,210,239,266,293,339,412,461,534,643,693,871,1058,1106,1003,1081,1085,1197,1158,1210,1166,1082,1270,1440,1365,1363,1450,1493,1430,1476,1505,1524,1659,1701,1784,1774,2017,1954,2019,1962,2005,1931,1833,1857,1850,1750,1563,1563,854,556,589,562,750,741,586,454,358,243,173,101,90,35,23,40
HU,deaths,M,2005,354,32,20,13,8,6,11,7,14,9,6,6,5,9,17,16,24,37,34,57,52,54,51,54,70,75,78,96,102,108,111,97,93,115,114,142,182,195,196,229,251,237,318,424,449,569,645,726,841,943,1164,1147,1122,1171,1175,1273,1230,1322,1262,1152,1316,1483,1438,1424,1485,1556,1427,1536,1470,1575,1701,1811,1869,1823,1902,1948,2008,2037,1907,1972,1886,1864,1791,1779,1596,1494,809,575,558,498,650,598,510,361,243,209,131,86,46,30,51
HU,deaths,M,2006,323,29,14,11,13,8,5,6,8,6,10,12,20,16,18,19,24,36,52,57,53,44,52,50,56,64,88,86,84,93,108,119,103,116,132,143,177,170,183,208,238,282,289,340,405,454,558,627,756,844,1003,1217,1198,1216,1148,1209,1290,1334,1368,1287,1188,1396,1491,1463,1456,1519,1591,1491,1584,1483,1529,1691,1701,1799,1786,1932,1871,1862,1845,1842,1811,1790,1755,1651,1610,1315,1243,754,489,442,387,566,439,397,276,168,150,83,46,30,45
HU,deaths,M,2007,310,21,19,11,9,7,8,5,5,7,4,16,9,13,22,25,27,28,48,48,44,59,48,49,51,61,65,65,70,96,93,119,121,120,138,133,138,170,186,236,242,278,307,377,393,432,502,604,719,766,871,1101,1174,1291,1185,1155,1334,1348,1374,1361,1308,1215,1451,1564,1463,1550,1456,1513,1521,1544,1479,1659,1751,1776,1796,1901,1993,2018,1882,1899,1806,1815,1645,1725,1607,1423,1287,1165,608,436,397,332,415,402,304,211,154,103,58,42,41
HU,deaths,M,2008,315,25,9,11,5,6,10,6,5,7,8,4,8,15,17,20,29,46,47,47,30,44,48,51,58,47,72,73,63,70,105,115,100,112,101,121,135,143,168,197,221,269,260,280,344,407,434,542,625,659,821,974,1099,1239,1289,1237,1214,1292,1342,1344,1409,1386,1214,1493,1563,1553,1476,1451,1532,1578,1529,1542,1624,1682,1832,1751,1744,1883,1860,1835,1709,1761,1765,1560,1475,1392,1303,1137,1022,530,385,351,294,344,295,202,159,98,69,47,41
HU,deaths,M,2009,263,18,8,12,6,6,7,7,7,8,2,8,8,16,14,23,20,26,37,33,54,53,55,48,51,49,49,47,75,85,92,89,97,104,129,107,133,153,161,198,208,234,306,281,303,366,394,498,578,607,675,877,972,1158,1358,1357,1336,1226,1377,1414,1464,1456,1435,1277,1480,1577,1564,1593,1571,1579,1518,1570,1520,1549,1763,1799,1772,1826,1828,1923,1784,1728,1726,1564,1463,1410,1355,1234,981,940,502,301,265,226,265,222,145,109,59,37,47
HU,deaths,M,2010,258,17,10,8,5,7,4,7,5,7,8,10,3,10,12,22,24,20,27,41,38,31,48,38,37,50,52,54,56,63,75,74,74,101,130,135,141,138,156,168,208,250,254,308,289,347,362,443,491,621,714,710,859,952,1167,1383,1363,1345,1264,1408,1487,1466,1451,1445,1304,1437,1592,1506,1566,1547,1645,1568,1609,1545,1671,1683,1734,1737,1823,1824,1832,1765,1639,1560,1507,1372,1296,1232,1021,855,772,394,269,248,185,184,179,120,65,36,50
HU,deaths,M,2011,240,18,3,5,7,6,7,7,3,5,7,8,5,6,11,13,27,28,24,42,35,44,45,50,41,56,45,39,51,51,53,83,77,80,104,112,130,134,117,136,158,189,243,278,286,294,356,432,423,510,625,678,762,897,1045,1241,1418,1447,1333,1307,1456,1531,1482,1526,1466,1290,1586,1604,1463,1508,1577,1595,1627,1527,1569,1587,1717,1857,1739,1733,1798,1723,1653,1561,1447,1435,1285,1139,1027,912,721,585,312,196,172,150,130,119,68,58,68
HU,deaths,M,2012,221,17,9,7,4,2,4,1,7,5,17,7,7,15,9,13,11,18,35,38,40,38,41,46,52,39,60,49,47,46,61,70,67,89,95,102,120,129,136,136,163,187,212,280,284,342,312,365,463,468,571,645,714,777,888,1023,1219,1469,1477,1350,1376,1445,1574,1516,1562,1444,1370,1513,1687,1551,1632,1544,1647,1610,1608,1576,1568,1648,1756,1719,1759,1758,1690,1577,1496,1393,1313,1083,1020,986,830,593,561,250,178,145,87,111,79,62,61
HU,deaths,M,2013,265,16,10,8,5,2,6,5,3,6,8,3,5,5,12,12,15,29,27,26,25,33,45,31,32,35,43,50,42,53,36,52,48,70,87,100,100,137,158,158,134,178,153,225,278,315,330,345,403,441,419,546,670,750,852,919,1071,1217,1370,1473,1314,1362,1553,1575,1525,1592,1477,1271,1472,1631,1569,1552,1590,1592,1499,1586,1590,1598,1703,1685,1662,1620,1723,1695,1564,1416,1269,1169,1040,883,823,685,533,416,212,134,86,57,71,57,77
HU,deaths,M,2014,233,19,10,11,7,7,8,2,7,3,7,8,6,9,11,14,17,18,19,30,37,38,37,45,43,34,38,35,56,43,39,58,68,67,79,81,111,128,136,155,173,182,194,203,260,294,309,351,375,397,471,490,624,716,807,915,966,1140,1350,1441,1602,1410,1456,1542,1645,1647,1578,1491,1360,1511,1710,1628,1654,1687,1620,1511,1568,1496,1607,1631,1730,1674,1685,1608,1549,1417,1249,1168,1076,870,768,662,559,391,357,139,78,60,48,41,83
HU,deaths,M,2015,215,18,8,10,12,6,4,9,9,9,5,6,3,6,11,12,14,18,26,37,45,33,32,37,39,35,44,52,55,58,55,46,54,69,97,95,102,117,135,166,179,182,163,199,224,257,322,375,354,453,459,545,569,598,740,832,924,1084,1195,1396,1610,1634,1487,1565,1676,1745,1647,1610,1575,1391,1610,1762,1683,1651,1661,1656,1662,1720,1625,1648,1722,1764,1606,1669,1582,1456,1394,1207,1076,978,766,703,587,475,342,295,132,65,47,39,98
HU,deaths,M,2016,203,18,14,8,5,1,5,5,4,7,9,5,11,11,5,13,14,19,33,28,34,34,31,33,33,51,32,34,54,44,48,58,54,57,60,94,70,112,113,141,154,185,187,215,190,227,292,361,479,399,474,497,596,608,659,808,876,1018,1127,1219,1457,1643,1657,1694,1623,1781,1720,1696,1662,1694,1428,1691,1783,1748,1694,1670,1649,1619,1615,1552,1586,1685,1604,1563,1496,1445,1373,1216,1052,925,812,642,550,446,366,235,204,89,39,29,64
HU,deaths,M,2017,190,15,14,5,1,9,4,2,8,6,3,9,10,6,16,13,10,18,26,29,29,22,40,40,34,42,44,47,55,50,51,64,72,70,70,72,102,118,121,120,149,179,200,179,200,257,307,346,411,446,451,514,529,640,638,713,829,949,1030,1187,1358,1557,1752,1833,1795,1680,1717,1904,1778,1756,1739,1529,1777,1779,1766,1821,1727,1760,1734,1613,1560,1585,1642,1672,1555,1514,1349,1344,1137,968,842,699,577,441,324,274,191,147,49,34,81
HU,deaths,M,2018,161,14,16,7,9,2,1,2,2,7,3,4,5,4,9,7,14,16,23,30,30,25,28,36,38,37,44,38,55,52,53,67,63,74,63,74,80,100,112,137,145,201,217,253,246,247,267,323,391,420,532,495,521,620,662,728,816,908,988,1122,1226,1444,1672,1894,1982,1863,1669,1822,1852,1829,1791,1727,1631,1743,1893,1753,1782,1753,1758,1617,1681,1573,1574,1532,1489,1448,1307,1300,1194,1053,823,659,592,442,322,279,203,133,84,38,68
HU,deaths,M,2019,188,8,13,9,11,8,2,7,7,9,6,4,4,15,7,7,18,12,21,23,23,32,28,33,43,50,45,50,47,42,50,46,63,64,57,83,96,88,106,101,139,161,207,212,274,274,267,293,356,424,502,529,558,555,613,706,744,860,982,1018,1141,1231,1444,1667,2048,1961,1833,1719,1854,1890,1888,1778,1649,1559,1697,1871,1835,1782,1773,1665,1629,1564,1447,1427,1423,1495,1405,1266,1156,1035,851,687,549,454,320,268,191,135,99,66,66
HU,deaths,M,2020,195,7,6,3,5,6,5,4,9,2,2,3,5,6,8,9,14,21,21,26,37,28,25,35,38,35,44,45,50,70,47,63,52,59,80,72,86,103,111,120,137,168,183,235,257,336,293,361,356,389,467,535,631,676,674,779,786,819,971,1047,1186,1331,1424,1607,2019,2201,2201,2005,1938,2027,2001,1996,2106,1947,1681,2020,2101,1977,2047,1869,1937,1778,1651,1703,1541,1578,1587,1338,1293,1132,908,761,633,474,376,279,174,130,97,58,89
HU,population,F,2000,45412,46742,47614,50504,53750,55039,56208,58289,60924,61232,59542,59990,60485,63329,65221,62713,63298,65116,69546,72817,76183,79152,82529,85207,89048,85314,71657,71091,69323,71484,70667,71729,68767,63001,61288,60510,60666,59583,63333,67318,67372,70741,73384,83973,89813,94026,86243,78086,78992,80480,76594,75691,72362,63752,63234,71499,65841,68149,63335,65939,61476,61527,59785,59156,59080,58486,58955,59242,57199,59799,55514,55810,51718,52755,51922,45432,46476,45761,41761,38696,30722,15476,14035,12778,14977,19154,15950,13903,10547,8796,NA,NA,NA,NA,NA,NA,NA,NA,NA,NA,24435
HU,population,F,2001,47362,45313,46620,47475,50483,53711,54948,56193,58271,60898,61296,59588,60059,60519,63563,65566,63059,63596,65324,69717,73046,76223,79139,82419,85037,88704,84985,71469,71056,69313,71607,70715,71767,68848,63049,61366,60582,60760,59652,63343,67370,67333,70731,73350,83907,89647,93791,86022,77840,78726,80254,76306,75372,72044,63473,62968,71178,65460,67794,62957,65567,61033,61004,59231,58531,58375,57741,58121,58343,56096,58594,54254,54375,50133,51052,49932,43496,44229,43271,39182,36130,28417,14230,12719,11509,13267,16686,13676,11768,8789,NA,NA,NA,NA,NA,NA,NA,NA,NA,NA,26371
HU,population,F,2002,46172,47587,45491,46713,47528,50545,53761,54981,56228,58343,60962,61332,59624,60101,60606,63730,65653,63087,63651,65490,69959,73260,76347,79296,82539,85152,88857,85121,71559,71135,69385,71730,70807,71832,68855,63080,61361,60569,60713,59607,63285,67298,67214,70565,73156,83670,89339,93452,85650,77499,78330,79857,75912,74941,71648,63086,62570,70661,65006,67315,62395,64970,60431,60302,58479,57721,57509,56819,57051,57204,54806,57180,52744,52615,48376,49023,47768,41371,41824,40674,36550,33328,26099,12930,11412,10152,11546,14293,11574,9843,NA,NA,NA,NA,NA,NA,NA,NA,NA,NA,27681
HU,population,F,2003,46243,46427,47821,45601,46822,47589,50607,53809,55044,56293,58409,61026,61381,59661,60128,60670,63778,65690,63048,63666,65572,69996,73213,76318,79224,82555,85167,88824,85158,71629,71218,69398,71696,70814,71860,68829,63024,61310,60496,60608,59506,63139,67121,66966,70339,72863,83360,88994,92967,85221,77094,77890,79400,75477,74457,71199,62654,62148,70176,64550,66797,61887,64383,59788,59623,57763,56900,56606,55776,55906,55956,53461,55631,51136,50770,46538,46908,45502,39118,39426,37991,33806,30603,23692,11621,10093,8897,9908,12056,9626,NA,NA,NA,NA,NA,NA,NA,NA,NA,NA,29595
HU,population,F,2004,45008,46602,46647,47917,45682,46879,47669,50666,53866,55085,56359,58450,61090,61452,59743,60218,60778,63833,65689,63168,63820,65673,70110,73360,76466,79360,82772,85349,88968,85264,71768,71340,69544,71824,70937,71967,68942,63071,61347,60488,60595,59436,63095,67037,66888,70238,72735,83124,88744,92630,84892,76780,77527,79031,75065,73999,70822,62251,61718,69705,64083,66273,61371,63735,59103,58882,56991,56030,55673,54701,54732,54624,52010,53961,49417,48840,44533,44677,43065,36809,36778,35137,30949,27675,21160,10285,8790,7652,8432,10038,NA,NA,NA,NA,NA,NA,NA,NA,NA,NA,30740
HU,population,F,2005,45687,45407,46762,46712,47971,45740,46945,47709,50711,53892,55143,56397,58481,61122,61516,59798,60317,60814,63880,65789,63346,63922,65796,70231,73526,76690,79633,83026,85606,89246,85564,71964,71524,69656,71989,71119,72114,69080,63053,61369,60508,60539,59388,63034,66940,66834,70120,72558,82882,88461,92284,84570,76412,77147,78635,74655,73580,70416,61846,61250,69191,63535,65738,60788,63072,58350,58133,56185,55142,54609,53533,53549,53228,50470,52242,47645,46874,42502,42453,40593,34462,34127,32304,28162,24940,18834,9035,7646,6544,7016,NA,NA,NA,NA,NA,NA,NA,NA,NA,NA,32226
HU,population,F,2006,46724,46141,45669,46897,46822,48044,45788,47005,47750,50748,53917,55165,56432,58539,61119,61615,59926,60483,60942,64101,66229,63842,64444,66346,70705,73966,77086,79902,83140,85614,89211,85506,71906,71466,69627,71882,70991,72049,68989,62957,61239,60408,60442,59263,62870,66747,66596,69909,72254,82504,88027,91748,84077,75942,76649,78135,74093,73046,69893,61389,60748,68580,62896,65043,60017,62259,57513,57135,55183,54082,53381,52236,52056,51689,48771,50290,45623,44703,40249,39900,37908,31810,31331,29318,25259,22122,16450,7777,6504,5436,NA,NA,NA,NA,NA,NA,NA,NA,NA,NA,30817
HU,population,F,2007,48308,47000,46387,45766,46970,46866,48104,45837,47047,47801,50787,53980,55195,56475,58604,61243,61759,60045,60567,61171,64454,66439,63920,64554,66430,70840,74133,77233,80088,83329,85807,89405,85651,72047,71580,69744,72005,71096,72113,69029,62986,61258,60409,60411,59273,62814,66690,66456,69772,72091,82218,87684,91345,83669,75581,76271,77677,73644,72630,69389,60933,60266,68007,62324,64425,59365,61515,56689,56232,54242,52952,52203,50962,50632,50162,47131,48385,43541,42623,38025,37437,35323,29351,28562,26462,NA,NA,NA,NA,NA,NA,NA,NA,NA,NA,NA,NA,NA,NA,NA,97254
HU,population,F,2008,46934,48649,47264,46516,45839,47053,46943,48177,45898,47112,47859,50850,54039,55276,56525,58671,61349,61860,60130,60739,61430,64651,66548,64057,64692,66539,70991,74206,77301,80103,83443,85871,89468,85668,72065,71597,69782,71986,71023,72072,68951,62926,61161,60323,60304,59099,62616,66473,66229,69430,71769,81823,87265,90829,83188,75161,75784,77223,73058,72000,68833,60376,59698,67344,61671,63665,58541,60625,55742,55250,53215,51802,50968,49521,49154,48419,45307,46385,41421,40275,35686,34783,32477,26749,25792,NA,NA,NA,NA,NA,NA,NA,NA,NA,NA,NA,NA,NA,NA,NA,105352
HU,population,F,2009,47310,47191,48912,47350,46583,45877,47090,46974,48215,45958,47194,47904,50891,54067,55324,56562,58722,61399,61917,60207,60859,61546,64851,66808,64360,65044,66870,71315,74528,77600,80367,83645,86018,89589,85757,72156,71707,69829,72041,71096,72080,68964,62897,61108,60230,60217,59007,62476,66290,66000,69175,71477,81425,86779,90282,82718,74653,75248,76646,72508,71397,68227,59789,59074,66606,60921,62862,57702,59707,54837,54187,52105,50603,49593,48097,47528,46653,43377,44179,39193,37880,33229,32184,29665,24269,NA,NA,NA,NA,NA,NA,NA,NA,NA,NA,NA,NA,NA,NA,NA,112248
HU,population,F,2010,46166,48078,47672,49019,47445,46569,45899,47065,47004,48212,45973,47192,47873,50904,54095,55355,56664,58893,61726,62476,61115,61823,62289,65464,67251,64688,65249,67006,71313,74517,77528,80234,83523,85925,89420,85604,72052,71516,69692,71832,70937,71958,68828,62723,60933,60066,59982,58842,62319,66039,65722,68825,71038,80924,86249,89686,82169,74198,74686,76078,71919,70735,67594,59130,58375,65782,60136,62014,56762,58687,53702,53058,50905,49323,48171,46489,45827,44720,41365,41929,36867,35365,30790,29476,26971,NA,NA,NA,NA,NA,NA,NA,NA,NA,NA,NA,NA,NA,NA,NA,116809
HU,population,F,2011,43370,46647,48434,47791,49105,47434,46517,45936,47080,47011,48239,46020,47210,47892,50938,54179,55477,56746,59083,62083,62831,61386,62030,62496,65632,67443,64821,65266,67045,71281,74484,77547,80223,83492,85873,89364,85573,71991,71465,69681,71779,70971,71885,68797,62626,60832,59916,59835,58636,62143,65839,65469,68559,70685,80497,85805,89102,81652,73676,74131,75492,71279,70036,66877,58517,57631,65020,59322,61079,55786,57626,52549,51831,49577,47814,46600,44804,43987,42726,39219,39461,34371,32702,28235,26700,NA,NA,NA,NA,NA,NA,NA,NA,NA,NA,NA,NA,NA,NA,NA,122629
HU,population,F,2012,42605,43975,47064,48569,47496,49244,47291,45772,45680,46833,46936,47290,45798,47416,48783,53142,56409,57963,58923,60394,62741,62209,60136,59595,59441,60397,60703,58677,59686,62341,67401,70589,75396,78590,82511,85825,89735,85926,72685,71620,70594,71677,71886,72747,69691,63454,61272,60585,60190,58824,62826,65752,66673,69387,71788,81287,87188,90425,82833,74464,75588,75720,72242,70858,67560,58958,57442,64763,59047,60128,55227,56043,51500,50448,48123,45987,44584,42796,41580,40005,36916,36134,31636,29398,25385,23737,21116,16397,14886,12930,NA,NA,NA,NA,NA,NA,NA,NA,NA,NA,32795
HU,population,F,2013,42280,42607,43907,46887,48366,47429,49117,47171,45872,45936,47112,47200,47605,45942,47596,48805,52923,56148,57823,58746,60208,62592,62062,59956,59535,59369,60270,60633,58567,59591,62203,67273,70512,75390,78616,82593,85812,89784,85987,72742,71675,70587,71667,71929,72564,69619,63299,61099,60438,59977,58580,62599,65397,66308,69006,71319,80678,86664,89868,82198,73732,74907,74875,71414,70078,66689,58105,56645,63753,57993,58979,54128,54699,50099,48953,46642,44363,42805,40810,39429,37637,34360,33432,28774,26533,22612,20843,18319,13891,12510,10561,8201,6111,4110,1714,1161,878,783,773,503,783
HU,population,F,2014,42005,43738,42542,43727,46720,48348,47185,48922,47179,46099,46087,47417,47506,47713,46075,47504,48595,52664,55896,57562,58458,60030,62368,61691,59834,59364,59153,59965,60336,58337,59215,62026,66993,70277,75224,78566,82355,85710,89698,85867,72663,71536,70456,71558,71626,72396,69319,62993,60941,60127,59629,58320,62126,64965,65780,68564,70714,80119,85989,89069,81345,73006,74054,73998,70643,69164,65762,57240,55705,62665,56842,57795,52770,53223,48774,47464,45001,42737,40831,38636,37155,35122,31735,30678,26120,23523,19825,18085,15542,11681,10278,8522,6478,4718,3199,1225,822,610,555,513,888
HU,population,F,2015,43493,43515,43731,42416,43648,46771,48089,47071,48965,47455,46267,46415,47785,47627,47912,46069,47386,48409,52548,55800,57371,58295,59823,61936,61534,59536,59002,58881,59736,60084,58097,59008,61792,66867,70116,75103,78457,82347,85595,89622,85865,72562,71449,70382,71297,71660,72166,69076,62874,60611,59857,59425,57928,61712,64485,65323,68054,70182,79606,85278,88265,80637,72269,73220,73224,69723,68096,64819,56419,54781,61343,55725,56426,51364,51922,47290,45836,43354,40866,38797,36441,34766,32565,29137,27916,23361,20793,17236,15374,13082,9651,8299,6746,5037,3633,2307,912,582,450,405,987
HU,population,F,2016,43353,45356,43493,43654,42315,43685,46526,47932,47146,49318,47616,46650,46797,47913,47785,47854,45931,47148,48248,52441,55570,57273,58004,59307,61676,61297,59228,58782,58731,59623,59771,57986,58836,61752,66779,70081,75002,78475,82380,85519,89585,85750,72450,71382,70173,71308,71423,71904,68975,62564,60260,59605,58980,57572,61272,64033,64863,67485,69700,78806,84474,87398,79692,71533,72477,72279,68749,67114,63724,55438,53721,60105,54383,54828,50030,50248,45596,44128,41385,38783,36561,33940,32197,29780,26414,24717,20450,17925,14584,12803,10614,7609,6457,5178,3766,2678,1694,658,410,291,1040
HU,population,F,2017,44511,44627,45229,43326,43458,42322,43465,46350,48024,47425,49537,48022,46955,46765,47884,47576,47568,45579,46950,48168,52313,55505,57166,57575,59243,61457,61087,59022,58592,58504,59250,59435,57670,58712,61569,66686,69900,74854,78355,82205,85374,89239,85471,72288,71049,70043,70991,71152,71789,68646,62239,60063,59197,58652,57170,60956,63678,64407,67015,69023,78090,83746,86421,78866,70806,71554,71307,67695,66107,62670,54405,52726,58696,52860,53557,48561,48581,43968,42213,39290,36635,34214,31463,29644,27280,23666,21933,17861,15387,12306,10624,8579,6057,5080,3927,2840,2039,1321,488,301,1057
HU,population,F,2018,43676,46192,44625,45077,43167,43523,42097,43333,46406,48378,47678,49973,48370,46985,46760,47639,47292,47236,45471,47006,48350,52615,55803,57159,57897,59424,61637,61218,59105,58689,58396,59261,59488,57752,58872,61699,66773,70042,74929,78326,82292,85349,89055,85383,71983,71074,69825,70780,71155,71504,68335,62110,59710,58931,58284,56790,60584,63236,64011,66344,68390,77428,82707,85452,77950,69790,70463,70209,66580,64847,61409,53321,51420,57022,51493,51924,46781,46860,41958,40080,36973,34206,31693,28758,27088,24217,20853,19018,15145,12925,10018,8402,6728,4748,3927,2934,2186,1555,990,357,1113
HU,population,F,2019,42231,45783,46134,44490,44936,43259,43312,42016,43376,46772,48574,48131,50299,48369,46936,46571,47359,46927,47187,45662,47334,48630,52915,55925,57672,58370,59820,61903,61478,59219,58603,58488,59361,59752,57941,59092,61925,67037,70310,75024,78490,82379,85354,89181,85313,72081,71042,69694,70941,71024,71307,68308,61832,59580,58651,58129,56593,60294,62875,63405,65843,67781,76573,81785,84632,76865,68766,69425,69051,65421,63713,60235,52100,49953,55543,50020,50191,45049,44806,39880,37842,34602,31848,29026,26249,24140,21423,18180,16219,12648,10581,7979,6593,5184,3694,2939,2155,1674,1229,756,1227
HU,population,F,2020,41053,45095,45778,46005,44356,45081,43025,43207,42158,43787,47086,49045,48488,50316,48403,46758,46273,47033,46903,47437,45900,47560,48838,53031,56380,58101,58695,60085,62150,61706,59322,58855,58690,59642,60079,58216,59387,62259,67313,70537,75291,78527,82343,85486,89158,85431,72063,70910,69901,70750,70851,71275,68054,61578,59278,58399,57871,56257,59952,62383,62876,65413,67041,75777,81007,83555,75869,67813,68373,67926,64249,62476,58838,50702,48784,53897,48398,48531,43071,42581,37760,35385,32178,29358,26547,23352,21318,18645,15532,13664,10370,8547,6264,5168,3973,2758,2193,1652,1282,930,1656
HU,population,M,2000,48056,49005,50686,53420,56538,57800,58656,61241,63779,63780,62492,63010,63430,65382,67692,64702,65336,68896,73230,76598,80733,83254,85789,89565,92827,88458,74296,73783,71901,74070,73342,73462,70343,64503,62389,61048,60581,58956,62735,66224,65264,68820,71034,80681,86261,90700,81890,72667,72845,75388,70887,69146,66097,57431,55713,62616,57072,57211,52569,53375,48267,46644,44139,42383,43337,43165,42667,41541,39779,40934,37367,35352,32389,31089,30010,26322,26054,23830,22045,18903,15247,7518,6761,6182,6611,8088,6780,5658,4369,3227,NA,NA,NA,NA,NA,NA,NA,NA,NA,NA,8881
HU,population,M,2001,49314,47551,48778,50471,53379,56476,57664,58581,61213,63763,63849,62553,63063,63468,65575,67997,64992,65562,69109,73470,76877,80871,83211,85583,89321,92340,87961,73948,73598,71771,74098,73238,73427,70255,64355,62316,60953,60486,58837,62531,66048,64922,68450,70565,80137,85518,89920,81093,71918,71953,74625,69970,68206,65136,56585,54833,61536,56051,56115,51524,52293,47157,45383,42934,41111,42026,41699,41135,40037,38172,39191,35579,33558,30668,29140,27984,24446,24162,21840,20067,17097,13636,6667,5955,5333,5701,6809,5589,4646,3508,NA,NA,NA,NA,NA,NA,NA,NA,NA,NA,9579
HU,population,M,2002,49068,49536,47721,48849,50528,53430,56543,57699,58636,61264,63824,63849,62595,63084,63513,65708,68057,65018,65543,69208,73622,76936,80918,83286,85607,89339,92405,88007,73967,73658,71818,74116,73216,73461,70210,64248,62234,60853,60389,58671,62238,65707,64567,67993,70077,79450,84786,88952,80308,71032,71008,73617,68923,67172,64045,55630,53763,60361,54979,54932,50257,51061,45872,44121,41673,39770,40542,40136,39489,38372,36411,37208,33753,31647,28780,27152,25813,22506,22087,19951,18147,15318,12084,5836,5170,4575,4822,5619,4583,3725,NA,NA,NA,NA,NA,NA,NA,NA,NA,NA,10326
HU,population,M,2003,48782,49378,49780,47852,48971,50612,53503,56603,57772,58700,61296,63875,63924,62653,63126,63564,65753,68048,64937,65551,69189,73503,76824,80830,83137,85367,89145,92223,87849,73841,73583,71729,74005,73140,73302,70063,64086,61989,60579,60038,58291,61829,65270,64038,67380,69432,78644,83902,87908,79316,70143,69978,72492,67814,66046,62932,54615,52646,59053,53803,53692,49049,49714,44600,42807,40365,38354,39128,38604,37857,36646,34635,35214,31761,29643,26950,25185,23845,20552,20120,18004,16318,13548,10614,5062,4427,3862,3973,4590,3646,NA,NA,NA,NA,NA,NA,NA,NA,NA,NA,11057
HU,population,M,2004,47936,49156,49570,49881,47949,49040,50657,53582,56661,57847,58737,61349,63923,63983,62731,63190,63674,65796,68060,64983,65674,69174,73519,76906,80928,83179,85414,89182,92279,87918,73845,73654,71784,74070,73137,73305,70026,64022,61886,60490,59912,58071,61579,64966,63604,66889,68821,77935,83024,86887,78409,69314,68979,71466,66773,64919,61744,53549,51588,57706,52584,52395,47748,48353,43292,41471,39007,37019,37550,36904,36054,34866,32818,33208,29778,27702,25049,23151,21815,18657,18171,16070,14407,11895,9224,4314,3731,3214,3257,3683,NA,NA,NA,NA,NA,NA,NA,NA,NA,NA,11494
HU,population,M,2005,48036,48364,49334,49636,49935,48011,49094,50725,53608,56693,57891,58767,61400,63987,64021,62777,63290,63724,65826,68113,65157,65754,69259,73654,77051,81009,83346,85619,89451,92541,88132,74050,73796,71877,74167,73154,73327,70068,63920,61727,60303,59715,57834,61309,64657,63231,66381,68268,77168,82178,85776,77391,68408,67949,70383,65671,63746,60548,52457,50459,56365,51338,51074,46506,46914,41914,40075,37634,35618,36029,35265,34431,33124,30993,31255,27849,25748,23089,21229,19949,16832,16312,14315,12740,10375,7941,3668,3162,2669,2643,NA,NA,NA,NA,NA,NA,NA,NA,NA,NA,11936
HU,population,M,2006,49771,48497,48616,49475,49769,49994,48049,49117,50781,53650,56737,57927,58820,61438,64042,64114,62942,63342,63795,65963,68445,65482,66136,69721,74082,77423,81331,83625,85830,89577,92633,88163,74100,73862,71955,74235,73197,73348,70067,63907,61661,60252,59609,57676,60983,64295,62742,65839,67614,76402,81234,84664,76353,67353,66831,69231,64466,62529,59313,51403,49361,55000,50018,49698,45184,45415,40513,38614,36186,34123,34435,33490,32610,31242,29191,29282,25864,23748,21046,19334,18006,14986,14485,12512,11019,8915,6682,3050,2600,2143,NA,NA,NA,NA,NA,NA,NA,NA,NA,NA,11419
HU,population,M,2007,50559,50132,48744,48732,49558,49840,50046,48107,49156,50816,53720,56798,57957,58857,61505,64143,64210,63044,63474,63981,66307,68654,65564,66235,69782,74191,77528,81416,83662,85930,89677,92720,88293,74225,73941,71998,74296,73276,73374,70069,63830,61558,60102,59422,57462,60668,63947,62297,65303,66948,75588,80284,83502,75271,66342,65765,68141,63305,61309,58053,50323,48221,53713,48720,48417,43941,43988,39195,37229,34812,32733,32837,31939,30924,29505,27380,27417,24056,21892,19243,17556,16153,13310,12749,10942,NA,NA,NA,NA,NA,NA,NA,NA,NA,NA,NA,NA,NA,NA,NA,38269
HU,population,M,2008,49333,50907,50424,48873,48805,49628,49900,50141,48193,49223,50870,53774,56836,58044,58917,61575,64240,64352,63195,63738,64377,66538,68830,65786,66529,69984,74306,77685,81533,83792,86035,89799,92769,88349,74277,73932,72003,74193,73137,73239,69881,63637,61396,59821,59125,57121,60291,63475,61745,64590,66231,74628,79216,82296,74095,65280,64562,66834,62035,59985,56775,49165,46954,52219,47378,47025,42535,42552,37799,35755,33318,31276,31136,30252,29158,27602,25560,25372,22138,19977,17400,15834,14364,11652,11046,NA,NA,NA,NA,NA,NA,NA,NA,NA,NA,NA,NA,NA,NA,NA,41015
HU,population,M,2009,49712,49608,51164,50504,48947,48839,49654,49936,50182,48234,49264,50918,53821,56884,58101,58959,61603,64275,64395,63253,63850,64519,66714,69047,66042,66791,70256,74592,77938,81792,84047,86189,89930,92884,88478,74348,73971,72054,74239,73134,73193,69828,63521,61263,59653,58893,56806,59933,62995,61187,63931,65448,73717,78129,81083,72930,64130,63353,65598,60771,58651,55412,47926,45693,50679,45931,45583,41173,41039,36370,34222,31829,29742,29527,28485,27402,25916,23715,23485,20327,18205,15694,14095,12649,10180,NA,NA,NA,NA,NA,NA,NA,NA,NA,NA,NA,NA,NA,NA,NA,43690
HU,population,M,2010,48693,50515,50076,51294,50591,48970,48824,49597,49910,50171,48232,49249,50883,53807,56878,58152,59024,61797,64634,65072,64316,64898,65372,67435,69661,66529,67150,70615,74781,78119,81914,84129,86282,89934,92882,88532,74320,73927,71862,74072,72999,72991,69518,63187,61004,59310,58465,56327,59341,62306,60505,63215,64539,72609,76844,79699,71587,62970,62064,64257,59379,57219,54111,46684,44336,49216,44509,44019,39713,39483,34885,32707,30362,28167,27899,26719,25582,24112,21941,21554,18481,16409,14007,12443,11114,NA,NA,NA,NA,NA,NA,NA,NA,NA,NA,NA,NA,NA,NA,NA,45013
HU,population,M,2011,45531,49214,50880,50198,51334,50552,48974,48847,49620,49945,50196,48259,49275,50912,53849,56967,58231,59145,62045,65045,65437,64571,65068,65614,67613,69775,66659,67185,70691,74815,78167,81922,84080,86273,89840,92802,88423,74193,73805,71785,73970,72834,72718,69277,62930,60702,58968,58081,55885,58813,61641,59834,62451,63675,71566,75578,78347,70236,61735,60769,62808,57993,55790,52699,45398,43014,47727,43041,42526,38224,37910,33268,31192,28807,26596,26216,25006,23847,22348,20143,19745,16669,14717,12402,10938,NA,NA,NA,NA,NA,NA,NA,NA,NA,NA,NA,NA,NA,NA,NA,47130
HU,population,M,2012,45075,45931,49615,50854,49895,51709,50402,48396,48142,49288,49713,50098,48484,49717,52219,56062,59325,60655,61570,63985,66358,65134,63775,63200,63059,63230,63810,60481,61183,64960,68664,71908,77075,80619,84796,88721,92452,88150,74362,73291,71979,72931,73443,72921,69601,63498,60764,59764,58606,56431,59638,61766,61341,63647,65218,72672,77493,79871,71662,62973,62223,62925,59051,56681,53251,45843,43165,47967,42967,42066,37884,36375,32224,30052,27442,25081,24506,23306,21975,20122,18213,17193,14870,12577,10480,9140,7812,6107,5414,4324,NA,NA,NA,NA,NA,NA,NA,NA,NA,NA,10848
HU,population,M,2013,45132,45182,45867,49452,50682,49863,51565,50316,48405,48325,49505,49910,50351,48686,49871,52288,55887,59103,60658,61554,63937,66256,65167,63709,63169,62975,63112,63722,60479,61223,64896,68604,71954,77094,80716,84914,88910,92478,88368,74454,73438,72082,72982,73471,72877,69535,63432,60652,59555,58477,56083,59254,61278,60823,63021,64479,71698,76383,78607,70458,61698,60932,61485,57568,55173,51889,44514,41705,46324,41463,40423,36315,34754,30529,28408,25830,23465,22867,21609,20248,18301,16395,15381,13152,10939,9041,7782,6516,5028,4358,3416,2718,1911,1346,524,388,277,216,207,134,472
HU,population,M,2014,44097,46859,45014,45724,49305,50680,49555,51325,50239,48529,48383,49751,50107,50474,48804,49835,52051,55577,59077,60566,61299,63753,66052,64894,63657,63062,62893,62934,63651,60441,60958,64775,68468,71792,77058,80752,84915,88800,92603,88286,74487,73346,72091,73013,73326,72847,69427,63223,60486,59252,58073,55859,58675,60670,60036,62238,63657,70608,75296,77286,69062,60500,59510,59915,56126,53657,50284,43138,40395,44714,39850,38855,34667,33003,29029,26779,24207,21907,21132,19869,18505,16536,14681,13595,11481,9368,7655,6528,5342,4068,3446,2638,2045,1398,1036,369,277,211,163,145,470
HU,population,M,2015,45506,46026,46760,44918,45672,49360,50386,49379,51340,50429,48657,48715,50023,50309,50660,48821,49696,51838,55811,59076,60362,61299,63669,65999,64956,63586,63011,62716,62932,63504,60249,60912,64590,68331,71723,77119,80740,84978,88906,92617,88329,74477,73394,72169,72924,73465,72816,69256,63127,60243,59013,57820,55386,58173,60041,59348,61488,62707,69533,74084,75734,67750,59105,58134,58381,54641,51959,48811,41774,38971,43034,38204,37080,32957,31207,27412,25298,22616,20331,19502,18065,16748,14763,13018,11965,9891,7976,6423,5342,4346,3265,2682,2004,1540,1079,756,288,224,156,127,503
HU,population,M,2016,45505,47786,46010,46750,44858,45730,49088,50279,49423,51548,50544,48979,48947,50178,50463,50687,48721,49539,52049,55772,58861,60356,61098,63404,65858,64878,63524,63042,62854,62939,63469,60347,61075,64681,68447,71876,77246,80895,85060,89039,92727,88282,74604,73553,72209,73093,73432,72693,69253,62831,59929,58801,57376,54947,57583,59539,58616,60650,61818,68389,72575,74198,66214,57808,56693,56734,52923,50305,47292,40371,37481,41275,36421,35333,31284,29466,25699,23595,20918,18707,17680,16238,14964,13086,11390,10302,8420,6620,5239,4302,3432,2510,1984,1443,1137,761,538,206,170,110,524
HU,population,M,2017,46626,47229,47638,45877,46580,44934,45422,48886,50230,49591,51720,50921,49237,49004,50194,50335,50458,48379,49679,52026,55685,58912,60249,60975,63475,65739,64741,63326,63096,62769,62675,63466,60254,60990,64738,68413,71938,77232,80902,84910,88960,92430,88041,74450,73126,72153,72867,73018,72353,68727,62364,59567,58151,56780,54340,57002,58751,57790,59697,60810,66940,71113,72404,64579,56271,55046,54900,51226,48670,45599,38842,35937,39439,34589,33498,29550,27812,24058,21971,19241,17074,15946,14525,13305,11545,9865,8843,7127,5487,4183,3483,2689,1859,1492,1097,852,594,393,165,137,579
HU,population,M,2018,45890,48841,47139,47561,45771,46726,44680,45246,48937,50481,49786,52073,51191,49310,49074,50045,50146,50143,48673,49885,52211,56180,59236,60623,61436,63923,66032,65122,63725,63229,62911,63044,63729,60459,61361,65179,68797,72283,77571,81061,85143,89024,92508,88066,74403,73270,72154,72658,72943,71970,68347,62116,59101,57638,56215,53894,56332,57968,56972,58688,59489,65566,69328,70580,62829,54565,53302,53027,49371,46861,43787,37271,34146,37489,32833,31588,27744,25917,22257,20227,17603,15422,14267,12792,11695,9908,8418,7487,5849,4368,3327,2723,2049,1326,1148,823,629,471,299,148,634
HU,population,M,2019,44503,48270,48795,47077,47458,45901,46476,44501,45263,49125,50710,50168,52357,51297,49348,48955,49841,49777,50549,49106,50267,52829,56668,59847,61362,62295,64616,66614,65848,64172,63547,63587,63577,64252,60964,61962,65796,69434,72890,78002,81673,85402,89299,92678,88139,74746,73517,72059,72807,72797,71707,68214,61686,58799,57153,55768,53262,55638,57214,56119,57491,58271,63893,67576,68684,60926,52801,51536,51151,47506,45062,42046,35477,32372,35494,30995,29690,25951,24093,20447,18501,15912,13744,12626,11347,10016,8531,7185,6196,4653,3497,2607,2073,1535,1023,874,587,495,368,239,702
HU,population,M,2020,43628,47671,48223,48736,46936,47529,45640,46321,44570,45488,49362,51131,50452,52478,51368,49235,48787,49506,50165,50897,49277,50584,53127,57013,60424,61950,62841,65124,67271,66189,64416,64092,64030,64026,64881,61694,62555,66372,69947,73233,78615,81940,85642,89512,92753,88555,74968,73512,72277,72622,72553,71638,67817,61354,58377,56727,55179,52653,54992,56411,55122,56472,56872,62416,65901,66738,59079,51152,49764,49370,45707,43287,40192,33814,30828,33620,29206,27868,24173,22294,18821,16798,14310,12302,11295,9782,8580,7264,5965,5007,3737,2745,1991,1556,1185,768,633,475,376,294,851
LT,deaths,F,2000,147,19,7,9,4,2,4,5,7,3,4,5,7,5,8,9,8,15,11,14,6,17,11,16,13,16,10,15,20,19,20,28,24,26,34,26,32,30,39,56,49,46,72,50,56,70,95,80,99,84,93,105,109,79,109,118,136,177,181,154,183,209,230,221,218,266,282,299,358,383,361,468,444,551,598,547,578,614,573,602,585,486,450,492,495,584,599,594,543,525,469,436,361,307,239,168,120,82,61,71,144
LT,deaths,F,2001,92,15,7,6,9,2,2,1,6,3,5,1,3,6,4,4,7,9,18,15,22,15,13,11,18,12,16,15,19,12,29,17,25,27,23,37,35,37,39,67,59,68,58,66,65,74,77,86,97,89,110,118,134,112,107,122,142,159,153,185,174,202,183,214,253,265,278,281,318,340,440,425,438,501,525,610,634,647,688,640,656,617,530,437,491,517,554,577,594,576,460,449,353,293,237,200,133,79,60,45,129
LT,deaths,F,2002,105,8,7,8,4,4,1,6,4,4,6,3,4,4,11,4,8,16,13,14,11,13,12,10,7,11,14,30,19,16,18,19,26,33,26,29,24,37,46,41,39,50,59,60,71,63,71,90,87,89,101,100,130,127,107,110,135,134,154,177,212,222,204,235,231,271,315,282,321,364,441,479,489,579,547,587,646,650,691,720,747,644,611,470,450,493,494,563,558,610,513,425,366,301,248,179,128,97,80,48,114
LT,deaths,F,2003,87,8,4,11,2,3,2,2,4,4,5,4,7,4,6,7,8,13,25,11,9,9,11,6,12,21,11,13,16,18,13,19,29,26,32,35,27,36,27,46,53,68,56,71,81,69,77,85,110,102,101,96,122,128,136,118,134,134,146,166,206,212,218,213,238,261,265,270,322,383,403,409,469,467,560,608,668,666,712,724,748,695,700,633,500,451,445,455,527,498,501,419,346,303,236,208,152,105,63,53,132
LT,deaths,F,2004,108,6,6,5,5,8,6,3,1,2,3,2,4,3,5,13,10,11,6,11,11,11,6,8,8,9,11,14,16,21,13,15,16,24,22,27,31,35,27,33,54,44,69,70,76,72,81,88,85,99,113,111,115,114,149,145,120,136,168,146,166,205,236,239,267,251,273,310,335,337,396,425,452,518,541,614,656,626,739,767,771,790,764,696,610,553,420,468,413,491,503,439,360,307,237,193,153,94,65,41,120
LT,deaths,F,2005,89,7,5,3,1,5,5,1,3,1,3,2,4,3,5,6,10,12,15,12,15,10,9,11,9,12,16,10,17,22,13,18,28,30,32,35,21,38,45,43,37,50,75,72,74,75,81,101,104,102,110,98,108,130,148,161,162,147,164,187,171,157,229,235,265,241,273,297,342,359,368,437,509,474,576,574,602,750,746,785,779,831,872,824,734,662,521,434,439,474,467,423,426,306,267,205,173,92,89,61,134
LT,deaths,F,2006,97,7,9,5,5,2,4,3,3,4,3,1,2,6,8,8,11,9,11,11,7,13,13,8,9,17,15,14,17,22,22,19,25,32,32,39,36,36,59,47,51,50,48,80,88,108,90,113,87,118,123,125,103,129,137,143,167,186,152,171,204,193,198,248,270,312,258,330,318,340,411,404,440,480,569,615,648,685,781,805,856,875,878,866,864,725,650,491,386,405,390,416,376,310,244,263,174,121,89,48,108
LT,deaths,F,2007,94,8,2,0,5,3,5,3,3,3,3,2,7,9,8,13,13,7,6,6,11,8,12,8,8,14,14,17,22,19,17,22,20,28,26,31,43,45,57,43,54,63,67,68,72,91,101,118,112,117,124,126,134,114,144,159,162,194,194,179,193,215,190,232,246,273,270,297,319,355,385,449,433,484,533,580,624,699,731,762,785,819,948,898,868,773,683,633,469,378,355,339,303,344,258,234,165,116,85,40,120
LT,deaths,F,2008,79,6,4,5,2,7,1,2,2,3,3,3,4,8,6,10,9,8,14,8,11,11,13,13,18,13,9,12,10,12,13,11,27,20,30,24,26,47,40,49,64,64,65,69,62,81,84,90,111,121,132,119,149,146,138,161,176,171,197,220,167,172,222,200,226,260,273,306,324,337,366,401,426,481,499,532,630,673,739,752,798,908,903,861,840,858,757,704,553,440,342,348,285,291,266,214,169,102,97,58,121
LT,deaths,F,2009,72,2,6,3,3,2,0,1,1,4,2,3,4,5,3,5,10,6,7,12,12,13,9,11,9,12,9,8,11,13,15,14,20,22,24,29,23,28,28,44,54,50,41,56,63,63,70,94,99,89,118,87,116,134,120,115,140,143,161,178,206,181,177,182,217,202,250,290,296,342,324,385,409,487,472,520,570,652,726,733,798,822,882,931,884,864,790,758,654,527,360,316,252,244,253,203,170,124,89,54,112
LT,deaths,F,2010,68,3,5,5,3,0,3,5,2,0,1,2,2,4,2,4,2,8,8,4,8,7,8,9,9,6,12,14,13,14,13,12,17,20,23,20,23,29,25,28,37,44,42,45,51,73,73,86,102,100,77,121,127,112,130,129,171,132,156,166,183,199,168,164,210,194,218,283,301,288,322,384,406,409,493,556,570,629,663,706,804,898,926,858,930,925,876,865,724,634,502,325,296,219,231,236,170,120,102,67,115
LT,deaths,F,2011,64,3,5,2,3,2,0,1,2,3,4,0,4,3,1,4,0,2,5,11,10,5,9,8,6,13,8,7,17,8,12,16,18,14,29,40,20,31,26,31,37,44,43,59,49,75,76,63,81,97,119,107,120,119,123,120,140,141,139,154,175,201,181,166,193,192,216,230,301,298,327,316,395,408,469,515,520,562,655,741,800,797,852,869,946,967,914,801,713,655,547,425,299,201,180,148,140,123,98,69,135
LT,deaths,F,2012,50,6,2,1,0,4,3,3,1,2,2,1,0,4,0,1,3,8,5,11,9,7,9,5,2,8,5,6,15,9,11,15,9,11,19,30,24,25,31,38,34,41,46,47,55,60,61,73,86,91,92,112,110,147,116,115,128,144,126,164,157,150,180,194,189,189,214,228,256,276,345,346,349,412,439,492,549,565,594,711,723,771,919,886,923,929,954,869,781,762,637,484,414,282,156,165,130,121,81,70,112
LT,deaths,F,2013,44,6,1,3,4,3,3,5,1,4,1,0,1,3,3,4,7,7,8,10,8,8,9,4,3,5,15,15,18,11,8,16,14,15,16,22,16,18,29,38,30,40,49,42,57,67,64,74,75,64,86,99,120,131,123,134,133,138,142,127,159,191,184,205,213,184,199,246,239,266,321,319,370,386,451,472,507,553,615,696,807,818,898,928,931,940,951,912,880,785,674,547,433,340,233,149,127,98,76,74,144
LT,deaths,F,2014,66,4,1,4,2,2,2,2,2,0,1,2,5,2,4,3,4,6,4,5,6,3,5,12,8,8,10,7,6,17,15,15,12,17,21,24,13,17,18,23,24,39,36,42,55,42,57,65,72,65,70,87,112,102,137,107,116,132,161,147,140,163,180,174,207,224,206,208,224,262,282,334,389,346,405,423,501,591,567,663,667,781,815,934,859,971,948,920,880,727,713,638,474,388,258,184,102,91,57,67,133
LT,deaths,F,2015,56,9,5,3,2,2,3,1,1,3,2,0,0,3,8,3,4,3,9,5,5,10,1,5,4,11,7,7,12,7,13,17,13,14,19,27,24,19,27,27,33,29,50,40,57,52,54,63,66,64,78,88,96,93,117,126,122,142,133,149,147,171,180,180,206,236,249,222,238,253,249,273,365,403,435,416,521,565,614,707,717,765,830,946,947,945,1032,992,953,908,746,678,571,448,334,267,129,110,56,48,152
LT,deaths,F,2016,70,5,2,1,3,2,2,4,0,1,0,1,3,1,2,2,1,6,3,5,2,4,5,5,6,4,12,9,6,11,16,6,14,15,21,15,17,21,19,28,31,21,32,43,28,52,52,71,65,65,69,68,102,110,115,122,106,124,163,162,140,187,180,160,191,210,229,276,247,236,278,277,347,378,423,459,456,537,636,652,749,748,768,833,940,954,937,1017,924,818,774,662,574,492,344,261,192,92,64,44,141
LT,deaths,F,2017,40,2,1,4,0,2,1,2,2,0,0,1,1,2,3,2,1,2,4,5,2,4,8,3,15,6,14,10,4,8,12,9,12,19,13,15,22,23,24,27,21,31,31,39,41,63,53,63,53,54,80,75,81,77,90,119,124,141,128,132,123,143,172,165,173,218,208,222,273,251,250,263,325,354,399,463,493,476,585,657,739,779,761,865,922,985,993,933,960,894,791,738,599,513,427,325,218,132,80,48,120
LT,deaths,F,2018,41,4,1,2,1,1,2,0,2,1,2,1,4,1,4,2,4,4,4,7,5,7,7,6,5,7,6,5,9,8,13,7,14,17,13,14,17,20,15,24,23,21,30,39,49,33,34,56,58,51,78,75,69,73,109,103,115,121,136,155,150,169,149,207,171,205,218,233,233,255,243,277,260,289,352,451,499,500,576,670,679,779,827,744,867,962,959,947,960,857,839,709,673,540,415,329,224,155,97,41,105
LT,deaths,F,2019,35,3,1,1,2,1,1,1,3,5,1,3,0,1,0,3,2,3,7,4,6,8,5,5,2,3,3,6,11,10,10,13,11,18,15,11,18,12,19,20,17,25,29,26,39,32,46,55,62,58,56,74,78,79,93,93,86,109,133,159,157,165,162,189,187,222,226,217,242,266,279,262,275,327,341,369,486,500,508,534,629,677,789,806,833,862,920,942,883,812,841,703,617,539,392,352,231,154,109,59,92
LT,deaths,F,2020,30,2,3,1,2,0,1,0,0,2,1,0,3,0,3,4,4,2,8,3,2,7,3,4,4,1,6,9,5,9,10,10,11,16,15,10,20,10,18,26,23,24,29,30,32,35,65,61,66,70,76,88,82,96,96,121,128,131,128,157,181,202,179,198,224,233,213,223,275,277,309,361,347,358,404,410,481,548,664,666,620,778,833,953,946,945,1005,1000,1055,906,861,860,679,622,474,373,257,201,127,79,100
LT,deaths,M,2000,147,24,17,7,15,10,7,14,4,7,10,7,10,3,14,11,24,33,47,60,56,55,71,62,58,64,65,82,73,65,91,105,105,74,113,102,134,120,114,166,164,182,177,178,157,211,174,222,242,260,293,278,248,259,296,294,273,355,403,387,401,430,438,450,446,462,474,512,550,549,573,574,581,507,506,457,452,453,434,396,370,268,257,225,232,271,248,215,204,170,148,169,207,149,97,51,51,43,30,16,38
LT,deaths,M,2001,158,15,14,15,11,6,15,9,5,8,7,14,7,12,16,20,25,34,71,59,54,66,59,66,61,60,79,68,71,84,81,123,104,107,112,114,126,129,149,144,175,194,196,203,201,201,217,233,232,271,288,338,322,280,282,324,305,322,416,444,409,438,467,470,492,510,519,502,531,541,566,549,578,602,536,489,482,504,469,460,398,365,286,198,250,229,228,239,232,183,171,151,173,166,129,79,56,35,20,6,38
LT,deaths,M,2002,133,9,16,8,14,8,12,5,6,7,11,5,6,11,10,13,30,31,49,60,53,54,63,61,69,61,71,56,79,72,83,76,90,100,93,99,122,140,150,162,185,205,192,198,234,233,229,220,232,231,276,294,350,306,294,325,313,323,320,395,435,438,480,505,473,526,521,524,551,535,622,593,574,577,590,562,468,463,523,464,453,397,396,281,198,238,202,208,197,221,164,150,120,123,180,109,68,43,33,14,42
LT,deaths,M,2003,119,10,10,10,5,7,3,3,7,4,6,5,6,10,7,20,23,28,35,56,51,70,55,38,73,54,80,66,67,68,86,108,114,103,87,108,108,114,121,143,166,200,172,227,220,241,227,241,270,245,260,283,295,351,340,303,315,354,338,345,411,419,448,462,500,536,515,590,522,504,571,577,603,599,602,609,540,490,455,518,484,413,386,310,263,235,197,225,184,222,166,136,108,107,91,123,91,46,29,26,63
LT,deaths,M,2004,132,12,11,5,4,6,7,3,10,4,2,4,6,9,10,19,33,31,31,55,54,63,51,54,50,67,63,64,59,71,95,106,93,100,123,119,123,125,121,130,139,201,194,205,234,235,284,251,240,292,272,282,326,333,339,386,325,345,314,316,391,449,491,515,460,502,496,515,555,556,519,590,645,586,602,614,610,518,470,432,416,448,408,345,291,228,157,165,172,184,167,143,120,83,72,87,89,58,23,18,38
LT,deaths,M,2005,120,16,4,10,6,5,11,6,8,13,3,4,9,9,14,16,15,33,37,60,46,48,76,67,59,69,67,78,75,85,83,89,90,124,107,155,120,127,150,153,189,203,203,200,230,288,294,287,298,275,336,335,308,378,340,439,402,358,337,389,404,479,513,518,537,576,560,581,518,591,566,578,603,581,616,604,609,609,548,447,477,431,442,387,362,288,198,174,153,151,152,134,112,107,67,63,84,88,38,26,55
LT,deaths,M,2006,116,7,7,4,8,6,8,5,13,6,5,6,5,9,10,12,17,30,48,48,56,52,40,53,63,67,68,60,71,72,85,93,97,95,89,125,116,145,146,145,202,200,203,230,265,255,291,324,297,296,369,354,360,358,374,406,439,407,403,451,431,413,477,588,569,550,573,562,556,552,567,544,634,637,621,625,579,614,591,556,485,459,414,417,356,311,256,167,147,158,124,111,117,88,64,58,41,56,57,33,59
LT,deaths,M,2007,96,12,2,4,6,8,4,2,8,3,7,2,6,7,18,17,20,34,42,58,52,55,58,65,63,48,80,72,79,84,78,96,89,96,130,130,149,161,152,189,182,216,185,267,259,277,301,366,362,373,337,348,364,418,355,406,402,458,493,425,490,434,433,502,518,593,577,572,548,598,620,596,574,584,616,618,604,654,611,603,535,497,430,435,407,333,296,255,170,111,140,133,102,82,65,54,43,30,39,47,58
LT,deaths,M,2008,93,11,8,6,2,4,6,7,7,5,2,3,6,6,12,7,12,23,32,34,51,64,47,49,50,59,61,60,77,84,70,97,91,90,102,126,116,124,148,135,169,163,189,213,202,231,254,277,279,323,360,303,361,360,388,391,372,410,439,460,425,378,429,412,471,491,566,507,501,550,529,572,538,594,560,573,577,590,525,616,559,489,447,373,423,357,357,280,199,130,124,114,96,92,93,53,49,23,18,31,76
LT,deaths,M,2009,109,5,7,5,1,5,2,5,5,1,6,8,5,7,7,13,26,41,40,37,41,46,47,53,51,58,48,49,46,61,56,65,68,80,92,89,94,120,108,128,127,152,153,165,149,207,211,230,267,308,270,300,280,302,303,345,329,351,360,433,402,402,415,438,433,491,483,553,512,550,525,522,528,563,522,564,596,564,627,578,528,567,550,404,414,370,313,285,235,180,142,84,98,80,68,68,47,39,25,18,68
LT,deaths,M,2010,85,9,6,1,4,3,2,1,4,2,6,6,1,4,5,13,16,21,35,35,40,31,45,47,46,43,42,36,49,42,63,62,73,72,71,87,99,100,118,124,132,144,171,161,149,210,170,223,244,274,289,300,320,292,304,344,334,345,408,396,442,411,398,414,441,420,431,492,509,548,491,549,516,560,602,553,564,575,538,566,560,587,526,462,389,368,326,274,269,211,175,136,92,74,51,57,45,41,22,21,71
LT,deaths,M,2011,80,11,4,5,1,3,2,0,3,10,6,3,6,6,3,7,10,27,31,25,37,34,35,35,48,39,40,54,48,49,41,53,57,55,72,66,72,88,96,123,116,153,137,163,150,177,197,195,253,283,299,268,307,286,312,324,313,337,347,377,421,400,439,444,385,417,422,429,476,569,513,485,545,552,528,581,523,546,555,568,589,512,528,534,443,336,308,292,269,216,171,157,81,66,65,37,33,34,23,21,51
LT,deaths,M,2012,68,6,4,1,3,5,2,1,3,2,4,1,5,5,6,8,9,18,23,29,33,44,42,23,38,41,50,42,40,47,60,63,60,66,77,73,75,100,91,94,108,120,128,159,133,159,156,213,225,206,244,303,320,334,320,307,322,355,331,357,411,443,440,411,395,416,428,427,403,479,544,482,480,502,559,503,570,564,565,573,567,582,488,508,468,427,355,271,257,234,199,167,106,73,41,36,39,35,18,15,48
LT,deaths,M,2013,66,6,4,2,1,1,1,2,1,1,1,2,5,3,5,9,18,12,22,28,31,35,48,27,44,41,53,41,38,56,46,57,49,54,65,91,72,91,88,95,105,135,145,131,144,179,192,224,204,197,250,293,313,311,334,327,326,327,366,337,349,385,413,433,466,388,389,419,422,439,499,517,486,515,497,551,511,568,520,536,508,598,549,526,511,452,377,343,303,262,199,179,141,121,64,35,50,28,31,15,42
LT,deaths,M,2014,52,8,8,4,4,3,2,7,2,2,2,3,4,4,5,10,8,13,27,30,28,36,36,43,40,36,35,47,37,43,39,62,60,55,60,65,70,77,103,114,101,111,132,132,137,157,155,181,176,189,213,241,279,288,312,323,301,338,332,361,335,355,408,416,427,423,382,378,420,431,410,481,528,501,479,513,530,554,554,532,516,543,501,544,478,506,416,353,294,231,197,212,144,109,82,42,27,31,21,21,42
LT,deaths,M,2015,76,6,2,3,1,0,1,1,2,1,2,1,7,4,10,9,9,10,19,26,21,21,31,29,32,29,44,34,59,47,46,52,52,53,60,62,64,75,82,106,84,95,119,115,125,153,155,155,178,198,225,212,261,312,315,376,327,366,324,346,370,372,352,449,437,461,499,420,432,416,428,449,490,565,480,527,573,550,536,551,529,518,537,528,525,473,453,402,342,285,224,200,142,124,80,61,39,27,13,8,32
LT,deaths,M,2016,69,7,4,2,3,0,2,1,2,0,1,3,4,2,9,7,11,2,13,16,19,19,12,32,26,26,27,44,29,52,31,40,69,58,64,48,56,77,93,84,93,105,122,125,139,141,130,196,191,199,186,211,243,267,331,310,372,331,367,379,343,413,376,411,455,417,451,464,425,394,436,405,479,468,559,500,547,565,544,561,572,483,510,479,482,425,476,441,398,335,239,191,154,142,78,65,48,21,20,11,43
LT,deaths,M,2017,45,4,2,5,4,5,2,4,3,3,2,5,3,0,4,2,9,8,15,17,11,16,16,17,19,22,25,34,33,45,46,37,40,55,51,55,61,49,67,63,79,97,99,100,117,129,153,126,159,150,189,164,203,229,245,269,310,314,326,350,365,352,366,352,389,402,425,444,453,391,382,439,387,402,505,532,528,528,530,533,547,569,527,486,511,471,508,439,379,355,269,195,159,150,99,63,47,29,18,10,38
LT,deaths,M,2018,55,4,5,3,2,2,0,3,3,0,2,1,1,3,5,2,8,9,16,12,17,13,18,18,17,26,31,16,48,36,40,54,37,54,45,57,45,78,70,72,81,70,76,86,113,119,131,136,142,157,170,189,201,191,245,267,272,313,312,335,379,360,371,378,365,418,438,428,446,438,458,404,427,434,424,501,525,523,504,510,545,527,513,480,448,496,434,446,346,312,320,238,164,143,119,72,46,41,22,12,35
LT,deaths,M,2019,55,3,0,1,1,1,2,2,2,2,3,1,2,4,1,8,8,5,9,16,15,15,13,22,22,21,31,14,31,37,35,33,41,38,51,66,38,46,61,76,64,93,75,79,81,91,139,124,136,166,122,192,192,203,229,256,303,300,315,380,384,378,364,390,401,413,454,437,428,460,447,361,382,421,387,457,454,519,535,432,485,517,488,491,456,419,421,407,365,325,315,226,199,160,121,85,54,30,21,17,15
LT,deaths,M,2020,40,2,2,1,3,5,4,2,3,4,0,1,3,2,1,3,7,8,14,8,20,14,10,18,16,19,14,24,20,28,39,28,38,55,37,57,52,61,73,74,77,79,90,96,119,117,135,173,160,199,192,185,235,230,264,285,309,353,401,415,428,413,461,454,471,495,445,445,509,544,562,574,496,483,465,492,496,526,631,577,573,552,600,570,510,457,484,470,441,398,335,257,245,157,113,83,56,44,29,19,33
LT,population,F,2000,17504,17571,18012,18717,19551,20111,22188,25416,25902,26340,25690,26348,27577,28025,27951,27143,26781,25190,24321,24211,23867,23412,23201,23391,23393,23633,24110,25393,26020,26122,25142,25835,25849,26017,25745,26908,27261,28558,29514,29640,28589,28465,26267,24719,24125,23260,21869,22912,22581,23028,23134,21641,19366,18927,21056,17797,20996,23109,22868,20827,21151,21880,21605,21953,21141,19644,20523,21296,19699,20170,18659,20073,18161,17674,17133,15691,14670,13165,11233,9852,7754,5961,5034,5160,4881,5276,4613,4339,3395,3003,2375,1921,1408,1168,849,613,430,357,208,189,370
LT,population,F,2001,16145,17339,17423,17974,18767,19483,20049,22472,25831,25649,26395,25719,26181,27541,27932,27605,27060,26240,24615,23889,23520,23259,22934,22898,23139,22955,23437,23796,25155,26161,25923,25492,25922,25944,25997,25827,26969,27386,28748,29891,29204,29317,27849,26108,24934,24279,22818,21890,22929,22938,22937,22979,21017,19448,18696,20659,17826,21120,23040,22043,21120,21105,21549,21371,21612,20722,19658,20281,20686,19547,19510,18390,19147,17570,16805,16202,14677,13726,12305,10416,8916,7010,5180,4344,4533,4284,4468,3873,3549,2727,2342,1798,1359,1029,750,518,369,256,193,123,355
LT,population,F,2002,15129,16041,17280,17314,17886,18684,19411,19983,22369,25755,25558,26177,25437,25796,27306,27693,27315,26732,25965,24189,23621,23090,22883,22569,22481,22755,22664,23259,23603,24769,25671,25445,25155,25650,25670,25731,25530,26669,27080,28333,29525,28892,29003,27601,25807,24476,23937,22644,21510,22532,22801,22525,22834,20748,19024,18310,20201,17449,20629,22591,21825,21024,21051,21480,21291,21440,20514,19371,20067,20438,19331,19256,18095,18731,17201,16408,15680,14174,13261,11817,9916,8330,6468,4774,3998,4082,3801,3975,3352,3003,2262,1949,1416,1026,768,534,362,269,183,136,337
LT,population,F,2003,14204,15078,16001,17228,17267,17849,18625,19348,19929,22333,25518,25379,25864,25107,25567,26965,27320,26942,26425,25702,23804,23280,22830,22777,22445,22333,22636,22584,23188,23433,24572,25504,25267,24933,25397,25398,25455,25277,26391,26810,28052,29282,28742,28779,27435,25610,24297,23765,22529,21339,22338,22490,22333,22690,20628,18893,18141,20033,17288,20413,22319,21583,20889,20893,21329,21225,21332,20380,19182,19839,20211,18957,18914,17660,18356,16740,15894,15229,13590,12655,11161,9343,7819,6014,4369,3606,3612,3334,3460,2830,2470,1842,1638,1086,762,560,378,255,170,129,342
LT,population,F,2004,14330,14131,15005,15908,17158,17164,17770,18568,19247,19848,22263,25271,25134,25438,24625,25097,26460,26797,26348,25890,25303,23259,22917,22390,22468,22023,22082,22428,22442,22999,23158,24285,25180,25007,24655,25083,25079,25118,24932,25979,26428,27647,28892,28510,28484,27160,25356,24047,23553,22331,21085,22095,22135,22089,22520,20462,18721,17943,19846,17120,20117,22010,21328,20715,20739,21280,21116,21238,20259,19026,19519,19960,18594,18589,17282,17923,16203,15346,14716,12989,11990,10529,8779,7258,5505,3965,3242,3183,2912,2981,2382,2058,1527,1387,824,538,397,246,176,108,312
LT,population,F,2005,14423,14201,14022,14847,15748,16972,17017,17638,18475,19136,19761,22136,25067,24933,25114,24298,24665,26016,26246,25677,25239,24704,22608,22230,21840,21551,21625,21791,22105,22176,22649,22834,23966,24844,24681,24304,24670,24720,24815,24539,25618,26088,27289,28593,28238,28065,26933,25126,23705,23313,22112,20818,21810,21852,21791,22330,20295,18542,17710,19602,16933,19818,21709,21063,20396,20451,20976,20794,20900,19897,18660,19076,19477,18126,18043,16709,17253,15594,14626,13945,12227,11207,9742,8067,6570,4927,3469,2820,2721,2468,2468,1927,1631,1217,1117,594,381,272,167,122,283
LT,population,F,2006,14131,14246,13978,13761,14584,15609,16720,16887,17464,18270,18987,19626,21957,24594,24571,24435,23641,24105,25192,25104,24535,23877,23367,21738,21255,20711,20803,21012,21293,21707,21853,22246,22368,23449,24300,24202,23875,24218,24261,24405,24158,25199,25655,26822,28201,27901,27634,26731,24837,23356,22967,21840,20522,21467,21514,21467,22104,20102,18347,17460,19265,16702,19534,21391,20745,20100,20117,20644,20407,20520,19536,18227,18563,18949,17587,17439,16146,16502,14863,13854,13136,11400,10347,8865,7339,5859,4308,2993,2395,2266,2005,2005,1503,1269,896,895,394,272,165,105,243
LT,population,F,2007,14346,14005,14063,13898,13673,14507,15528,16634,16804,17386,18224,18911,19556,21863,24414,24380,24127,23326,23713,24723,24549,23994,23382,22918,21410,20726,20349,20619,20841,21060,21501,21723,22059,22208,23311,24082,23940,23597,23981,23992,24102,23869,24933,25359,26485,27823,27708,27314,26568,24668,23079,22710,21626,20303,21289,21244,21249,21906,19893,18153,17237,19003,16482,19275,21063,20416,19798,19773,20303,20047,20131,19113,17833,18086,18409,17007,16801,15488,15717,14047,13054,12224,10543,9454,7997,6573,5144,3734,2558,2020,1842,1631,1580,1156,977,661,680,248,163,98,219
LT,population,F,2008,14368,14222,13888,13933,13798,13567,14368,15433,16540,16731,17297,18133,18825,19496,21748,24268,24228,23826,22993,23327,24217,23997,23454,22909,22611,21054,20440,20038,20325,20520,20850,21289,21526,21873,21995,23138,23822,23704,23340,23714,23737,23848,23591,24604,25051,26139,27486,27464,27104,26392,24451,22876,22472,21442,20084,21054,20954,20960,21693,19672,17908,17021,18769,16267,18984,20749,20135,19473,19445,19939,19649,19692,18664,17388,17539,17838,16410,16138,14788,14948,13228,12293,11317,9640,8544,7171,5821,4497,3197,2114,1673,1481,1313,1240,870,727,468,527,162,100,180
LT,population,F,2009,15144,14262,14075,13758,13824,13717,13473,14289,15373,16477,16680,17225,18058,18750,19428,21658,24168,24125,23676,22832,23056,23851,23621,23086,22493,22256,20577,20042,19764,20066,20318,20620,21033,21307,21691,21702,22878,23659,23544,23171,23552,23583,23670,23428,24406,24794,25947,27298,27248,26905,26206,24276,22697,22256,21228,19865,20835,20741,20754,21454,19463,17719,16799,18519,16061,18734,20441,19826,19161,19094,19557,19250,19290,18187,16894,17009,17244,15773,15407,14070,14113,12371,11388,10395,8841,7671,6350,5093,3850,2725,1733,1325,1151,1027,954,650,515,344,419,86,135
LT,population,F,2010,15514,14965,14075,13869,13618,13673,13587,13396,14195,15266,16396,16600,17161,17970,18662,19337,21504,24086,23912,23376,22413,22475,23236,22944,22445,21907,21465,19982,19546,19371,19719,19971,20258,20727,20943,21304,21331,22560,23431,23310,22972,23311,23426,23456,23211,24076,24563,25712,27047,26986,26686,26001,24100,22500,22064,20974,19644,20645,20534,20510,21257,19193,17523,16602,18270,15848,18509,20159,19494,18823,18751,19167,18824,18847,17678,16416,16449,16614,15104,14636,13335,13277,11517,10476,9474,7937,6834,5549,4412,3267,2244,1423,1048,915,758,724,468,363,242,343,89
LT,population,F,2011,14909,15373,14592,13661,13531,13336,13374,13296,13146,13975,15019,16140,16342,16909,17725,18391,19112,21286,23718,22762,22367,21296,21064,21336,20862,20363,19636,19440,18332,17960,18015,18475,18807,19213,19682,19986,20488,20655,21884,22782,22676,22394,22749,22926,22893,22574,23532,23979,25126,26474,26443,26124,25520,23644,22086,21626,20577,19318,20367,20274,20309,21045,19003,17326,16411,18051,15645,18230,19836,19194,18490,18402,18747,18393,18433,17153,15844,15825,15948,14442,13845,12511,12347,10627,9577,8531,7035,5933,4747,3737,2696,1839,1129,801,662,540,513,328,254,151,293
LT,population,F,2012,14580,14883,15220,14361,13445,13340,13163,13210,13170,13029,13855,14874,15963,16183,16772,17568,18272,18978,21038,22763,22235,21746,20494,19867,20297,19915,19310,18817,18809,17758,17443,17494,18030,18336,18789,19194,19591,20167,20313,21561,22443,22398,22090,22457,22612,22498,22291,23221,23749,24818,26161,26154,25851,25254,23375,21803,21417,20360,19123,20180,20117,20097,20831,18830,17123,16212,17800,15446,17945,19517,18884,18146,18068,18331,17950,17932,16650,15278,15203,15250,13705,12999,11716,11449,9699,8634,7552,6199,5166,4053,3134,2183,1491,899,615,490,399,372,231,178,268
LT,population,F,2013,14538,14619,14802,15112,14236,13310,13199,13030,13095,13071,12948,13776,14774,15872,16117,16685,17458,18152,18816,20418,22120,21591,21072,19725,19142,19759,19400,18806,18568,18593,17607,17404,17500,18063,18395,18732,19109,19514,20079,20212,21455,22369,22325,22009,22401,22405,22292,22125,23083,23586,24671,26039,26033,25716,25114,23199,21636,21271,20214,18987,20036,19972,19968,20680,18654,16927,15998,17576,15197,17681,19203,18525,17753,17654,17848,17452,17354,16087,14694,14545,14491,12965,12146,10810,10511,8755,7695,6628,5380,4398,3362,2533,1748,1154,670,480,336,283,270,156,301
LT,population,F,2014,14085,14598,14542,14693,14982,14115,13192,13078,12951,13030,13002,12887,13685,14706,15828,16048,16568,17350,18019,18221,19840,21565,20997,20350,19073,18730,19362,19006,18663,18427,18559,17664,17539,17632,18192,18397,18698,19082,19467,20014,20155,21407,22324,22250,21963,22187,22249,22160,21987,22949,23493,24588,25944,25882,25560,24935,23061,21499,21135,20095,18873,19918,19828,19809,20458,18431,16701,15791,17319,14948,17356,18844,18140,17329,17167,17322,16946,16755,15485,14053,13784,13618,12101,11202,9869,9516,7818,6751,5710,4561,3663,2736,2031,1375,864,486,354,211,195,196,273
LT,population,F,2015,14185,14165,14509,14439,14581,14880,14008,13074,12989,12874,12976,12944,12808,13621,14647,15736,15959,16478,17213,17483,17706,19363,21021,20337,19781,18751,18441,19049,18933,18596,18459,18685,17871,17706,17825,18239,18420,18689,19074,19441,19973,20124,21387,22279,22244,21831,22063,22160,22034,21902,22872,23430,24516,25850,25740,25411,24818,22906,21387,20996,19965,18757,19801,19719,19655,20218,18196,16495,15601,17018,14651,17033,18450,17747,16904,16686,16814,16400,16155,14795,13402,13030,12788,11209,10309,8943,8521,6917,5823,4904,3819,2975,2204,1593,1060,631,362,250,141,138,296
LT,population,F,2016,14450,14214,14049,14359,14275,14460,14727,13861,12973,12906,12786,12852,12830,12719,13562,14558,15607,15841,16278,16544,16825,17084,18616,20179,19624,19261,18242,17997,18808,18703,18517,18447,18744,17917,17783,17776,18166,18328,18587,18971,19336,19903,20062,21313,22224,21992,21663,21913,22008,21913,21815,22797,23313,24405,25702,25554,25255,24653,22799,21265,20850,19827,18620,19648,19505,19416,19952,17937,16247,15356,16717,14385,16694,18004,17312,16441,16167,16180,15788,15466,14060,12603,12260,11857,10242,9318,7995,7468,5947,4905,4061,3097,2332,1722,1185,753,447,242,173,93,256
LT,population,F,2017,14181,14444,14063,13892,14155,14076,14304,14561,13699,12865,12809,12669,12750,12758,12682,13443,14418,15477,15610,15489,15791,16111,16208,17612,19299,18937,18658,17599,17632,18473,18521,18421,18432,18713,17909,17620,17643,18025,18174,18447,18849,19225,19765,19940,21202,21955,21778,21464,21721,21856,21791,21708,22653,23193,24239,25491,25386,25093,24487,22630,21108,20710,19679,18486,19458,19271,19176,19672,17667,15995,15098,16363,14079,16297,17569,16843,15965,15617,15537,15110,14725,13334,11793,11467,10924,9290,8350,7034,6486,5096,4130,3313,2464,1800,1308,879,532,311,155,127,185
LT,population,F,2018,13455,14200,14329,13900,13713,14003,13885,14199,14466,13600,12772,12685,12553,12683,12711,12558,13300,14291,15310,14871,14754,15129,15312,15303,16817,18584,18377,18129,17365,17377,18369,18483,18454,18449,18765,17787,17532,17530,17858,18067,18371,18769,19105,19691,19853,20981,21767,21638,21312,21596,21738,21678,21586,22557,23079,24073,25325,25238,24949,24348,22529,20995,20608,19562,18303,19239,19031,18940,19419,17407,15705,14829,16018,13728,15910,17097,16360,15446,15023,14882,14378,13943,12542,10976,10560,9957,8313,7346,6120,5535,4259,3358,2648,1894,1354,923,608,366,203,102,161
LT,population,F,2019,13010,13526,14188,14279,13799,13627,13939,13821,14177,14437,13567,12713,12641,12536,12669,12636,12482,13223,14187,14859,14460,14359,14669,14828,14954,16610,18375,18210,18191,17455,17567,18593,18775,18712,18709,18857,17855,17589,17553,17881,18105,18404,18782,19134,19703,19753,20922,21714,21567,21265,21562,21698,21639,21559,22493,22965,24007,25235,25135,24863,24221,22426,20907,20508,19394,18121,19017,18810,18701,19178,17148,15430,14542,15728,13398,15468,16639,15872,14878,14337,14209,13633,13120,11700,10169,9629,8977,7390,6377,5220,4656,3485,2715,2004,1416,988,649,418,240,139,136
LT,population,F,2020,12027,13105,13499,14135,14188,13774,13596,13911,13795,14173,14425,13543,12699,12646,12547,12601,12573,12420,13150,13815,14491,14156,14019,14284,14615,14928,16506,18275,18394,18373,17733,17889,18979,19113,19049,18873,18991,17964,17655,17610,17975,18179,18454,18841,19196,19623,19718,20893,21659,21547,21265,21564,21704,21634,21527,22414,22923,23947,25175,25039,24754,24124,22357,20777,20331,19174,17919,18789,18572,18453,18892,16838,15139,14233,15353,13092,15030,16145,15382,14326,13773,13522,12935,12247,10883,9323,8763,7981,6490,5538,4408,3871,2812,2138,1550,1030,706,452,293,153,156
LT,population,M,2000,18582,18919,19102,19508,20588,20980,23523,26458,27263,27450,27011,27371,28431,29547,28354,28150,28203,25883,25247,25298,24541,24215,23583,23793,23251,23449,24379,25485,25607,26642,26107,24613,25485,25728,25518,26868,26968,27510,28266,28042,26592,26546,24649,22632,22126,21374,19852,20498,19934,20401,19640,18213,16406,15716,17056,14646,16526,17827,18123,16004,15987,16040,15337,15561,15022,13182,13867,13489,12639,12744,11259,11701,10236,8354,7560,6782,6577,5695,4875,4204,3255,2298,2022,2031,1783,1820,1540,1407,1093,907,777,1128,922,486,306,243,151,123,66,45,108
LT,population,M,2001,17343,18450,18780,19016,19530,20498,21019,23681,26753,26992,27416,26899,27253,28665,29709,28297,27995,27614,25365,25187,24571,23966,23472,23320,23028,22889,23032,23902,25144,25661,25450,25174,25177,24995,25293,25533,26214,26832,27714,28209,27229,27196,25591,24159,22776,22189,20560,19819,20395,20212,19888,19408,17495,16190,15311,16671,14452,16422,17699,17027,15916,15618,15639,14824,15154,14229,12960,13417,12965,12067,12135,10915,10720,9695,7479,6884,6166,5942,5102,4376,3641,2794,1880,1745,1732,1510,1486,1262,1122,836,697,577,958,704,359,212,186,87,69,35,108
LT,population,M,2002,15756,17240,18327,18716,18904,19445,20386,20966,23569,26452,26866,27085,26581,26770,28239,29192,27967,27486,27168,24748,24609,23903,23330,22967,22692,22721,22417,22543,23318,24537,25174,24988,24637,24698,24599,24738,25173,25676,26260,27006,27542,26851,26877,25480,23856,22257,21788,20510,19357,19918,19703,19388,19162,17324,15898,14939,16195,14148,15956,17179,16725,15691,15397,15331,14559,14875,13850,12665,13069,12539,11781,11699,10546,10367,9328,7145,6538,5788,5586,4777,4045,3290,2535,1709,1550,1529,1324,1302,1074,926,685,632,442,751,542,278,142,138,72,54,101
LT,population,M,2003,15091,15693,17141,18225,18637,18840,19384,20335,20931,23510,26356,26746,26754,26183,26299,27729,28740,27394,27125,26811,24407,24384,23649,23064,22723,22607,22633,22127,22322,23117,24341,25026,24850,24463,24509,24230,24515,24855,25458,26010,26749,27300,26590,26633,25405,23554,21975,21508,20222,19069,19632,19363,19036,19081,16988,15559,14642,15811,13737,15607,16702,16335,15411,15103,15023,14259,14528,13541,12135,12503,12070,11183,11198,9965,9772,8727,6675,6057,5328,5077,4288,3625,2888,2201,1491,1324,1319,1109,1110,867,721,533,503,332,578,396,194,105,90,53,104
LT,population,M,2004,15320,15007,15593,17026,18129,18560,18763,19272,20243,20861,23414,26225,26432,26475,25748,26023,27371,28349,26909,26671,26314,23959,23954,23205,22634,22269,22177,22297,21799,22048,22736,24001,24708,24529,24164,24254,23932,24197,24484,25124,25662,26432,26926,26316,26082,25230,23258,21628,21162,19911,18732,19286,18993,18665,18866,16642,15229,14295,15433,13385,15100,16227,15909,15038,14632,14653,13741,13940,12985,11654,11949,11561,10631,10678,9366,9137,8158,6180,5565,4848,4551,3853,3237,2545,1908,1263,1093,1098,923,891,697,557,421,405,224,452,286,133,79,63,78
LT,population,M,2005,14915,15180,14911,15488,16869,17991,18437,18648,19182,20135,20757,23276,25988,26223,26131,25397,25520,26816,27645,26240,26030,25612,23341,23403,22649,22021,21785,21720,22000,21553,21743,22300,23459,24361,24126,23739,23838,23490,23784,24113,24655,25162,25922,26510,26011,25680,24894,22895,21165,20801,19597,18336,18880,18552,18306,18429,16258,14876,13946,15078,13027,14642,15731,15365,14532,14138,14127,13246,13373,12397,11151,11363,10929,10043,10044,8757,8541,7556,5728,5107,4442,4097,3419,2868,2244,1652,1070,942,908,757,708,547,427,323,317,169,338,216,97,64,93
LT,population,M,2006,14769,14696,14915,14695,15221,16643,17817,18242,18487,19080,20014,20610,23124,25427,25832,25438,24517,24700,25865,26227,24890,24586,24516,22349,22365,21480,21193,21116,21147,21602,21183,21310,21752,22808,23680,23441,23119,23140,22843,23166,23438,24017,24523,25291,25980,25641,25158,24485,22541,20645,20366,19194,17871,18361,18050,17889,17945,15849,14506,13580,14619,12565,14113,15177,14829,13951,13591,13535,12700,12798,11785,10611,10735,10349,9459,9430,8162,7910,6968,5264,4634,3980,3656,2996,2503,1925,1397,897,774,756,606,571,420,317,238,246,113,230,155,70,93
LT,population,M,2007,14747,14640,14542,14794,14579,15099,16547,17691,18138,18387,18979,19949,20505,23014,25293,25683,25155,24192,24283,25340,25567,24159,23822,23748,21654,21703,20937,20762,20804,20777,21287,20963,21031,21465,22451,23338,23114,22813,22802,22511,22754,23059,23615,24082,24767,25547,25302,24729,24115,22221,20170,19881,18843,17438,17892,17592,17428,17477,15463,14067,13110,14168,12143,13541,14575,14242,13379,13019,12966,12154,12236,11182,10045,10101,9681,8854,8825,7573,7291,6361,4779,4170,3550,3239,2612,2151,1648,1194,746,632,603,494,455,310,244,182,197,68,165,107,95
LT,population,M,2008,15114,14596,14527,14437,14684,14459,14963,16432,17607,18062,18300,18884,19859,20398,22902,25113,25501,24945,23878,23889,24964,25072,23609,23371,23234,21142,21213,20545,20421,20523,20548,20955,20778,20808,21215,22128,23047,22808,22522,22484,22183,22424,22722,23219,23602,24289,25122,24868,24272,23681,21813,19737,19497,18410,16987,17437,17121,16959,16932,15016,13565,12654,13689,11676,13028,14002,13641,12790,12465,12398,11536,11636,10579,9495,9477,9078,8238,8176,6955,6669,5766,4305,3703,3141,2806,2226,1833,1381,973,601,524,462,366,363,231,188,137,159,47,111,121
LT,population,M,2009,16059,14953,14511,14426,14370,14590,14379,14889,16350,17541,17962,18228,18800,19768,20317,22807,24992,25361,24763,23633,23570,24520,24685,23268,23036,22924,20733,20865,20224,20149,20301,20331,20737,20543,20606,20905,21884,22819,22556,22311,22261,21944,22164,22429,22939,23260,23964,24782,24513,23946,23281,21431,19351,19102,18002,16547,17010,16701,16495,16431,14558,13156,12281,13212,11250,12521,13452,13093,12305,11933,11868,10988,11051,10018,8940,8908,8478,7676,7595,6412,6070,5209,3879,3284,2738,2423,1869,1523,1150,800,488,408,352,279,258,167,142,96,138,28,137
LT,population,M,2010,16336,15789,14696,14342,14252,14170,14475,14241,14802,16240,17408,17842,18124,18687,19686,20227,22630,24797,25139,24398,23168,23050,23739,23807,22473,22308,22066,19939,20117,19715,19746,19794,19987,20312,20100,20074,20437,21343,22305,22078,21828,21781,21446,21690,21932,22381,22731,23474,24335,24035,23447,22813,20996,18914,18679,17572,16126,16575,16273,16062,15970,14145,12699,11876,12698,10802,12036,12915,12519,11780,11362,11378,10442,10521,9453,8414,8339,7851,7119,6947,5866,5501,4664,3421,2879,2346,2072,1576,1264,949,625,386,326,257,210,178,118,97,60,120,89
LT,population,M,2011,15671,16165,15427,14315,13991,13930,13890,14198,13989,14552,15977,17125,17575,17870,18415,19396,19958,22382,24439,24178,23444,22037,21859,22268,22231,20802,20372,20235,18409,18641,18386,18430,18585,18900,19211,19024,19168,19590,20512,21490,21322,21110,21095,20770,21012,21226,21784,22105,22894,23647,23414,22823,22197,20466,18424,18152,17065,15686,16087,15806,15576,15489,13745,12282,11431,12207,10409,11551,12394,11982,11285,10800,10831,9929,9905,8880,7832,7804,7286,6577,6351,5324,4930,4171,2991,2495,2011,1756,1314,1034,743,483,281,233,198,155,122,80,69,34,131
LT,population,M,2012,15614,15651,15970,15141,14119,13793,13761,13744,14079,13855,14419,15805,16923,17421,17718,18270,19279,19835,22134,23745,23664,22817,21280,20903,21418,21224,19766,19492,19458,17798,18011,17835,17858,18053,18409,18705,18560,18741,19189,20070,21103,20920,20708,20743,20367,20588,20888,21431,21716,22500,23210,22989,22415,21822,20044,18019,17772,16695,15315,15709,15374,15165,15046,13292,11864,11043,11753,9983,11122,11860,11425,10780,10288,10268,9397,9315,8337,7333,7222,6725,6023,5752,4804,4433,3635,2646,2169,1701,1476,1083,815,590,374,211,167,149,119,90,52,46,103
LT,population,M,2013,15297,15586,15522,15775,14971,13944,13615,13586,13629,13970,13769,14328,15714,16878,17384,17669,18241,19121,19458,21373,22934,22840,22032,20548,20302,20900,20605,19340,19113,19139,17740,17980,17752,17713,17896,18258,18538,18423,18568,18984,19883,20966,20782,20562,20614,20169,20391,20731,21227,21502,22271,22983,22709,22099,21505,19675,17650,17519,16424,15037,15436,15062,14787,14678,12921,11430,10625,11314,9565,10705,11385,10908,10284,9825,9752,8854,8770,7780,6770,6618,6140,5487,5182,4294,3939,3156,2259,1838,1426,1206,858,636,430,269,147,143,111,86,60,42,100
LT,population,M,2014,14661,15270,15469,15370,15611,14831,13778,13485,13480,13528,13943,13662,14270,15644,16849,17370,17627,18122,18774,18743,20654,22143,22102,21382,19987,19809,20363,20078,19033,18833,19075,17677,17997,17759,17623,17758,18059,18481,18375,18476,18864,19809,20823,20665,20467,20415,20003,20243,20529,21066,21329,22070,22748,22414,21857,21198,19361,17411,17259,16150,14801,15169,14701,14445,14284,12483,10999,10272,10885,9170,10248,10890,10385,9771,9314,9210,8309,8214,7221,6252,6092,5560,4924,4596,3741,3406,2711,1883,1495,1142,958,644,461,277,178,125,109,70,59,43,86
LT,population,M,2015,15028,14650,15154,15335,15252,15510,14682,13648,13394,13369,13484,13862,13589,14249,15623,16828,17311,17508,17746,18066,18053,19924,21498,21552,20886,19479,19288,19882,19784,18865,18871,19118,17696,17995,17752,17561,17739,18023,18382,18315,18444,18852,19731,20709,20602,20332,20337,19918,20154,20388,20938,21174,21864,22520,22200,21544,20913,19115,17200,16991,15897,14571,14815,14357,14104,13841,12088,10644,9884,10457,8751,9782,10389,9904,9230,8787,8681,7781,7628,6646,5715,5554,5034,4397,4084,3309,2951,2295,1596,1214,931,752,474,321,203,117,86,76,57,40,70
LT,population,M,2016,15449,14969,14509,15014,15170,15097,15330,14542,13527,13265,13276,13360,13755,13555,14221,15585,16750,17205,17107,16921,17253,17196,19141,20787,20867,20209,18753,18677,19437,19422,18824,18830,18985,17622,17848,17497,17393,17582,17920,18263,18170,18293,18685,19599,20587,20385,20188,20179,19739,19988,20179,20720,20946,21584,22256,21825,21177,20572,18856,16931,16738,15616,14259,14478,13968,13677,13377,11600,10233,9512,9980,8344,9308,9852,9400,8705,8243,8094,7202,7047,6129,5192,4995,4506,3870,3550,2867,2487,1904,1320,972,729,571,367,229,143,83,48,59,44,64
LT,population,M,2017,15150,15383,14846,14359,14854,14985,14923,15156,14405,13411,13159,13141,13220,13676,13525,14141,15491,16533,16760,16215,16065,16337,16298,18317,20003,20008,19428,18176,18138,18996,19341,18762,18689,18815,17451,17681,17308,17184,17435,17785,18127,17986,18086,18465,19415,20346,20249,19976,19976,19505,19803,19959,20485,20671,21278,21904,21454,20848,20287,18546,16671,16404,15272,13930,14055,13545,13223,12923,11165,9835,9119,9524,7937,8793,9330,8868,8178,7701,7514,6620,6441,5587,4685,4479,4030,3408,3111,2395,2046,1531,1040,757,558,401,245,140,93,55,41,57,55
LT,population,M,2018,14335,15102,15247,14743,14209,14677,14808,14781,15041,14294,13347,13028,13035,13173,13621,13477,14100,15309,16188,15882,15477,15161,15492,15528,17603,19296,19277,18792,17672,17830,18907,19413,18683,18608,18699,17284,17515,17193,17128,17328,17677,17985,17817,17937,18343,19203,20189,20111,19811,19801,19356,19626,19747,20277,20426,20988,21614,21193,20594,20020,18276,16401,16077,14947,13603,13681,13132,12836,12462,10780,9451,8694,9084,7567,8348,8817,8334,7666,7197,6959,6150,5864,5040,4173,3985,3557,2939,2624,1973,1676,1233,816,582,398,281,182,89,55,35,29,53
LT,population,M,2019,13667,14347,15091,15162,14683,14123,14584,14721,14730,15008,14281,13306,12999,13052,13174,13633,13459,13956,15085,15628,15300,14905,14694,15135,15223,17273,18952,19060,18728,17719,18080,19148,19727,18815,18778,18792,17395,17585,17366,17197,17407,17728,18030,17871,17950,18281,19245,20204,20071,19767,19753,19278,19512,19633,20143,20237,20776,21431,20997,20376,19781,18004,16127,15754,14549,13266,13229,12747,12400,12021,10354,9037,8333,8595,7188,7900,8286,7765,7163,6678,6364,5642,5318,4587,3753,3482,3071,2500,2216,1657,1358,970,634,447,280,197,130,55,48,24,23
LT,population,M,2020,12910,13692,14354,15078,15159,14640,14072,14569,14738,14741,15032,14284,13304,13035,13101,13233,13653,13395,13776,14577,15187,14913,14619,14600,15106,15305,17248,18962,19322,19184,18272,18672,19702,20262,19251,19138,19154,17805,17963,17611,17435,17668,17987,18222,18148,18095,18505,19439,20317,20156,19878,19820,19288,19507,19631,20036,20128,20649,21316,20798,20146,19524,17750,15879,15389,14218,12898,12801,12323,11956,11556,9966,8744,7998,8143,6827,7431,7813,7263,6654,6182,5842,5133,4797,4106,3352,3030,2604,2121,1871,1351,1082,778,463,328,200,133,90,42,31,20
LV,deaths,F,2000,NA,NA,NA,NA,NA,NA,NA,NA,NA,NA,NA,NA,NA,NA,NA,NA,NA,NA,NA,NA,NA,NA,NA,NA,NA,NA,NA,NA,NA,NA,NA,NA,NA,NA,NA,NA,NA,NA,NA,NA,NA,NA,NA,NA,NA,NA,NA,NA,NA,NA,NA,NA,NA,NA,NA,NA,NA,NA,NA,NA,NA,NA,NA,NA,NA,NA,NA,NA,NA,NA,NA,NA,NA,NA,NA,NA,NA,NA,NA,NA,NA,NA,NA,NA,NA,NA,NA,NA,NA,NA,NA,NA,NA,NA,NA,NA,NA,NA,NA,NA,NA
LV,deaths,F,2001,NA,NA,NA,NA,NA,NA,NA,NA,NA,NA,NA,NA,NA,NA,NA,NA,NA,NA,NA,NA,NA,NA,NA,NA,NA,NA,NA,NA,NA,NA,NA,NA,NA,NA,NA,NA,NA,NA,NA,NA,NA,NA,NA,NA,NA,NA,NA,NA,NA,NA,NA,NA,NA,NA,NA,NA,NA,NA,NA,NA,NA,NA,NA,NA,NA,NA,NA,NA,NA,NA,NA,NA,NA,NA,NA,NA,NA,NA,NA,NA,NA,NA,NA,NA,NA,NA,NA,NA,NA,NA,NA,NA,NA,NA,NA,NA,NA,NA,NA,NA,NA
LV,deaths,F,2002,86,10,4,4,9,5,2,4,4,3,5,1,3,5,0,7,6,10,14,15,7,6,7,11,8,13,7,7,5,6,13,18,14,20,21,18,25,28,32,35,37,40,45,40,61,53,68,68,50,82,88,81,99,101,97,110,114,125,117,142,169,202,215,191,241,263,262,251,267,304,334,399,396,408,522,538,588,585,588,633,619,542,496,457,380,375,423,503,494,447,405,383,251,248,163,121,103,59,60,28,45
LV,deaths,F,2003,81,15,5,4,5,3,2,2,0,3,4,1,1,3,2,3,10,13,11,8,14,6,5,12,7,14,9,13,8,12,9,13,17,21,19,16,25,22,29,30,25,44,50,40,51,64,82,60,93,95,78,93,78,109,121,114,113,102,126,144,166,191,193,234,220,250,276,269,311,283,341,397,392,453,467,562,589,589,633,646,659,651,556,503,496,379,418,400,466,472,372,376,258,245,199,154,93,81,51,34,56
LV,deaths,F,2004,97,9,1,1,2,2,6,3,2,1,2,0,0,2,3,9,11,6,14,10,11,7,8,9,12,6,8,10,7,10,11,18,26,20,19,20,16,27,32,31,27,45,44,48,68,53,56,53,67,86,82,75,103,91,118,113,102,116,111,127,161,161,188,224,249,246,257,266,267,275,286,367,378,395,462,540,530,599,650,659,699,667,623,528,521,447,372,353,334,419,377,347,309,249,195,141,112,80,50,28,49
LV,deaths,F,2005,81,5,4,5,0,5,3,1,1,0,0,1,4,2,8,6,5,4,8,10,17,10,7,11,3,10,8,10,8,13,17,14,12,20,14,24,17,19,30,26,48,39,31,58,49,66,59,53,71,71,89,76,86,106,89,118,120,126,136,129,153,143,191,161,221,229,243,273,290,265,327,342,382,444,486,521,506,551,597,659,661,693,740,618,578,485,465,371,287,338,365,329,271,253,197,155,118,77,40,25,62
LV,deaths,F,2006,77,6,6,1,1,3,2,1,1,5,2,1,1,3,4,4,7,7,8,6,7,2,6,9,4,6,10,9,18,15,8,7,18,19,19,30,33,19,35,27,26,33,35,43,47,60,79,72,79,85,107,95,86,106,129,120,119,160,164,144,141,147,165,198,251,241,247,273,306,306,328,364,345,391,424,545,486,590,623,630,715,669,685,713,635,498,432,428,330,269,299,326,293,237,196,161,110,74,51,44,74
LV,deaths,F,2007,105,6,1,1,3,4,1,3,1,0,3,1,3,5,3,6,6,8,5,7,3,3,6,4,8,9,6,9,16,12,4,8,18,10,23,23,29,26,34,37,25,40,36,45,53,49,63,66,77,96,85,78,110,93,106,100,117,123,149,155,128,134,149,170,187,248,268,280,301,278,371,340,340,353,442,504,527,593,577,674,738,706,681,720,730,638,510,442,400,317,266,269,303,238,191,158,128,87,57,37,68
LV,deaths,F,2008,62,5,1,1,2,0,0,1,2,2,0,2,1,4,3,5,7,8,8,4,5,3,10,5,8,7,10,4,7,8,12,7,16,15,21,18,21,19,22,31,30,22,33,32,47,61,64,50,60,74,92,80,88,85,94,94,126,101,135,127,136,138,128,154,199,194,216,257,251,320,308,353,379,366,387,460,489,540,548,585,624,678,719,691,677,635,570,443,388,329,252,191,203,208,175,171,127,73,48,33,67
LV,deaths,F,2009,80,9,4,0,1,4,3,1,1,3,2,0,1,2,3,5,4,1,3,3,9,8,6,6,9,6,12,7,8,7,5,12,19,11,13,14,23,21,26,30,34,27,33,37,28,55,53,58,66,61,67,88,77,72,108,92,91,106,110,143,149,134,173,149,147,156,191,230,271,270,311,310,357,359,388,370,469,521,556,586,636,681,695,701,650,640,645,496,406,345,305,250,184,165,189,134,113,87,58,38,55
LV,deaths,F,2010,52,6,5,6,1,1,1,1,2,0,8,1,0,1,5,3,3,3,4,7,7,4,5,5,2,7,11,9,6,9,5,6,8,10,18,14,13,30,25,33,24,30,29,27,44,31,56,41,58,55,65,87,74,76,84,112,98,97,116,134,158,160,157,165,143,173,190,195,259,279,302,345,355,379,421,376,441,482,533,515,579,645,663,699,724,648,670,584,505,402,303,291,211,156,149,146,142,90,55,43,71
LV,deaths,F,2011,56,7,2,1,1,2,1,3,1,1,0,2,1,1,0,0,3,1,2,10,4,2,6,7,10,7,4,8,7,9,11,9,7,14,10,10,16,16,20,29,22,23,32,37,30,42,38,42,69,67,63,78,72,51,82,101,90,111,113,118,136,135,150,152,155,154,167,184,233,281,281,325,322,349,386,387,378,438,501,520,535,580,631,639,659,632,616,586,538,435,333,265,217,196,135,118,112,71,63,40,66
LV,deaths,F,2012,53,4,0,5,2,2,1,1,0,1,1,1,0,1,1,1,4,4,1,3,8,2,4,8,8,11,4,9,6,8,11,7,8,11,11,14,12,14,22,19,23,29,24,29,30,35,38,40,49,41,56,50,68,71,105,86,81,102,93,106,111,135,160,177,168,160,156,174,203,219,254,294,343,375,362,410,410,454,464,528,611,626,644,666,706,698,745,637,568,522,425,321,245,193,141,108,81,84,61,45,101
LV,deaths,F,2013,40,3,4,1,1,3,1,0,0,1,1,1,4,1,1,1,1,1,1,2,5,3,5,6,6,8,8,5,8,15,9,10,9,20,15,10,15,20,17,18,39,24,33,38,35,42,40,40,45,65,61,65,75,80,68,90,98,91,117,99,120,115,131,170,170,173,169,153,168,247,230,294,368,347,394,425,449,433,482,477,553,561,616,665,670,660,663,694,601,527,492,394,269,219,147,88,92,47,65,40,70
LV,deaths,F,2014,38,2,2,4,3,3,1,1,1,1,1,2,0,2,4,1,3,5,3,2,7,8,6,4,6,5,3,12,6,11,10,11,9,19,9,9,14,16,20,18,21,22,29,38,38,30,38,35,35,43,43,62,64,76,67,100,93,94,110,118,100,116,117,166,166,150,168,216,171,174,229,252,280,326,344,407,403,465,464,453,466,573,572,629,662,645,714,642,616,517,521,439,342,228,172,113,71,65,41,41,69
LV,deaths,F,2015,31,3,3,0,1,3,2,4,1,1,3,1,2,1,1,1,2,2,2,0,3,4,2,5,6,13,7,5,7,6,10,10,14,17,7,12,12,14,17,17,22,21,25,33,25,31,37,42,41,48,61,57,60,68,86,82,94,93,86,107,115,122,137,154,159,176,175,179,183,174,221,218,287,345,366,380,441,459,490,487,485,540,636,666,715,620,629,700,615,570,535,458,347,317,200,131,120,62,35,33,92
LV,deaths,F,2016,43,4,3,3,2,3,1,1,2,1,1,1,0,1,4,1,1,1,3,5,3,1,6,5,6,7,5,11,6,6,8,5,7,10,9,17,9,13,15,19,25,20,22,28,29,32,47,36,52,54,53,41,60,57,73,91,109,88,99,127,91,126,136,121,151,175,169,201,179,186,194,236,242,309,344,417,446,430,507,492,515,524,531,581,622,696,696,655,659,627,570,441,390,304,220,169,99,89,39,25,62
LV,deaths,F,2017,36,5,0,2,0,2,2,0,1,0,1,2,1,0,1,2,5,2,1,4,2,5,7,3,4,8,7,4,3,7,8,15,9,9,17,9,15,18,18,18,24,22,23,18,21,30,50,41,37,35,50,45,59,66,78,75,87,86,100,117,113,117,122,131,150,181,172,199,239,196,229,192,253,255,310,366,393,459,526,541,554,523,558,541,599,625,683,655,669,631,605,497,398,373,277,178,100,68,71,36,66
LV,deaths,F,2018,28,2,2,0,2,1,0,0,1,3,1,0,2,1,1,2,2,0,5,1,5,5,2,5,7,4,4,5,2,4,9,10,12,10,12,15,12,18,13,12,21,16,26,29,40,36,32,39,33,44,53,54,47,58,87,65,98,110,81,110,128,129,127,139,155,176,193,186,192,253,248,241,202,224,296,320,400,399,460,549,598,575,599,583,576,620,681,609,618,653,600,483,481,363,294,222,143,98,62,42,58
LV,deaths,F,2019,31,4,0,0,2,0,0,2,1,0,1,1,4,1,3,3,2,4,3,4,7,4,1,3,3,1,4,4,9,11,5,6,6,13,14,9,12,8,13,20,17,17,28,37,24,24,30,41,31,42,48,42,48,61,69,80,98,96,108,104,110,138,122,134,135,130,129,184,192,215,251,225,241,233,257,305,382,399,446,465,532,542,567,596,591,551,658,651,614,617,560,502,459,377,295,246,159,112,65,35,55
LV,deaths,F,2020,28,2,2,2,0,1,1,2,0,0,0,1,1,2,2,3,0,2,1,3,3,2,2,4,5,4,3,2,6,2,7,6,6,8,12,18,15,14,11,10,17,19,21,28,30,40,36,31,40,45,39,55,53,55,53,64,69,80,83,117,124,130,159,116,170,141,161,181,181,209,247,278,239,261,231,318,350,388,465,524,545,628,608,682,643,635,592,671,671,611,545,516,481,406,317,259,184,142,84,54,69
LV,deaths,M,2000,NA,NA,NA,NA,NA,NA,NA,NA,NA,NA,NA,NA,NA,NA,NA,NA,NA,NA,NA,NA,NA,NA,NA,NA,NA,NA,NA,NA,NA,NA,NA,NA,NA,NA,NA,NA,NA,NA,NA,NA,NA,NA,NA,NA,NA,NA,NA,NA,NA,NA,NA,NA,NA,NA,NA,NA,NA,NA,NA,NA,NA,NA,NA,NA,NA,NA,NA,NA,NA,NA,NA,NA,NA,NA,NA,NA,NA,NA,NA,NA,NA,NA,NA,NA,NA,NA,NA,NA,NA,NA,NA,NA,NA,NA,NA,NA,NA,NA,NA,NA,NA
LV,deaths,M,2001,NA,NA,NA,NA,NA,NA,NA,NA,NA,NA,NA,NA,NA,NA,NA,NA,NA,NA,NA,NA,NA,NA,NA,NA,NA,NA,NA,NA,NA,NA,NA,NA,NA,NA,NA,NA,NA,NA,NA,NA,NA,NA,NA,NA,NA,NA,NA,NA,NA,NA,NA,NA,NA,NA,NA,NA,NA,NA,NA,NA,NA,NA,NA,NA,NA,NA,NA,NA,NA,NA,NA,NA,NA,NA,NA,NA,NA,NA,NA,NA,NA,NA,NA,NA,NA,NA,NA,NA,NA,NA,NA,NA,NA,NA,NA,NA,NA,NA,NA,NA,NA
LV,deaths,M,2002,111,10,15,2,10,10,1,8,6,4,4,5,7,1,7,13,8,18,25,35,32,29,51,44,55,40,50,45,45,58,57,70,73,59,83,71,62,97,103,129,100,126,143,155,165,152,174,187,178,224,221,226,242,247,267,251,247,253,272,323,376,381,418,452,489,428,424,401,447,446,478,449,462,495,500,419,345,335,294,298,270,259,231,211,177,138,148,153,147,129,125,103,67,60,60,32,20,23,9,5,7
LV,deaths,M,2003,117,8,15,8,1,4,6,3,3,5,7,5,5,5,7,6,9,19,29,19,32,32,52,29,26,36,39,43,39,56,44,51,48,52,54,63,83,71,73,108,105,117,125,156,151,164,149,173,159,199,207,206,245,228,269,262,252,210,257,326,323,348,399,420,444,467,413,442,381,400,397,473,491,488,455,448,436,326,330,317,293,256,236,212,191,148,137,102,147,143,125,115,85,43,49,56,31,15,13,7,10
LV,deaths,M,2004,95,7,7,5,7,7,1,7,5,5,4,4,5,5,8,3,9,19,32,23,24,31,29,28,44,42,33,21,29,53,54,51,50,57,77,70,61,77,72,90,95,113,135,115,165,152,153,192,160,220,197,205,232,226,275,262,267,258,230,264,336,300,390,383,436,467,440,469,412,445,426,408,471,489,468,425,468,434,345,299,265,280,242,217,198,161,138,124,110,132,125,95,97,64,46,35,30,16,15,4,14
LV,deaths,M,2005,87,3,14,3,2,6,4,7,3,1,2,4,9,6,10,6,17,16,22,24,27,26,39,42,29,40,34,45,43,48,47,60,66,47,77,77,80,82,99,126,107,102,118,154,154,198,157,187,144,223,211,220,237,253,285,286,302,298,253,252,273,360,373,433,453,447,464,488,439,462,433,389,470,517,482,500,505,450,409,322,271,299,246,274,208,150,156,123,99,93,95,94,82,70,40,29,29,16,17,6,12
LV,deaths,M,2006,93,9,5,3,6,1,4,5,3,6,1,1,2,5,7,7,15,11,25,20,24,35,25,46,29,29,35,32,36,43,50,55,50,77,71,83,81,90,89,82,125,94,141,128,172,167,193,187,231,213,257,232,245,239,263,286,300,337,324,288,303,293,351,391,438,442,422,441,471,464,466,422,405,473,517,463,428,469,479,385,360,256,256,230,194,185,132,133,99,83,94,61,97,51,36,33,30,19,14,5,12
LV,deaths,M,2007,98,10,2,3,7,2,2,2,6,5,7,3,4,3,5,10,13,16,19,29,17,34,26,20,40,27,32,44,55,61,48,54,64,58,64,79,71,74,84,93,110,85,121,135,153,172,187,185,180,245,220,234,230,249,260,251,279,293,321,337,289,250,339,392,391,389,420,452,453,461,442,418,409,423,435,460,449,453,444,471,390,298,272,243,211,205,183,148,106,95,80,61,53,51,60,36,24,21,16,7,11
LV,deaths,M,2008,99,9,6,3,2,4,2,5,4,1,0,4,2,3,6,11,15,12,19,26,25,38,24,33,36,41,34,44,40,50,39,45,52,49,62,61,49,80,66,78,88,93,81,91,116,172,158,165,163,194,189,203,203,234,201,240,259,253,284,292,301,327,275,311,335,355,418,387,426,469,438,443,386,403,409,408,465,415,418,427,437,358,257,281,230,181,221,182,121,108,82,54,40,45,51,37,28,10,14,11,8
LV,deaths,M,2009,88,12,1,5,4,2,2,4,3,7,1,6,3,3,4,5,11,9,13,19,21,21,23,23,24,35,38,36,42,51,47,29,44,48,55,51,67,57,66,56,71,60,76,108,103,101,124,149,134,165,197,167,169,216,212,177,259,266,271,304,299,285,294,294,279,338,328,409,399,423,447,449,422,416,388,341,426,431,420,399,382,377,337,242,227,183,165,147,121,100,83,67,54,36,54,25,35,17,7,10,16
LV,deaths,M,2010,58,7,2,4,2,3,3,4,4,2,3,3,3,1,4,5,9,10,13,14,17,29,29,25,19,23,29,23,32,25,27,33,34,43,34,47,46,53,71,59,84,71,65,91,112,119,118,141,153,173,178,187,225,213,190,246,228,234,236,260,289,292,324,320,266,279,347,367,369,409,448,464,441,456,418,402,385,380,404,445,383,402,361,295,230,190,187,171,151,127,92,76,48,30,34,27,26,15,19,2,11
LV,deaths,M,2011,68,5,5,6,1,2,3,6,3,3,1,1,2,3,2,4,11,4,8,16,18,20,17,18,16,25,22,33,33,27,38,37,36,41,43,52,53,51,46,57,71,75,63,74,74,91,106,124,132,152,161,169,193,193,191,233,208,235,231,248,262,272,309,302,284,285,310,362,335,395,384,442,421,418,407,382,389,363,373,397,375,347,373,345,302,222,167,156,136,107,98,65,43,52,23,26,20,24,9,4,10
LV,deaths,M,2012,72,3,1,1,2,2,4,2,1,2,2,2,2,0,0,1,6,11,5,17,15,14,16,17,19,22,23,26,30,36,26,39,31,31,45,45,43,51,61,66,68,91,71,59,82,102,97,124,111,158,143,184,200,198,197,204,212,254,218,215,248,293,328,310,311,284,245,290,315,360,425,365,418,409,452,395,376,334,336,380,406,364,379,317,316,278,205,179,132,140,108,79,60,55,37,18,16,23,17,5,13
LV,deaths,M,2013,51,4,3,3,7,6,4,0,3,1,1,3,3,1,2,2,4,4,8,11,9,13,8,15,13,17,28,23,20,26,37,31,39,35,55,47,51,41,48,61,67,67,69,89,93,90,95,111,128,128,146,172,194,198,212,235,234,221,241,222,250,287,284,293,305,317,270,292,256,317,316,405,391,412,454,397,406,375,327,326,328,359,326,340,326,260,235,194,149,125,95,85,71,51,40,26,21,17,9,15,16
LV,deaths,M,2014,45,3,4,3,1,1,2,3,1,6,0,2,1,3,4,2,10,3,12,19,14,17,15,22,12,25,17,36,28,31,38,31,36,45,36,62,49,53,67,72,75,81,68,82,87,95,81,114,100,109,148,161,149,219,206,236,211,216,217,234,252,282,282,272,341,343,325,313,261,302,324,355,422,377,420,427,381,404,387,364,326,315,357,358,289,287,263,231,149,142,112,81,70,62,48,27,16,6,6,11,13
LV,deaths,M,2015,59,4,2,2,1,1,1,3,0,3,0,2,3,1,1,3,5,4,8,9,9,12,12,15,17,19,21,35,26,29,33,50,29,36,40,46,52,66,58,57,72,60,71,89,74,84,98,97,106,113,129,142,160,195,179,202,247,207,237,252,221,259,267,287,308,309,330,263,302,269,297,323,342,401,376,429,414,394,383,330,325,322,306,343,296,303,255,236,228,143,126,90,77,61,44,29,18,11,12,6,10
LV,deaths,M,2016,38,7,2,1,3,0,1,1,1,2,1,2,2,1,2,2,4,6,4,15,9,10,13,21,19,25,19,29,31,42,19,32,42,50,42,53,35,46,50,59,71,67,77,78,93,88,83,88,117,86,127,137,138,162,172,198,212,211,265,244,240,268,246,298,310,299,326,348,297,333,279,262,371,365,416,402,390,405,381,382,339,326,304,349,325,331,299,229,227,155,128,117,87,76,55,37,24,12,8,9,12
LV,deaths,M,2017,50,4,2,2,2,1,0,2,3,0,2,4,2,4,1,3,4,2,8,14,12,10,12,16,13,22,8,30,24,28,34,31,35,48,53,44,44,55,44,52,57,59,69,69,70,89,85,106,112,102,111,123,153,185,181,204,197,232,239,246,272,267,288,272,288,311,324,301,333,353,297,255,299,352,348,409,416,430,403,406,434,352,303,286,295,295,279,265,223,220,156,104,91,70,73,43,26,12,8,8,8
LV,deaths,M,2018,33,1,3,3,1,1,2,4,1,2,2,0,3,1,5,3,5,5,13,9,9,7,9,9,10,16,24,24,14,23,33,27,43,45,44,53,25,40,53,44,67,58,63,79,92,93,96,89,98,103,116,119,153,168,185,203,223,224,236,255,268,243,270,276,315,302,297,326,319,392,332,298,303,286,321,329,408,412,401,427,444,382,350,294,267,269,279,273,230,214,179,127,92,86,54,41,30,16,7,3,15
LV,deaths,M,2019,32,3,0,2,4,0,0,0,0,0,1,2,2,2,1,4,2,8,9,12,5,9,12,9,14,16,13,16,29,24,29,28,33,29,36,31,30,39,45,37,68,52,68,69,72,80,74,89,95,95,87,116,139,127,163,189,169,202,225,264,262,266,275,258,285,282,317,321,326,329,345,320,306,274,297,307,349,397,386,402,420,382,342,330,301,246,258,256,217,193,192,151,112,79,57,57,25,21,8,5,11
LV,deaths,M,2020,33,3,2,2,6,2,2,0,2,1,1,2,1,2,1,2,3,10,3,11,6,9,8,14,11,10,12,11,20,21,27,28,29,31,27,37,40,37,33,49,55,76,53,66,73,77,94,100,102,107,117,135,122,136,151,166,166,209,232,222,256,269,271,294,295,331,329,347,307,335,345,381,333,351,294,314,357,342,394,405,421,398,360,372,283,292,248,268,222,226,205,182,151,99,64,39,30,26,12,6,8
LV,population,F,2000,9349,8988,8788,9343,10121,11234,12419,14918,15751,16951,17339,17977,18831,18907,18184,18451,18533,17327,16584,16362,15957,15779,15800,15730,16307,16092,16007,16234,16848,16635,16089,16079,16103,16209,15800,16947,17444,18251,18902,19103,18908,18565,18207,17713,17585,17411,15947,16445,16695,16139,17487,16520,15222,14149,12859,13878,14868,16064,17981,17462,17847,17992,17673,16449,15348,14197,14484,15441,14791,15287,14138,14945,14335,14010,13450,12094,11754,10392,8534,6839,5854,5467,3857,3808,3945,4431,3697,3409,2759,2244,1734,1425,1007,758,531,410,250,178,93,92,100
LV,population,F,2001,9836,9264,8964,8794,9324,10092,11225,12403,14798,15648,16861,17223,17878,18723,18822,18052,18323,18384,17158,16424,16180,15756,15613,15613,15576,16161,15953,15877,16121,16745,16516,15988,15972,15997,16115,15686,16824,17272,18091,18710,18900,18658,18368,17986,17488,17384,17159,15716,16223,16464,15949,17285,16281,15043,13898,12758,13738,14712,15960,17675,17242,17602,17726,17379,16126,15060,13845,14194,15090,14439,14879,13736,14475,13738,13418,12842,11480,11067,9752,7975,6321,5360,4951,3410,3372,3498,3868,3128,2884,2269,1805,1356,1081,763,540,385,300,163,123,52,119
LV,population,F,2002,9608,9810,9234,8959,8791,9272,10069,11184,12384,14687,15544,16746,17079,17754,18606,18691,17905,18176,18224,16972,16209,15924,15566,15383,15407,15408,15993,15770,15704,15951,16568,16350,15826,15817,15848,15944,15515,16630,17076,17881,18455,18673,18459,18156,17781,17264,17168,16938,15502,16033,16219,15773,17057,15970,14840,13665,12642,13606,14535,15810,17406,17025,17373,17438,17097,15831,14748,13507,13844,14748,14057,14459,13272,13940,13177,12826,12153,10871,10383,9125,7345,5766,4837,4462,3008,2955,3028,3312,2586,2370,1820,1434,1040,786,551,391,259,189,107,80,91
LV,population,F,2003,9724,9590,9797,9213,8920,8776,9270,10035,11150,12353,14652,15524,16751,17055,17744,18587,18646,17857,18117,18112,16864,16045,15785,15435,15259,15299,15273,15856,15692,15639,15869,16473,16214,15698,15701,15732,15854,15396,16497,16991,17782,18359,18566,18344,18037,17650,17131,17062,16814,15407,15922,16084,15645,16932,15810,14705,13504,12524,13470,14380,15674,17163,16819,17147,17181,16817,15546,14437,13236,13578,14398,13674,14020,12862,13446,12617,12242,11529,10274,9775,8417,6766,5262,4362,3997,2672,2563,2576,2773,2146,1943,1426,1103,799,577,417,271,182,127,68,108
LV,population,F,2004,10125,9712,9574,9766,9190,8895,8758,9241,10027,11114,12340,14588,15439,16681,16987,17632,18481,18548,17732,17952,17920,16647,15886,15611,15258,15134,15134,15142,15695,15539,15498,15740,16373,16083,15571,15584,15594,15716,15259,16380,16853,17626,18182,18369,18190,17909,17467,16957,16899,16599,15231,15724,15918,15502,16746,15602,14527,13294,12392,13337,14201,15506,16930,16567,16875,16882,16486,15234,14103,12915,13245,14010,13262,13566,12403,12896,12021,11597,10904,9608,9089,7756,6160,4701,3894,3501,2318,2140,2152,2271,1729,1543,1113,839,592,408,286,178,119,78,107
LV,population,F,2005,9843,10108,9688,9539,9731,9171,8842,8736,9194,9986,11073,12305,14484,15353,16607,16883,17557,18373,18386,17489,17707,17605,16406,15666,15338,15030,14883,14921,14946,15483,15382,15306,15562,16176,15906,15395,15411,15452,15561,15111,16177,16677,17440,17978,18179,18005,17682,17253,16778,16719,16391,15062,15550,15733,15306,16558,15401,14360,13119,12276,13171,14010,15354,16645,16300,16595,16546,16151,14881,13796,12570,12904,13595,12822,13078,11907,12328,11426,10942,10195,8915,8364,7082,5565,4192,3362,3085,1950,1813,1784,1835,1377,1186,846,604,423,286,181,112,77,121
LV,population,F,2006,10575,9838,10051,9634,9490,9701,9156,8816,8714,9155,9944,11039,12266,14416,15272,16555,16832,17477,18194,18080,17199,17371,17256,16067,15386,15011,14798,14651,14730,14844,15330,15284,15184,15430,16039,15766,15287,15299,15328,15435,14984,16031,16519,17269,17834,18005,17836,17528,17109,16640,16551,16223,14922,15404,15579,15151,16405,15221,14210,12917,12144,13018,13838,15209,16462,16080,16379,16244,15864,14605,13510,12189,12549,13186,12405,12545,11419,11805,10846,10317,9549,8269,7618,6405,4962,3654,2932,2645,1641,1511,1459,1460,1092,916,623,437,277,186,129,80,119
LV,population,F,2007,11083,10572,9785,9967,9598,9446,9658,9101,8768,8683,9107,9910,11019,12235,14369,15219,16511,16765,17384,17940,17760,16958,17066,16910,15734,15075,14746,14572,14447,14512,14714,15165,15151,15023,15289,15906,15632,15158,15166,15208,15330,14879,15929,16397,17151,17706,17850,17676,17402,16966,16467,16417,16071,14785,15248,15462,15029,16277,15067,14091,12778,12017,12862,13666,15004,16204,15863,16127,15958,15589,14286,13178,11833,12197,12769,11961,12007,10924,11195,10258,9666,8813,7625,6948,5727,4401,3201,2534,2233,1380,1234,1168,1138,843,700,446,307,179,130,81,107
LV,population,F,2008,11549,11079,10549,9767,9908,9546,9397,9615,9063,8725,8669,9069,9867,10985,12179,14290,15150,16443,16668,17178,17722,17524,16770,16860,16665,15525,14892,14590,14454,14302,14380,14584,15069,15048,14924,15216,15781,15512,15054,15053,15114,15224,14728,15821,16250,17003,17518,17669,17521,17237,16816,16290,16249,15898,14613,15116,15292,14885,16123,14877,13929,12613,11890,12714,13488,14815,15917,15597,15815,15663,15248,13936,12824,11503,11780,12300,11461,11423,10361,10556,9573,8965,8080,6956,6176,5072,3778,2735,2128,1854,1101,958,893,854,627,511,311,193,119,84,103
LV,population,F,2009,11776,11535,10997,10440,9685,9842,9485,9335,9576,9017,8636,8618,9015,9801,10889,12110,14135,14994,16278,16251,16766,17295,17103,16305,16375,16247,15108,14573,14280,14165,14034,14171,14362,14848,14814,14726,15028,15574,15300,14901,14864,14925,15039,14535,15620,16053,16795,17282,17440,17288,17006,16579,16059,16040,15715,14410,14939,15073,14726,15942,14686,13766,12473,11742,12531,13255,14627,15626,15339,15526,15278,14889,13545,12425,11121,11331,11802,10975,10833,9791,9940,8908,8263,7332,6254,5530,4418,3299,2305,1772,1535,889,774,690,647,453,353,217,139,81,106
LV,population,F,2010,10648,11643,11344,10788,10233,9537,9714,9383,9208,9470,8923,8529,8541,8932,9710,10780,11998,13921,14683,15521,15449,16040,16546,16314,15558,15738,15650,14547,14088,13809,13804,13712,13823,14074,14440,14530,14495,14766,15335,15059,14646,14599,14693,14796,14344,15397,15851,16558,17036,17207,17083,16764,16347,15876,15839,15509,14223,14777,14878,14534,15757,14482,13602,12240,11589,12369,13073,14402,15361,15058,15210,14923,14515,13179,12026,10754,10910,11315,10448,10248,9183,9276,8226,7535,6650,5600,4881,3821,2833,1955,1442,1241,691,602,525,477,325,242,154,94,119
LV,population,F,2011,9282,10540,11407,11100,10497,10002,9366,9556,9232,9072,9343,8805,8361,8460,8811,9585,10669,11852,13656,14056,14813,14715,15412,15779,15588,14881,15097,14990,14029,13532,13399,13335,13292,13447,13743,14088,14249,14249,14473,15095,14789,14428,14408,14481,14589,14153,15169,15649,16327,16843,16977,16853,16536,16136,15646,15600,15299,14083,14606,14689,14346,15568,14253,13420,12034,11419,12169,12865,14191,15042,14735,14888,14562,14116,12751,11623,10314,10438,10781,9940,9649,8607,8595,7553,6819,5959,4935,4268,3273,2404,1595,1140,975,537,450,374,336,218,162,108,135
LV,population,F,2012,9038,9289,10380,11278,10909,10336,9881,9248,9422,9161,8974,9244,8702,8270,8387,8735,9491,10590,11670,13378,13651,14416,14361,15048,15289,15238,14456,14655,14611,13635,13225,13117,13102,13081,13162,13555,13917,14075,14085,14317,14908,14631,14264,14275,14328,14445,13994,15024,15466,16133,16650,16795,16647,16386,15951,15434,15402,15102,13889,14415,14522,14172,15419,14089,13231,11862,11240,11970,12651,13909,14727,14425,14538,14206,13710,12362,11212,9926,9931,10238,9406,9065,7997,7933,6891,6152,5302,4351,3706,2753,2011,1297,926,740,376,323,264,231,149,109,161
LV,population,F,2013,9523,9143,9166,10252,11119,10775,10230,9788,9171,9336,9060,8895,9166,8656,8178,8318,8658,9404,10467,11584,13134,13442,14208,14174,14795,14951,14946,14240,14431,14375,13473,13065,12945,12975,12932,13040,13418,13782,13949,13955,14177,14797,14508,14161,14177,14207,14359,13868,14887,15333,15991,16493,16660,16496,16191,15763,15309,15285,14945,13796,14301,14363,14027,15229,13944,13042,11672,11082,11775,12420,13671,14428,14107,14178,13804,13292,11931,10783,9467,9448,9628,8769,8405,7366,7208,6204,5420,4591,3731,3150,2277,1646,1018,718,546,278,220,178,167,89,150
LV,population,F,2014,10028,9632,9159,9159,10179,11031,10678,10152,9709,9076,9239,8959,8815,9111,8576,8096,8251,8582,9295,10294,11334,12845,13159,13966,13902,14451,14579,14623,13934,14132,14132,13214,12870,12766,12812,12754,12899,13241,13618,13786,13787,14038,14646,14357,14023,14026,14100,14206,13766,14743,15208,15871,16350,16544,16362,16071,15653,15199,15162,14810,13656,14173,14218,13856,15026,13768,12852,11507,10908,11558,12176,13396,14088,13761,13781,13366,12839,11479,10319,8975,8924,9029,8194,7757,6715,6526,5557,4722,3904,3205,2601,1869,1279,796,545,412,198,149,122,114,143
LV,population,F,2015,10470,10193,9651,9154,9113,10124,10971,10625,10099,9665,8994,9163,8902,8764,9063,8525,8043,8209,8514,9231,10176,11140,12666,12920,13692,13666,14082,14373,14437,13755,13974,13958,13074,12761,12640,12705,12612,12798,13150,13526,13676,13671,13954,14523,14225,13908,13931,13972,14110,13652,14649,15092,15755,16236,16438,16245,15940,15547,15066,15025,14673,13522,14032,14080,13703,14851,13612,12662,11292,10733,11338,11916,13149,13773,13429,13398,12947,12385,10995,9847,8512,8431,8403,7592,7131,6050,5849,4875,4126,3313,2677,2114,1489,990,601,408,312,132,101,80,173
LV,population,F,2016,10492,10609,10234,9659,9121,9060,10091,10885,10570,10030,9574,8918,9099,8850,8695,8994,8464,7992,8126,8418,9082,9984,10898,12392,12661,13358,13387,13865,14240,14241,13624,13829,13848,12997,12690,12545,12587,12506,12747,13078,13430,13586,13578,13859,14415,14112,13804,13790,13839,13984,13506,14505,14959,15612,16085,16272,16103,15792,15404,14938,14874,14505,13382,13876,13892,13540,14674,13431,12471,11114,10515,11117,11668,12837,13408,13034,12976,12487,11913,10494,9366,7985,7862,7731,6922,6444,5427,5169,4208,3555,2760,2170,1709,1153,728,445,281,225,89,69,139
LV,population,F,2017,10483,10622,10615,10226,9626,9081,8998,10064,10831,10513,9960,9507,8862,9040,8809,8644,8923,8402,7931,8048,8264,8922,9795,10672,12125,12435,13241,13308,13674,14064,14069,13437,13680,13712,12854,12545,12383,12478,12382,12647,12984,13313,13483,13487,13735,14291,13971,13670,13640,13712,13849,13393,14382,14829,15484,15939,16108,15934,15652,15255,14780,14731,14352,13229,13712,13728,13344,14458,13240,12247,10928,10291,10875,11387,12486,13009,12609,12520,12010,11386,10008,8837,7475,7299,7104,6255,5735,4759,4493,3573,2952,2237,1776,1331,901,523,332,191,150,63,134
LV,population,F,2018,9941,10557,10625,10600,10204,9591,9041,8972,10023,10777,10453,9883,9453,8814,8991,8763,8605,8879,8356,7888,7946,8124,8782,9640,10479,11862,12216,13061,13147,13537,13910,13897,13275,13573,13614,12737,12434,12264,12381,12275,12549,12890,13219,13402,13387,13650,14181,13856,13579,13531,13611,13760,13305,14289,14727,15360,15840,15995,15810,15540,15121,14655,14592,14231,13100,13550,13552,13179,14235,13014,12037,10714,10055,10633,11096,12155,12613,12189,12017,11486,10783,9488,8274,6955,6709,6458,5649,5026,4123,3808,2975,2393,1789,1414,986,661,393,256,120,88,115
LV,population,F,2019,9215,10005,10577,10620,10563,10159,9553,9019,8947,9979,10726,10398,9845,9412,8785,8950,8712,8557,8854,8313,7824,7861,8038,8672,9456,10277,11706,12090,12898,12976,13394,13797,13763,13158,13475,13495,12654,12359,12172,12298,12219,12483,12827,13149,13313,13298,13568,14090,13791,13507,13454,13530,13680,13221,14183,14629,15245,15718,15865,15705,15393,14971,14519,14468,14066,12942,13363,13382,12973,14029,12740,11788,10494,9847,10361,10788,11774,12219,11756,11500,10925,10165,8892,7687,6380,6117,5801,4982,4401,3498,3163,2440,1912,1367,1077,741,456,283,173,77,122
LV,population,F,2020,9078,9285,10011,10566,10630,10548,10134,9541,8994,8929,9951,10694,10353,9803,9388,8744,8911,8689,8516,8791,8230,7734,7774,7928,8530,9342,10161,11584,11953,12802,12851,13283,13697,13675,13083,13379,13442,12607,12298,12106,12239,12165,12423,12748,13087,13252,13237,13494,14032,13734,13438,13395,13463,13610,13153,14081,14530,15137,15607,15749,15581,15259,14820,14402,14337,13930,12811,13212,13189,12780,13775,12518,11543,10282,9586,10108,10439,11366,11767,11316,11014,10380,9563,8329,7078,5826,5510,5126,4348,3778,2924,2615,1972,1497,1037,809,533,326,197,120,127
LV,population,M,2000,9863,9273,9432,10043,10739,11787,12822,15511,16380,17542,18272,19121,19525,19495,19177,19036,19253,18147,17344,17077,16559,16217,16226,16510,16440,16660,16426,16838,16799,16459,15955,15912,15629,15879,15620,16250,16808,17476,17887,17791,17606,17628,17346,15939,15847,15356,14442,14527,14365,14126,14543,14034,12906,11599,10361,11069,11980,12334,13976,12896,13514,13293,12615,11471,10359,9230,9241,9632,9549,9066,8391,8136,7786,5737,4891,4139,3856,3326,3077,2478,2009,1856,1348,1218,1137,1305,1107,911,812,612,469,380,307,193,121,102,54,42,26,19,13
LV,population,M,2001,10269,9765,9280,9412,10038,10730,11764,12764,15373,16241,17401,18130,18998,19359,19355,19039,18851,19032,17962,17181,16863,16278,15929,16047,16350,16280,16531,16282,16663,16687,16321,15825,15783,15505,15721,15447,16047,16617,17237,17633,17475,17324,17332,17025,15622,15567,15063,14099,14171,14071,13762,14224,13687,12565,11219,10073,10811,11654,12042,13479,12478,13018,12773,12114,10942,9846,8743,8772,9130,8973,8570,7897,7629,7217,5253,4491,3783,3514,3010,2781,2227,1733,1616,1164,1040,956,1075,911,731,641,460,350,283,231,133,74,64,36,23,16,11
LV,population,M,2002,9896,10231,9743,9266,9402,10009,10688,11713,12681,15218,16109,17237,17953,18821,19203,19213,18867,18676,18823,17777,16962,16495,16009,15660,15781,16116,16064,16130,15893,16301,16407,16045,15539,15545,15293,15522,15200,15833,16314,16929,17306,17172,16959,17018,16691,15294,15246,14697,13746,13877,13685,13433,13863,13289,12243,10812,9838,10508,11316,11700,12966,12068,12523,12258,11600,10405,9402,8308,8324,8611,8479,8044,7362,7073,6639,4744,4077,3444,3171,2663,2480,1933,1490,1400,984,860,771,895,732,601,474,347,256,206,161,94,50,44,26,10,16
LV,population,M,2003,10195,9835,10194,9720,9249,9397,10007,10661,11698,12673,15200,16068,17172,17912,18788,19170,19187,18797,18598,18707,17610,16724,16341,15823,15491,15606,15926,15887,15960,15699,16115,16206,15811,15351,15294,15086,15308,15004,15590,16097,16647,17058,16928,16661,16755,16382,15023,14971,14432,13458,13531,13387,13137,13533,13005,11947,10473,9593,10228,11004,11358,12540,11648,12056,11734,11101,9978,8953,7896,7879,8108,8029,7565,6894,6566,6143,4342,3733,3130,2888,2388,2186,1695,1280,1186,852,720,626,729,600,482,353,264,190,147,115,66,35,25,18,19
LV,population,M,2004,10810,10196,9805,10171,9702,9226,9392,9957,10664,11663,12635,15102,15970,17081,17831,18678,19057,19070,18665,18452,18537,17388,16551,16157,15638,15358,15444,15800,15720,15817,15557,15985,16054,15657,15172,15169,14906,15155,14799,15401,15901,16424,16808,16690,16367,16485,16127,14767,14709,14143,13197,13250,13109,12849,13222,12672,11642,10180,9337,9942,10647,11051,12093,11239,11578,11265,10611,9502,8517,7498,7480,7644,7536,7038,6420,6099,5637,3980,3391,2804,2552,2100,1949,1457,1077,1012,708,608,511,562,468,367,249,194,142,97,67,45,21,15,21
LV,population,M,2005,10485,10813,10143,9775,10113,9658,9189,9373,9906,10614,11589,12603,14980,15862,16994,17731,18549,18918,18940,18451,18250,18249,17176,16307,15908,15394,15117,15242,15612,15512,15629,15402,15798,15835,15454,14994,14986,14754,14916,14588,15213,15680,16180,16545,16424,16089,16252,15803,14478,14442,13840,12901,12939,12845,12545,12890,12318,11349,9861,9092,9658,10288,10749,11631,10845,11073,10734,10117,8983,8032,7009,7073,7189,7021,6528,5976,5590,5142,3575,3046,2512,2263,1812,1722,1225,908,836,588,477,397,430,354,270,163,133,100,63,42,26,15,19
LV,population,M,2006,11022,10487,10771,10088,9741,10073,9604,9157,9342,9863,10584,11523,12558,14912,15790,16898,17620,18432,18791,18751,18162,18001,18004,16888,16058,15638,15210,14910,15064,15409,15321,15494,15235,15654,15738,15310,14877,14869,14610,14801,14434,15053,15486,15993,16342,16169,15833,16044,15589,14283,14165,13577,12629,12679,12550,12262,12568,12011,11049,9607,8829,9344,9948,10354,11167,10433,10588,10275,9632,8514,7590,6612,6632,6685,6528,6019,5480,5110,4705,3226,2744,2202,1991,1567,1482,1031,780,686,472,375,315,327,266,193,109,92,69,44,24,17,18
LV,population,M,2007,11434,11036,10417,10671,10024,9678,10018,9557,9108,9305,9815,10562,11504,12511,14871,15752,16859,17549,18334,18620,18543,17926,17797,17768,16671,15876,15436,15007,14758,14911,15213,15177,15319,15094,15545,15567,15170,14738,14730,14483,14602,14272,14860,15318,15814,16133,15993,15617,15826,15357,14004,13932,13327,12394,12439,12295,11986,12257,11699,10795,9331,8579,9042,9619,9938,10765,10036,10181,9827,9151,8080,7187,6243,6221,6204,6045,5571,5059,4641,4247,2871,2439,1967,1739,1381,1289,872,665,572,380,283,245,254,194,152,81,54,45,30,16,21
LV,population,M,2008,12009,11421,11010,10389,10627,9976,9624,9974,9514,9044,9279,9773,10523,11457,12487,14777,15661,16789,17384,18166,18479,18387,17822,17645,17646,16598,15782,15347,14899,14626,14837,15123,15111,15211,15028,15470,15505,15060,14664,14647,14380,14457,14154,14739,15141,15611,15965,15781,15429,15606,15069,13790,13705,13064,12111,12163,11998,11707,11946,11347,10461,9042,8304,8677,9218,9551,10334,9603,9733,9327,8688,7630,6778,5821,5785,5757,5558,5116,4602,4180,3773,2554,2145,1718,1497,1177,1068,713,540,476,296,206,191,200,134,104,54,26,27,20,23
LV,population,M,2009,12243,11976,11335,10948,10343,10558,9900,9567,9905,9451,8971,9210,9696,10479,11354,12413,14669,15545,16581,17057,17659,17990,17864,17307,17130,17148,16131,15277,14954,14526,14222,14540,14805,14815,14917,14715,15211,15200,14772,14356,14369,14120,14209,13927,14498,14870,15299,15599,15479,15066,15266,14710,13467,13422,12776,11828,11833,11687,11407,11605,11044,10122,8724,8019,8359,8855,9175,9895,9188,9255,8857,8212,7214,6377,5405,5399,5296,5104,4694,4160,3732,3363,2249,1881,1448,1290,985,847,582,433,367,233,159,146,148,94,71,34,15,14,26
LV,population,M,2010,11010,12115,11752,11129,10765,10173,10401,9797,9434,9792,9371,8868,9108,9585,10391,11259,12274,14489,15308,15992,16290,16849,17101,16918,16432,16298,16311,15384,14672,14331,13933,13733,14035,14333,14366,14501,14313,14842,14853,14355,14028,14074,13841,13857,13651,14114,14541,14937,15223,15194,14703,14965,14379,13184,13089,12477,11522,11511,11383,11043,11224,10703,9806,8380,7725,8046,8504,8837,9424,8775,8798,8389,7764,6791,5962,5042,4992,4874,4662,4274,3755,3370,2969,1987,1640,1254,1104,846,699,479,347,283,168,121,97,107,68,40,22,10,14
LV,population,M,2011,9947,10904,11848,11478,10866,10518,9961,10219,9636,9303,9651,9216,8734,9001,9427,10312,11074,12181,14226,14754,15360,15579,16110,16256,16094,15625,15485,15635,14638,14054,13811,13398,13231,13557,13831,13946,14086,13910,14470,14407,14016,13688,13742,13503,13478,13368,13813,14184,14599,14916,14826,14370,14632,13978,12889,12749,12151,11229,11207,11091,10730,10937,10363,9438,8089,7454,7756,8116,8463,9047,8331,8343,7930,7306,6358,5556,4632,4648,4460,4208,3864,3372,2999,2621,1731,1426,1082,924,699,553,376,266,214,132,93,70,79,52,22,12,19
LV,population,M,2012,9535,10044,10795,11713,11344,10737,10402,9875,10081,9579,9228,9563,9156,8655,8936,9359,10224,10991,12048,14080,14507,15060,15303,15808,15921,15744,15233,15115,15341,14292,13811,13539,13113,12939,13264,13608,13698,13802,13653,14188,14146,13783,13475,13523,13336,13299,13161,13600,13948,14354,14676,14595,14118,14381,13706,12633,12465,11851,10951,10901,10830,10465,10623,10053,9159,7790,7154,7417,7791,8065,8651,7928,7891,7522,6864,5944,5200,4272,4239,4079,3833,3486,3024,2628,2276,1492,1222,933,772,557,456,296,214,164,98,69,48,52,36,16,17
LV,population,M,2013,10190,9601,9984,10695,11598,11191,10677,10302,9766,10004,9512,9141,9509,9105,8583,8882,9289,10151,10908,11972,13918,14292,14911,15132,15608,15715,15530,15053,14968,15156,14137,13673,13380,12990,12779,13079,13415,13583,13721,13482,14038,13965,13605,13361,13401,13179,13152,13019,13429,13798,14188,14490,14372,13924,14185,13496,12410,12227,11594,10730,10693,10561,10175,10318,9763,8849,7525,6891,7116,7440,7676,8251,7548,7468,7038,6472,5560,4854,3929,3886,3692,3455,3097,2677,2308,1970,1257,1020,795,629,435,358,237,152,109,76,48,32,33,24,18
LV,population,M,2014,10384,10337,9660,9954,10603,11514,11098,10591,10210,9670,9927,9411,9070,9433,9019,8511,8807,9206,10037,10756,11755,13619,14080,14671,14892,15316,15302,15182,14813,14692,14922,13874,13468,13208,12835,12592,12892,13262,13412,13547,13354,13874,13820,13443,13170,13226,13010,12962,12815,13258,13607,13981,14267,14111,13699,13922,13229,12197,11992,11375,10484,10431,10258,9882,10065,9432,8551,7242,6604,6829,7139,7319,7832,7160,7037,6609,6045,5175,4509,3599,3569,3321,3093,2780,2326,2036,1692,1041,841,662,518,354,268,180,108,70,51,29,21,19,20
LV,population,M,2015,11204,10616,10415,9666,9904,10558,11436,11060,10534,10170,9590,9847,9370,9027,9372,8969,8452,8742,9130,9979,10642,11562,13399,13872,14434,14628,15045,15128,15034,14654,14532,14753,13750,13325,13094,12713,12450,12758,13144,13271,13397,13257,13773,13707,13320,13057,13126,12877,12805,12696,13122,13475,13821,14101,13924,13491,13718,13014,11983,11793,11142,10243,10126,9994,9626,9746,9092,8226,6956,6329,6506,6810,6914,7447,6741,6633,6182,5647,4774,4131,3257,3243,2989,2745,2449,2042,1756,1434,870,684,542,417,280,205,124,75,45,40,26,12,21
LV,population,M,2016,11392,11388,10654,10431,9644,9865,10516,11364,10996,10466,10094,9516,9768,9307,8972,9308,8895,8385,8661,9038,9811,10448,11349,13142,13565,14100,14325,14804,14990,14870,14465,14355,14597,13629,13202,12932,12567,12265,12618,12991,13145,13248,13137,13625,13566,13183,12904,12968,12695,12643,12544,12949,13256,13588,13866,13697,13237,13447,12763,11728,11530,10877,9999,9854,9696,9324,9434,8810,7942,6677,6048,6190,6485,6536,7067,6340,6216,5752,5241,4430,3801,2939,2926,2679,2400,2172,1763,1490,1188,704,547,433,334,213,154,89,47,33,31,14,20
LV,population,M,2017,11358,11563,11420,10643,10417,9623,9825,10449,11316,10934,10376,10020,9447,9714,9245,8898,9241,8832,8315,8565,8887,9619,10266,11121,12839,13189,13794,14078,14601,14771,14624,14232,14198,14416,13413,12981,12740,12356,12076,12436,12787,12946,13031,12945,13394,13347,12986,12702,12743,12488,12449,12327,12740,13030,13372,13631,13428,12975,13169,12483,11471,11257,10628,9699,9554,9391,9013,9099,8482,7630,6374,5767,5882,6108,6143,6643,5945,5824,5342,4845,4085,3454,2659,2580,2337,2083,1813,1513,1279,971,591,416,334,247,155,110,56,28,25,21,18
LV,population,M,2018,10719,11495,11536,11433,10615,10374,9570,9803,10388,11260,10859,10300,9974,9388,9652,9179,8846,9199,8813,8306,8537,8805,9534,10159,10983,12681,13046,13705,13949,14510,14612,14488,14109,14071,14257,13300,12836,12581,12231,11976,12319,12682,12791,12885,12814,13244,13211,12844,12540,12572,12356,12283,12156,12558,12840,13154,13425,13202,12743,12877,12212,11213,10997,10332,9444,9287,9062,8733,8790,8153,7304,6101,5487,5547,5756,5763,6181,5554,5401,4930,4416,3705,3107,2370,2304,2005,1805,1536,1272,1035,785,465,325,245,171,102,77,35,18,19,22
LV,population,M,2019,9912,10822,11506,11548,11400,10564,10348,9542,9766,10344,11206,10791,10244,9939,9345,9598,9126,8790,9173,8854,8336,8532,8780,9495,10083,10834,12589,12947,13593,13882,14454,14532,14434,14042,13968,14238,13208,12813,12512,12178,11934,12281,12621,12722,12803,12718,13142,13103,12761,12433,12454,12233,12121,12015,12368,12658,12947,13179,12960,12502,12635,11944,10964,10743,10036,9165,8998,8762,8421,8434,7797,6977,5796,5200,5232,5438,5399,5739,5180,4972,4488,4001,3319,2784,2108,2016,1734,1530,1288,1037,840,624,364,233,182,125,66,49,29,12,25
LV,population,M,2020,9573,10006,10865,11519,11527,11365,10531,10307,9529,9749,10296,11140,10769,10212,9895,9299,9543,9083,8758,9188,8847,8318,8493,8717,9425,9981,10774,12534,12917,13498,13843,14400,14523,14422,14017,13930,14162,13184,12773,12498,12115,11920,12211,12544,12635,12710,12675,13072,13025,12675,12331,12356,12095,12002,11872,12208,12498,12756,13002,12714,12235,12366,11681,10699,10467,9760,8903,8689,8438,8092,8107,7474,6668,5474,4943,4943,5109,5034,5311,4794,4555,4095,3630,2979,2457,1845,1767,1478,1294,1084,845,659,474,281,170,122,85,43,32,23,25
PL,deaths,F,2000,1349,90,44,41,42,26,30,36,34,34,25,40,38,50,44,72,94,111,107,91,103,97,89,97,92,102,89,107,104,119,97,111,130,143,157,163,207,217,260,355,400,438,510,647,705,770,891,876,979,1004,1050,1183,1182,1197,1107,964,1063,1036,1217,1363,1537,1618,1819,2061,2275,2438,2664,2919,3303,3764,4088,4328,4512,4744,5362,5774,6038,6447,6138,5833,6051,4754,4139,4380,4518,5733,6077,5904,5467,4842,4416,3607,2977,2380,1850,1309,970,641,434,296,411
PL,deaths,F,2001,1244,92,47,48,27,41,33,25,44,28,46,32,45,40,57,69,80,103,95,98,98,75,81,91,101,86,97,89,118,108,107,116,123,121,123,187,206,178,233,277,351,452,485,620,656,699,770,885,981,1059,1153,1183,1179,1222,1274,1114,1072,1106,1079,1263,1345,1644,1725,1822,2112,2261,2548,2768,2987,3549,4004,4154,4631,4641,4946,5819,6002,6160,6437,6291,5788,6234,4796,4081,4230,4391,5536,5606,5407,5038,4347,3707,3034,2459,1911,1383,1010,709,484,160,600
PL,deaths,F,2002,1172,81,48,30,38,31,29,40,33,34,44,30,44,43,54,62,94,95,120,87,100,90,76,98,100,83,79,89,96,100,118,124,106,132,133,162,203,220,218,260,280,369,411,531,630,691,768,800,941,954,1103,1247,1182,1292,1312,1352,1248,1020,1140,1155,1245,1426,1602,1808,1922,2209,2463,2611,2838,3123,3594,4016,4364,4763,4878,5236,5787,6328,6447,6702,6364,5849,6192,4602,3933,4012,4201,5288,5344,5034,4333,3732,3222,2562,2013,1493,987,719,529,336,489
PL,deaths,F,2003,1087,60,40,26,27,29,35,27,28,23,33,26,41,43,52,54,59,90,105,101,111,70,96,107,78,111,82,92,96,115,115,118,108,123,133,155,158,194,209,258,282,342,379,499,585,692,732,771,877,972,1030,1174,1296,1341,1333,1364,1409,1271,1165,1239,1230,1411,1544,1750,1907,2085,2355,2606,2840,3060,3368,3813,4539,4758,5064,5111,5563,6100,6590,6940,7031,6790,6157,6388,4686,3872,4138,4100,5146,5063,4616,4127,3398,2747,2156,1554,1226,765,542,357,550
PL,deaths,F,2004,1060,63,30,31,34,27,23,22,21,33,25,31,32,34,59,49,87,78,92,78,99,107,78,74,93,81,84,105,102,102,118,112,132,111,133,148,157,151,226,250,243,311,396,477,547,650,754,838,926,1020,1045,1191,1299,1381,1414,1405,1460,1492,1333,1199,1274,1296,1433,1576,1979,2031,2260,2416,2773,2940,3197,3529,4055,4535,4981,5160,5359,5747,6391,6703,7024,7069,6710,5969,6277,4492,3789,3790,3779,4562,4420,3949,3380,2765,2210,1652,1236,843,547,366,622
PL,deaths,F,2005,1036,65,47,37,26,30,33,26,32,33,30,26,34,34,38,48,65,58,79,99,81,93,92,75,72,87,88,85,100,113,109,141,108,150,144,154,181,194,199,250,259,299,352,424,517,605,715,855,860,1061,1133,1151,1227,1347,1394,1485,1586,1664,1588,1480,1233,1408,1408,1536,1711,1970,2234,2324,2604,2917,3185,3467,3731,4204,4922,5221,5493,5675,6076,6663,7136,7255,7486,6890,6074,6301,4359,3708,3596,3607,4265,4054,3438,2923,2281,1807,1358,920,602,380,693
PL,deaths,F,2006,960,66,48,31,29,18,23,24,34,23,29,27,39,26,46,50,79,63,78,72,73,85,91,93,82,75,83,99,77,115,110,114,136,134,136,158,183,198,207,236,281,311,348,406,497,566,677,773,860,1022,1118,1229,1232,1314,1495,1611,1580,1699,1738,1735,1572,1420,1464,1547,1587,1879,2135,2324,2444,2848,3130,3422,3455,4092,4480,5043,5528,5869,5989,6312,6979,7220,7229,7415,6873,5939,6050,4333,3381,3282,3236,3682,3363,2915,2377,1831,1296,924,678,448,654
PL,deaths,F,2007,1017,58,33,32,31,25,23,17,12,22,27,27,34,35,47,49,73,62,82,81,83,91,82,87,91,92,92,111,102,107,120,116,137,137,157,128,154,166,205,218,257,296,338,389,414,538,585,728,917,958,1064,1190,1248,1357,1422,1631,1844,1776,1789,1915,1929,1663,1455,1600,1577,1765,2040,2318,2399,2699,3063,3363,3555,3924,4176,4780,5501,5750,6143,6346,6745,7244,7573,7544,7535,6809,6096,5899,4069,3267,3160,3006,3180,2958,2485,1961,1446,1105,745,472,721
PL,deaths,F,2008,1033,66,41,30,31,16,17,21,18,22,19,22,24,25,32,58,92,75,82,76,84,60,81,80,86,94,99,86,91,133,112,107,140,124,150,161,193,160,199,210,251,289,304,377,425,490,528,650,789,910,1045,1170,1227,1373,1442,1550,1745,1754,1828,1961,2005,1946,1814,1541,1751,1696,1853,2208,2343,2535,2793,3229,3453,3945,4178,4572,5119,5890,6173,6622,6609,6844,7652,7713,7750,7561,6924,5919,5575,3865,3056,2851,2627,2831,2538,2012,1574,1052,776,512,791
PL,deaths,F,2009,1029,62,34,33,28,15,26,26,26,17,23,22,26,43,50,51,52,67,73,73,64,67,77,79,98,67,100,82,120,108,129,128,141,138,148,180,185,158,218,239,250,297,290,338,376,457,526,574,717,827,983,1142,1236,1327,1474,1520,1702,1826,1911,1973,2091,2189,2136,1874,1631,1785,1794,1983,2225,2563,2803,3071,3346,3742,4141,4460,4968,5528,6282,6697,6962,7127,7455,7992,7969,7888,7752,6686,5766,5321,3631,2710,2577,2375,2447,2069,1576,1123,851,561,919
PL,deaths,F,2010,902,64,39,26,25,20,12,22,12,21,25,15,21,20,34,38,41,53,62,55,67,67,53,62,71,69,88,94,80,101,115,99,122,113,139,176,192,197,192,203,251,251,282,314,361,404,466,503,644,709,942,1044,1151,1232,1425,1405,1532,1689,1868,2071,2040,2128,2191,2152,1920,1708,1838,1910,2018,2410,2685,3042,3340,3705,3877,4304,4717,5081,5647,6452,6913,7284,7337,7439,7870,7775,7638,7148,6216,5416,5046,3236,2409,2210,1908,1912,1623,1258,906,550,1035
PL,deaths,F,2011,809,58,32,31,24,15,14,23,16,16,24,13,12,26,50,58,51,45,61,72,66,64,59,71,62,73,74,85,113,105,91,129,114,144,127,154,183,202,212,230,248,259,283,331,341,351,451,485,561,701,734,956,1118,1273,1354,1436,1675,1642,1774,1995,2097,2166,2269,2306,2283,2002,1862,1978,2001,2162,2489,2881,3114,3437,3806,4274,4532,4772,5348,5913,6759,7151,7311,7231,7430,7917,7613,7303,6876,5839,4681,4449,2848,2052,1783,1515,1556,1140,855,575,971
PL,deaths,F,2012,796,44,27,25,22,25,16,14,16,15,15,18,22,21,33,37,49,36,68,65,54,60,59,64,72,61,60,65,107,109,99,114,127,131,157,150,152,191,213,204,229,280,296,314,326,364,403,465,595,640,780,807,1091,1169,1363,1486,1675,1703,1752,1972,2188,2303,2311,2484,2509,2575,2247,1947,2148,2076,2304,2768,3175,3452,3761,4089,4603,4889,5305,5805,6429,7239,7534,7709,7578,7582,7881,7544,7314,6775,5675,4391,4010,2443,1811,1540,1199,1166,908,590,1114
PL,deaths,F,2013,747,54,29,29,27,19,15,10,19,10,21,19,21,28,32,41,44,59,60,52,56,61,55,61,51,74,70,76,83,102,111,106,123,118,132,161,160,189,204,215,228,228,287,293,326,360,359,497,503,591,708,755,872,1077,1209,1478,1558,1679,1825,2033,2100,2339,2492,2557,2655,2604,2621,2410,2101,2289,2372,2537,2990,3308,3636,3916,4520,4778,5327,5593,6141,6953,7675,7930,7814,7870,7727,7966,7565,7008,6359,5213,4028,3349,2151,1446,1239,960,883,648,1136
PL,deaths,F,2014,713,53,32,34,17,25,19,12,18,15,13,16,23,28,27,28,40,52,57,53,62,59,60,67,66,66,80,65,93,88,94,116,113,114,140,138,180,204,207,224,240,232,276,317,292,349,382,411,492,587,675,691,828,981,1148,1322,1492,1615,1714,1850,2139,2241,2359,2431,2549,2728,2785,2713,2452,2172,2418,2359,2640,2883,3402,3713,4186,4541,4941,5498,5898,6331,6945,7498,7707,7848,7557,7294,7395,6923,6345,5586,4557,3302,2802,1679,1071,901,655,633,1194
PL,deaths,F,2015,646,51,27,17,20,16,13,17,18,27,7,17,16,22,34,36,30,33,46,64,45,51,62,61,56,56,45,71,70,87,94,97,115,130,131,151,169,176,199,233,251,251,278,301,331,345,360,465,502,524,632,700,761,868,1009,1229,1415,1621,1773,1906,2125,2278,2348,2737,2725,2842,2938,2902,3005,2645,2275,2639,2627,2871,3355,3759,4230,4468,5085,5572,6000,6398,6919,7551,8209,8490,8272,8002,7759,7745,6838,6121,5303,4194,3027,2511,1377,932,692,551,1357
PL,deaths,F,2016,654,42,29,16,12,20,17,22,16,7,8,17,12,18,23,16,35,38,50,49,41,36,48,58,63,68,71,56,80,94,102,110,132,138,142,162,179,201,188,215,249,262,271,284,367,355,381,458,454,490,564,673,727,815,977,1051,1303,1538,1716,1788,2041,2221,2465,2466,2709,2828,2966,3061,3009,3158,2873,2446,2713,2684,3028,3391,3997,4264,4708,5187,5696,6121,6594,6933,7588,8200,8359,7953,7647,7103,6713,6101,5286,4390,3349,2325,1901,1020,682,479,1196
PL,deaths,F,2017,696,44,24,18,15,23,16,13,15,14,13,16,17,17,30,27,33,35,51,54,49,53,49,54,57,59,61,71,79,86,98,108,120,133,141,149,193,174,211,244,250,242,317,315,369,361,385,439,473,544,561,626,684,765,911,1000,1182,1456,1646,1828,1995,2150,2398,2585,2628,2991,3117,3222,3427,3363,3465,3037,2708,3000,3068,3349,3718,4345,4789,5296,5687,6389,6677,7063,7605,8217,8752,8687,8197,7598,7218,6814,5869,4957,4024,2960,1977,1542,843,514,1226
PL,deaths,F,2018,660,39,29,21,18,16,17,11,21,12,17,26,19,30,28,23,32,44,51,59,48,63,45,47,59,60,56,90,72,74,104,96,123,109,188,149,166,193,213,236,277,253,267,310,377,372,415,421,485,497,538,608,696,753,828,1005,1076,1374,1619,1829,2146,2337,2425,2740,2684,2893,3217,3324,3600,3537,3747,3782,3315,2914,3229,3341,3736,4199,4711,5306,5670,6321,6861,7323,7571,8055,8516,9028,8534,8236,7338,6593,6047,5309,4226,3459,2456,1582,1166,607,1108
PL,deaths,F,2019,663,42,23,17,16,19,17,12,16,24,21,11,16,23,21,32,24,34,50,48,44,35,46,45,70,53,52,66,77,87,77,102,107,131,143,142,191,193,212,235,234,261,310,318,381,398,410,444,521,495,595,601,623,723,834,911,1063,1215,1367,1647,1951,2313,2378,2643,2731,2913,3204,3464,3631,3648,3846,3947,3942,3548,3165,3557,3507,3870,4542,4989,5542,5950,6519,6995,7389,7642,8058,8541,8543,8156,7537,6638,5940,5248,4339,3309,2632,1907,1146,810,1068
PL,deaths,F,2020,551,36,25,15,10,13,11,14,17,8,17,17,19,28,23,36,21,27,47,51,50,67,45,55,52,53,78,62,81,75,101,98,115,109,182,191,206,247,234,232,283,294,319,379,395,426,434,452,498,609,635,667,717,823,879,995,1100,1221,1426,1637,1919,2362,2614,2860,2943,3313,3517,3858,4031,4355,4432,4922,4913,4848,4484,3939,4410,4424,4954,5673,6185,6974,7538,8129,8606,9204,8886,9157,9328,9622,8938,7974,6798,5788,5134,3933,3055,2242,1499,927,1415
PL,deaths,M,2000,1718,125,69,52,48,43,55,55,58,51,59,60,56,78,99,133,174,289,319,348,378,417,375,413,365,375,401,353,392,372,437,397,461,455,525,590,687,751,863,963,1116,1440,1523,1654,1915,2005,2128,2265,2427,2699,2833,2706,2856,2903,2567,2149,2441,2407,2676,3062,3474,3577,3844,4206,4511,4729,4803,5072,5562,5791,6025,5990,5922,5587,5774,5680,5566,5253,4993,4683,4504,3041,2489,2681,2493,2946,2910,2699,2414,2031,1687,1318,1075,791,515,407,274,166,113,59,104
PL,deaths,M,2001,1579,116,47,61,55,50,39,46,55,64,51,59,68,71,77,131,179,235,301,341,355,385,368,379,378,410,326,348,402,398,396,423,432,466,483,534,579,726,774,916,967,1268,1424,1607,1713,2021,2123,2234,2351,2704,2747,2787,2968,3071,2996,2697,2294,2481,2526,2757,3156,3564,3647,3984,4340,4553,4625,5026,5111,5689,5852,5922,5977,5583,5402,5595,5435,5334,5277,4785,4192,4263,2923,2421,2332,2228,2742,2683,2439,2062,1705,1349,1119,897,646,439,302,192,122,45,154
PL,deaths,M,2002,1490,107,64,50,52,38,46,39,58,55,57,59,63,78,104,102,165,238,371,361,366,373,361,385,413,414,379,402,397,365,412,397,467,472,490,482,591,635,723,807,932,1037,1295,1481,1781,1812,2111,2249,2314,2509,2775,3011,2876,3162,3150,3135,2717,2399,2609,2488,2922,3261,3642,3801,4143,4323,4541,4775,4875,5177,5478,5866,5987,5916,5752,5468,5397,5241,5278,5070,4568,4078,4097,2714,2240,2179,2135,2413,2372,2089,1785,1418,1132,857,648,448,283,205,138,73,112
PL,deaths,M,2003,1383,98,54,43,42,50,32,53,49,37,55,53,55,68,78,99,134,203,299,312,368,353,385,396,340,374,367,381,369,369,383,397,436,453,505,545,572,628,680,795,931,1056,1112,1352,1655,1793,1982,2206,2352,2509,2657,2978,3045,3120,3205,3226,3150,2939,2600,2794,2810,3082,3394,3714,3867,4225,4536,4787,4946,5058,5309,5634,6103,6109,5846,5650,5552,5468,5345,5322,5016,4350,3983,3928,2709,2201,2121,1947,2207,2103,1796,1501,1184,969,719,517,354,239,133,96,134
PL,deaths,M,2004,1363,84,54,36,39,42,40,41,32,45,36,49,51,62,78,121,116,185,253,296,366,376,391,355,359,371,377,401,383,440,404,430,442,482,506,567,563,643,696,763,833,994,1087,1261,1567,1853,2031,2257,2452,2653,2852,2919,3252,3360,3443,3618,3636,3453,3028,2708,2939,2832,3265,3477,3899,4120,4257,4629,4867,4919,5248,5242,5666,5984,6121,5844,5478,5215,5381,5078,4891,4791,4270,3776,3587,2450,1879,1800,1607,1874,1817,1459,1180,965,720,530,383,243,159,100,146
PL,deaths,M,2005,1304,85,53,30,44,33,34,38,29,32,45,36,37,60,86,110,138,190,271,320,317,373,418,378,399,389,389,376,380,420,434,422,440,492,489,540,585,647,695,773,864,994,1091,1165,1428,1728,1990,2272,2439,2734,2880,2955,3129,3518,3608,3654,3691,3825,3654,3257,2858,3070,3034,3210,3612,4107,4214,4508,4698,4890,5104,5137,5348,5710,5969,6024,5853,5504,5246,5364,5013,4747,4543,4166,3440,3387,2158,1739,1702,1544,1563,1547,1247,966,689,534,389,292,181,98,164
PL,deaths,M,2006,1278,86,49,39,40,42,32,31,38,40,38,50,49,63,74,105,141,180,255,281,338,343,408,368,362,336,358,378,379,407,448,437,415,463,480,560,607,681,655,747,889,952,1064,1176,1317,1588,1939,2196,2472,2617,2922,3157,3284,3396,3785,3858,3871,4064,4027,3962,3543,2954,3107,3056,3423,3889,4168,4337,4578,4623,4969,5063,5284,5406,5567,6121,6137,5798,5358,5077,5160,4884,4580,4283,3846,3321,3093,1911,1509,1421,1256,1338,1196,995,740,568,406,286,169,113,149
PL,deaths,M,2007,1305,82,58,35,37,33,31,24,30,29,39,43,44,67,71,98,151,188,265,313,303,337,410,365,368,354,333,403,375,429,458,439,505,549,514,546,565,606,697,814,871,933,1034,1150,1337,1543,1640,2072,2366,2720,3029,3177,3299,3440,3659,4014,4125,4090,4176,4189,4138,3636,3048,3350,3271,3571,3828,4304,4503,4538,4989,5135,5339,5341,5526,5876,6002,6040,5775,5365,5073,5164,4681,4441,4220,3580,3039,2968,1825,1393,1223,1119,1140,988,795,578,424,270,205,143,220
PL,deaths,M,2008,1305,91,50,46,36,32,30,40,20,28,29,21,43,53,67,74,143,168,286,322,340,320,353,350,343,418,373,393,374,457,436,468,512,488,597,578,576,649,693,726,824,865,970,1121,1240,1485,1593,1875,2172,2560,2785,3103,3302,3517,3545,3833,4121,4262,4076,4372,4403,4264,3731,3074,3357,3337,3724,3935,4222,4503,4638,4934,5138,5192,5247,5491,5827,6030,5992,5659,5475,4909,5022,4565,4257,4035,3457,2833,2566,1544,1241,1141,902,949,813,639,454,314,215,155,210
PL,deaths,M,2009,1298,70,51,29,22,38,26,23,36,26,32,25,38,33,73,99,109,177,278,288,334,320,348,363,342,375,384,369,359,381,455,463,480,504,538,614,542,633,668,769,766,901,967,966,1126,1301,1410,1686,1901,2138,2600,2826,3041,3386,3549,3706,3967,4248,4481,4391,4595,4559,4486,3910,3284,3567,3398,3665,4072,4491,4616,4789,5022,5245,5308,5385,5470,5877,6098,5968,5724,5444,4958,4832,4521,4047,3763,3322,2633,2354,1406,1010,944,826,809,657,457,352,202,161,230
PL,deaths,M,2010,1155,78,47,25,26,31,16,24,19,33,24,33,30,36,59,72,126,156,211,265,294,303,312,323,344,343,353,385,380,400,381,423,465,485,550,562,572,605,662,712,750,847,899,937,1114,1224,1262,1516,1716,1960,2355,2721,2919,3204,3526,3803,3901,4060,4359,4469,4493,4524,4593,4448,3841,3382,3570,3487,3673,4085,4400,4602,4852,5031,5218,5240,5339,5556,5702,5973,5781,5469,4997,4698,4383,4069,3654,3403,2777,2221,1986,1238,953,752,582,586,474,320,201,168,250
PL,deaths,M,2011,1027,69,43,44,31,35,27,21,24,23,27,24,23,40,50,77,102,139,221,234,308,324,282,322,295,373,337,360,409,387,449,426,477,474,537,591,611,674,702,690,766,873,873,932,1018,1141,1251,1433,1576,1811,2131,2466,2738,3113,3413,3729,3766,4098,4103,4550,4586,4577,4650,4759,4570,4012,3445,3569,3484,3742,4043,4384,4511,4724,5058,5108,5214,5263,5355,5607,5746,5723,5245,4820,4369,4157,3718,3463,3125,2388,1924,1663,980,674,570,472,422,315,246,157,250
PL,deaths,M,2012,995,61,60,44,31,30,25,19,21,27,26,19,22,38,49,59,102,125,231,238,256,262,274,288,299,342,365,353,387,360,410,403,438,471,525,551,562,654,695,744,783,792,835,962,945,1094,1215,1352,1550,1719,2006,2308,2610,2985,3295,3658,3833,4067,4258,4302,4786,5016,4913,4998,4933,4865,4198,3529,3728,3470,3916,4155,4510,4725,4846,5150,5356,5309,5299,5452,5658,5705,5695,5274,4623,4171,4063,3653,3100,2829,2339,1684,1418,812,595,476,356,373,233,158,295
PL,deaths,M,2013,937,54,43,41,29,18,23,24,25,16,22,22,33,45,39,58,100,125,213,235,241,240,279,284,298,285,313,325,352,382,412,391,429,499,447,515,555,607,682,699,768,757,892,890,960,1000,1132,1242,1354,1604,1743,2059,2287,2750,3031,3490,3712,3958,4181,4392,4647,4968,5049,4907,5251,5179,5032,4211,3598,3816,3631,3836,4351,4585,4822,5032,5107,5432,5304,5363,5296,5647,5757,5476,4900,4555,4044,3758,3266,2837,2435,1968,1470,1267,657,433,381,249,206,165,269
PL,deaths,M,2014,870,57,31,26,27,25,22,23,14,19,21,15,17,23,45,37,71,117,162,217,238,218,269,280,263,266,297,324,322,356,441,453,425,397,480,538,562,578,663,648,716,761,838,921,949,977,1049,1134,1238,1467,1652,1759,1968,2378,2771,3181,3484,3659,3943,4219,4532,4609,4875,4937,5003,5115,5310,4971,4190,3349,3813,3671,3859,4214,4650,4631,4925,5110,5178,5194,5211,5152,5391,5307,5155,4651,4217,3657,3298,2842,2408,1998,1540,1193,995,492,319,270,206,151,281
PL,deaths,M,2015,830,63,33,30,22,24,19,18,20,19,20,24,31,39,33,55,76,86,150,201,222,243,210,240,267,282,306,293,333,344,377,416,456,445,497,532,600,606,655,679,692,787,816,872,943,978,1108,1228,1306,1380,1646,1762,1969,2256,2625,2963,3393,3781,3920,4410,4527,4835,5024,5328,5432,5421,5517,5473,5322,4420,3784,3997,3768,4146,4508,4798,4874,5090,5290,5345,5368,5383,5326,5369,5581,5063,4672,4109,3612,3190,2665,2267,1805,1415,1028,803,413,247,209,107,307
PL,deaths,M,2016,868,47,33,32,28,16,31,19,21,23,19,22,26,21,35,51,61,88,134,155,169,204,223,229,240,256,266,321,291,325,355,432,465,485,502,531,573,633,660,662,722,753,806,929,952,1067,1067,1236,1279,1372,1538,1737,1862,2071,2456,2733,3152,3505,3917,4291,4575,4850,4911,5092,5430,5482,5771,5713,5471,5262,4461,3719,4012,3858,4076,4481,4784,5012,4844,5184,5369,5253,5002,5069,5158,4932,4679,4303,3680,3157,2629,2313,1914,1512,1002,768,605,276,159,118,267
PL,deaths,M,2017,908,59,29,25,27,15,22,18,22,20,22,17,21,27,29,40,61,71,121,168,163,180,208,205,233,270,256,308,302,344,335,407,476,465,564,547,558,623,622,698,734,845,823,925,975,1073,1128,1176,1237,1357,1501,1675,1876,1951,2279,2574,2895,3355,3759,4202,4502,4865,5027,5237,5340,5671,5764,5823,5772,5748,5478,4660,3944,4081,3823,4318,4530,4932,5039,5236,5288,5441,5346,5245,5241,5148,5017,4833,4171,3544,2827,2521,1930,1667,1319,867,596,451,216,121,266
PL,deaths,M,2018,834,53,32,31,16,16,16,20,29,24,22,24,25,30,44,49,64,79,128,144,177,187,203,173,242,256,252,280,303,363,345,420,444,464,549,583,558,586,703,785,833,894,994,983,992,1089,1161,1250,1258,1397,1513,1526,1780,1969,2239,2395,2791,3096,3581,4127,4477,4751,5040,5479,5582,5926,6270,6228,6155,6045,5986,5781,4857,3982,4308,4115,4588,4828,5031,5190,5309,5419,5416,5313,5209,4987,5060,4809,4450,3798,3170,2508,2228,1745,1377,1000,682,438,317,146,226
PL,deaths,M,2019,749,58,31,27,18,18,19,16,22,21,16,24,26,23,32,45,61,75,121,150,150,156,186,191,225,232,269,287,300,342,365,430,466,514,527,592,641,655,706,711,760,841,868,972,1041,1094,1169,1165,1273,1361,1544,1599,1702,1854,2119,2288,2683,2853,3215,3842,4393,4723,4979,5377,5471,5997,6245,6421,6305,6106,6114,6039,5789,4811,4138,4283,3989,4285,4734,5041,5074,5077,5261,5217,5081,4790,4618,4662,4260,4039,3313,2728,2195,1763,1401,1010,728,482,321,210,213
PL,deaths,M,2020,719,54,28,25,14,14,20,21,13,22,17,14,18,25,28,44,60,74,114,167,151,144,195,216,227,252,231,269,317,358,339,408,455,479,582,615,711,774,765,764,850,977,948,1071,1180,1248,1286,1374,1451,1553,1709,1756,1911,2084,2304,2510,2681,2976,3472,3946,4501,5212,5506,5897,6151,6990,7202,7234,7509,7634,7387,7535,7408,6863,5962,5086,5247,5195,5384,5725,6197,6418,6350,6363,6216,6194,5722,5423,5109,4842,4310,3543,2729,2144,1719,1247,935,652,416,222,335
PL,population,F,2000,185823,190691,198769,208239,214777,227621,236465,247286,261299,268645,271484,279821,285277,301184,323256,333220,341247,326555,312926,318714,313031,305497,300415,303275,294211,283183,272586,264078,253781,247370,237642,234646,232133,234326,239038,245206,251794,254975,266015,285032,302090,315454,322339,321473,325130,316404,314346,312379,308865,296803,283493,275679,257973,237276,173577,171070,166360,164445,175413,185695,187829,187343,189259,193471,190189,185162,180526,188361,187850,191944,178626,172472,159620,157811,159659,142475,136612,124764,101522,92581,77583,51523,46086,45288,44879,50434,44100,39623,31129,26416,20340,15185,11730,8330,5745,NA,NA,NA,NA,NA,11240
PL,population,F,2001,183619,185717,190662,198737,208200,214750,227590,236414,247228,261217,268531,271377,279635,285044,300978,322987,332916,340923,326223,312591,318401,312631,305108,300069,302944,293871,282841,272285,263751,253434,247014,237370,234327,231834,233979,238672,244804,251399,254534,265428,284354,301385,314697,321483,320457,324092,315342,313213,311270,307722,295632,282244,274355,256698,235955,172483,169919,165192,163136,173963,184064,186181,185538,187301,191188,187748,182618,177656,185231,184280,187980,174395,168038,154945,152752,153981,136605,130384,118314,95661,86719,71898,47322,41891,40785,39970,44398,38164,33706,26141,21700,16297,11881,9006,6241,NA,NA,NA,NA,NA,12010
PL,population,F,2002,176819,183428,185701,190666,198729,208190,214715,227573,236394,247190,261162,268486,271315,279503,284897,300778,322775,332691,340705,326001,312334,318107,312335,304870,299790,302676,293562,282557,272014,263473,253183,246784,237123,234082,231587,233694,238319,244439,250998,254105,264924,283734,300725,313935,320590,319658,323190,314359,312094,310119,306470,294303,280970,273065,255442,234636,171403,168829,164047,161962,172543,182536,184451,183811,185336,188902,185304,179954,174846,181955,180491,183821,170034,163358,150316,147400,147884,130639,123990,111834,89889,80635,66243,43075,37713,36315,35227,38540,32675,28178,21522,17552,12833,9224,6811,4609,2993,2159,1267,850,1114
PL,population,F,2003,171109,176754,183398,185669,190621,198676,208146,214646,227497,236343,247117,261091,268405,271189,279331,284683,300543,322503,332349,340415,325655,312032,317759,311991,304534,299444,302331,293248,282265,271719,263163,252898,246482,236791,233783,231235,233319,237893,243978,250513,253581,264346,283108,299985,313074,319752,318707,322211,313331,311017,308941,305122,292975,279612,271683,253999,233213,170304,167664,162866,160652,171189,180939,182770,181814,183204,186577,182665,177214,171864,178496,176688,179599,165429,158445,145315,141973,141521,124379,117345,105190,83901,74623,60617,39050,33795,32202,30673,33006,27459,23480,17473,14054,9908,6986,5044,3387,2166,1485,881,1315
PL,population,F,2004,169569,171090,176754,183388,185647,190572,198626,208103,214610,227450,236290,247052,261033,268322,271070,279171,284503,300332,322276,332098,340122,325384,311773,317457,311736,304253,299158,302060,292970,281974,271413,262930,252633,246225,236548,233493,230932,232969,237554,243575,250018,253092,263800,282446,299222,312285,318872,317835,321241,312325,309912,307710,303818,291559,278232,270231,252608,231774,169114,166446,161560,159377,169675,179188,180904,179869,180909,184052,179939,174268,168697,174861,172534,174863,160617,153274,140047,136178,134928,117793,110212,98213,77544,68350,54808,34986,29904,28071,26218,27693,22644,19036,13785,10872,7457,5166,3621,2392,1512,1029,1477
PL,population,F,2005,171880,169549,171075,176776,183375,185617,190548,198609,208063,214576,227422,236247,247009,260956,268250,270957,279019,284316,300157,322075,331829,339860,325155,311561,317240,311471,304035,298945,301809,292758,281777,271189,262746,252408,246051,236327,233247,230674,232667,237181,243177,249579,252597,263184,281810,298448,311472,317939,316911,320188,311240,308774,306434,302382,290132,276801,268724,251155,230255,167936,165145,160261,158052,168124,177326,178889,177702,178614,181401,177086,171247,165322,171010,168283,170012,155618,147952,134558,130203,128097,111047,103170,91144,71314,62285,49237,31047,26237,24155,22256,23080,18398,15297,10814,8357,5474,3776,2583,1677,1071,1717
PL,population,F,2006,176261,171882,169546,171057,176752,183329,185556,190504,198555,208003,214519,227366,236183,246946,260895,268181,270831,278880,284180,299948,321824,331572,339521,324877,311296,316911,311143,303726,298640,301541,292507,281504,270932,262516,252112,245804,236075,232952,230348,232317,236757,242742,249090,252049,262476,281071,297660,310542,316946,315830,318995,310042,307524,305070,300932,288667,275191,267059,249491,228605,166680,163779,158902,156528,166510,175434,176797,175399,176149,178610,173969,167968,161754,166988,163754,164832,150412,142263,128756,123875,121006,104007,95667,83753,65042,56149,43654,27185,22666,20536,18406,18837,14716,12005,8227,6290,3890,2648,1841,1175,1910
PL,population,F,2007,181041,176184,171733,169424,170921,176604,183167,185396,190367,198408,207825,214381,227239,236037,246823,260751,268025,270635,278726,283920,299533,321286,330939,338830,324092,310427,315944,310242,302942,297991,300906,291966,281017,270466,262090,251727,245343,235640,232521,229877,231831,236253,242163,248443,251332,261729,280291,296727,309581,315803,314596,317677,308741,306167,303568,299306,286950,273565,265247,247725,226786,165297,162309,157374,154966,164687,173411,174568,173011,173462,175638,170633,164539,158023,162657,159035,159461,144726,136223,122721,117262,113669,96882,88362,76411,58810,50235,38179,23502,19415,17201,15066,15245,11570,9311,6151,4696,2776,1843,1271,2239
PL,population,F,2008,187840,181091,176134,171663,169335,170821,176465,183031,185299,190266,198285,207695,214267,227106,235872,246717,260615,267867,270497,278535,283698,299244,321010,330637,338532,323719,310074,315514,309861,302566,297614,300493,291562,280664,270084,261756,251397,244943,235273,232135,229481,231356,235716,241597,247876,250684,261024,279496,295726,308571,314672,313358,316318,307440,304741,301966,297504,285110,271755,263412,245771,224898,163887,160724,155801,153312,162780,171169,172253,170459,170574,172373,167186,160805,154067,158073,153956,153713,138781,129928,116339,110242,105915,89475,80812,69092,52506,44247,32986,20056,16220,14170,12107,12036,8864,6986,4480,3442,1854,1278,2543
PL,population,F,2009,201059,188080,181118,176082,171583,169247,170724,176363,182928,185181,190174,198167,207584,214165,226990,235742,246574,260467,267741,270321,278339,283476,299069,320813,330379,338239,323337,309688,315140,309474,302199,297218,300051,291101,280251,269654,261340,250961,244552,234835,231692,229007,230883,235140,241018,247265,250034,260333,278639,294789,307479,313471,312072,315015,305920,303192,300286,295687,283279,269813,261407,243741,222926,162322,159049,154076,151582,160727,168857,169839,167800,167473,169069,163452,156750,149708,153206,148462,147612,132364,123215,109677,103034,97946,81863,73199,61657,46229,38479,28048,16828,13312,11427,9440,9316,6564,5152,3231,2465,1215,2811
PL,population,F,2010,204111,208215,194846,185116,178476,172427,169960,171454,177770,182723,184394,189435,198034,205941,212783,226949,235726,245153,259132,265163,266811,274643,278165,290145,306143,314685,324559,312906,300752,307221,304619,297295,295135,297305,287765,277307,267212,257562,248724,240649,233085,229164,227491,229285,232619,238608,245089,248075,258722,275383,294313,305716,312163,309517,313576,302909,301557,297556,294197,279915,268838,259834,242502,220867,158861,157255,151912,148749,158374,165426,165765,164511,164137,164063,158779,152193,145171,147330,142857,140710,126748,116268,102757,95250,90160,74460,66022,54863,40293,31978,24130,13821,10951,9195,7542,7103,4982,3585,2276,1521,2242
PL,population,F,2011,199919,209001,208362,194878,185114,178443,172394,169898,171386,177722,182662,184319,189356,197967,205853,212710,226864,235645,245080,259045,265070,266662,274502,278017,289980,305944,314477,324308,312638,300513,306884,304318,296981,294836,297015,287411,276952,266889,257226,248407,240303,232729,228761,227061,228861,232136,238046,244529,247453,257970,274496,293248,304615,310917,308182,312076,301362,299937,295694,292249,277844,266709,257661,240332,218721,157185,155461,150105,146775,156101,162898,162889,161348,160583,160203,154703,147659,140416,141845,136822,133938,119683,108960,95343,87740,81990,66852,58535,48133,34610,26780,19888,11152,8677,7118,5762,5224,3545,2504,1569,2482
PL,population,F,2012,184778,200653,209260,208466,194873,185086,178420,172326,169805,171314,177657,182576,184252,189272,197843,205749,212600,226751,235571,244974,258937,264927,266523,274340,277854,289780,305730,314195,323929,312320,300219,306534,303919,296632,294501,296679,287062,276580,266541,256871,248008,239918,232320,228320,226606,228416,231648,237472,243909,246744,257194,273555,292125,303350,309524,306760,310417,299710,298246,293743,290140,275727,264464,255359,237975,216535,155341,153560,148131,144729,153762,160183,159834,158126,156947,156111,150280,142991,135475,136148,130584,126807,112468,101634,88059,80130,73945,59563,51356,41655,29445,22306,16091,8828,6772,5463,4299,3830,2572,1764,2823
PL,population,F,2013,184009,188798,200827,209376,208441,194804,185030,178340,172225,169708,171230,177544,182480,184135,189183,197780,205635,212531,226665,235464,244758,258798,264784,266319,274188,277685,289507,305419,313798,323501,311958,299819,306091,303499,296241,294149,296303,286692,276183,266220,256528,247628,239542,231898,227895,226158,227922,231117,236861,243234,245986,256356,272522,291021,301968,308044,305169,308655,297979,296327,291705,287844,273509,262035,252790,235462,214000,153388,151502,146068,142590,151176,157143,156523,154563,153026,151654,145607,137831,130079,129911,123823,119258,104895,93909,80540,72437,65905,52338,44296,35240,24605,18162,12680,6889,5136,4069,3141,2764,1829,3193
PL,population,F,2014,175290,188659,188742,200737,209199,208206,194568,184779,178130,172016,169513,171004,177345,182283,183945,188969,197606,205463,212366,226443,235225,244515,258494,264540,265993,273737,277144,288842,304729,313038,322604,311113,299036,305286,302794,295538,293480,295663,285993,275558,265574,255958,247121,238939,231286,227272,225549,227294,230379,236091,242384,245050,255317,271449,289718,300462,306340,303472,306780,295915,294223,289383,285359,270909,259419,250105,232778,211317,151306,149339,143693,140161,148323,154061,153039,150796,148713,147010,140534,132421,124260,123295,116579,111268,97133,85998,72866,64467,57937,45154,37606,29411,19971,14487,9866,5194,3831,2954,2223,2008,3560
PL,population,F,2015,178081,179670,188748,188749,200678,209055,208064,194462,184669,178002,171915,169388,170888,177203,182125,183838,188872,197517,205413,212281,226353,235111,244465,258425,264414,265795,273565,276959,288574,304388,312685,322177,310725,298641,304870,302324,295108,293031,295172,285581,275074,265091,255530,246667,238399,230838,226802,225038,226686,229750,235366,241610,244165,254313,270247,288373,298951,304663,301758,304903,293906,291952,287039,282938,268445,256709,247293,230039,208540,149155,147091,141313,137691,145494,150812,149528,146851,144346,142207,135242,126703,118261,116573,109408,103668,89252,78298,65454,57112,50546,38702,31590,24289,16179,11407,7607,3946,2805,2199,1593,4063
PL,population,F,2016,176219,182024,179742,188750,188691,200516,208964,207924,194362,184598,177939,171781,169270,170741,177102,181995,183747,188776,197473,205300,212185,226198,235027,244398,258308,264249,265691,273299,276674,288209,304065,312304,321757,310246,298153,304398,301862,294624,292583,294752,285097,274628,264611,255038,246144,237911,230348,226266,224431,226087,229019,234614,240749,243327,253267,269023,286961,297358,302876,299855,302841,291635,289566,284445,280127,265577,253825,244238,227063,205570,146812,144683,138669,134953,142286,147243,145513,142531,139588,136822,129426,120451,111686,109250,101616,95102,80946,70089,57647,49417,42981,32358,25837,19476,12655,8645,5599,2888,2006,1565,4036
PL,population,F,2017,182830,180601,182396,180042,188988,188853,200646,209068,207975,194436,184616,177937,171799,169270,170732,177117,181959,183728,188804,197393,205227,212140,226172,235001,244384,258378,264262,265698,273309,276652,288243,303969,312259,321685,310240,298059,304228,301705,294488,292419,294615,284867,274385,264371,254724,245836,237545,229940,225793,223946,225578,228384,233844,239960,242465,252302,267827,285493,295728,301092,297973,300668,289373,287027,281872,277298,262758,250800,241157,224013,202334,144310,142142,136002,132113,139054,143482,141431,138010,134568,131437,123446,114120,104969,101929,93840,86608,72775,62242,50433,42496,36399,26849,20942,15572,9906,6534,4125,2086,1426,4205
PL,population,F,2018,192000,187153,181001,182719,180222,189104,188947,200688,209042,207990,194390,184590,177899,171787,169204,170692,177018,181879,183667,188731,197314,205220,212161,226177,235059,244431,258372,264220,265585,273245,276537,288078,303810,312077,321489,310019,297829,303900,301434,294152,292110,294266,284509,274029,263984,254292,245333,237083,229476,225256,223327,224953,227658,233096,239056,241451,251123,266523,283883,293986,299046,295943,298331,286884,284466,278941,274261,259609,247429,237804,220489,198969,141593,139241,133028,128991,135459,139444,136897,132916,129092,125408,116960,107330,97719,93799,85501,77769,64406,54243,43136,35469,29915,21444,16464,12021,7423,4769,2940,1452,4161
PL,population,F,2019,184334,196578,187740,181455,183046,180490,189365,189118,200810,209153,208065,194410,184594,177879,171812,169208,170691,176980,181867,183622,188737,197395,205303,212307,226397,235306,244652,258605,264321,265739,273348,276593,288176,303837,312087,321430,310007,297742,303776,301296,293964,291942,294053,284296,273761,263665,253989,244980,236702,229024,224758,222771,224290,226959,232350,238119,240401,249938,265022,282124,292002,296826,293584,295760,284180,281661,275854,271039,256168,243869,234103,216736,195216,138717,136156,129756,125531,131424,134902,132014,127407,123102,118740,109891,99833,90093,85313,76863,68764,56101,46424,36249,29170,24011,16812,12622,8976,5476,3426,2024,4262
PL,population,F,2020,178566,188469,197176,188354,181928,183370,180702,189601,189282,200884,209206,208141,194444,184636,177911,171841,169219,170700,177007,181844,183662,188842,197503,205565,212543,226548,235468,244827,258724,264341,265800,273399,276648,288144,303788,312031,321408,309829,297637,303570,301051,293818,291736,293826,284042,273410,263336,253662,244527,236240,228511,224183,222191,223664,226158,231529,237128,239290,248631,263472,280313,289866,294521,291054,293077,281353,278614,272541,267494,252559,240087,230136,212827,191200,135677,132816,126301,121845,127176,130127,126794,121678,116805,112009,102690,92353,82232,76910,68404,60313,48305,39252,30059,23578,19047,13104,9682,6686,3978,2467,4864
PL,population,M,2000,195360,201419,208959,219153,224435,236907,247366,258482,274793,281621,285358,292731,300710,315513,338481,348931,355594,342581,324882,329055,324554,315378,311340,312585,301991,292894,280485,272772,260614,255302,244786,242049,238552,240615,245203,251236,256838,260077,269023,285432,303175,315346,320355,318607,321349,308225,305327,301592,294546,283935,268219,260346,242023,217868,157199,152933,147708,144431,153161,158502,157819,154877,155303,155280,151161,144493,139572,141282,139442,137644,124608,115219,100916,92478,90188,76777,72556,64409,51857,47980,37265,23516,21289,19589,18118,20102,17145,14628,11136,9318,6866,5096,3762,2600,1572,NA,NA,NA,NA,NA,3032
PL,population,M,2001,193317,195201,201384,208923,219108,224379,236852,247322,258434,274717,281556,285259,292573,300482,315245,338152,348490,354986,341340,323762,328246,323911,314733,310718,311976,301478,292359,279998,272305,260173,254824,244325,241567,238016,240071,244493,250426,255953,259101,267950,284126,301747,313726,318498,316501,319121,305965,302904,299020,291833,280982,265408,257357,238983,214978,154903,150538,145246,141794,150149,155062,154226,151086,151209,150814,146517,139769,134657,135839,133851,131596,118649,109188,95208,86885,84191,71416,67074,59164,47160,43306,33418,20893,18724,16978,15556,17099,14328,12009,8958,7414,5339,3886,2839,1918,NA,NA,NA,NA,NA,3229
PL,population,M,2002,185902,193162,195155,201358,208907,219080,224359,236849,247288,258396,274654,281509,285155,292411,300271,314970,337763,347954,353634,340133,323025,327584,323305,314173,310173,311482,301074,291934,279577,271931,259760,254406,243869,241123,237465,239503,243879,249663,255115,258106,266861,282875,300264,312041,316684,314492,316860,303610,300452,296376,288943,278108,262436,254272,235867,211941,152663,148041,142738,139138,147121,151654,150626,147319,147008,146398,141900,134963,129665,130350,128254,125631,112691,103364,89802,81531,78500,66162,61821,53969,42929,39068,29778,18372,16409,14748,13208,14331,11837,9658,7008,5823,4034,2884,2052,1368,799,549,353,216,291
PL,population,M,2003,181445,185774,193092,195123,201300,208854,219013,224281,236788,247204,258297,274552,281393,284995,292161,299940,314548,337204,346581,352410,339407,322342,326957,322744,313625,309674,310966,300571,291463,279149,271474,259267,253894,243316,240518,236854,238879,243140,248831,254164,257000,265731,281463,298643,310088,314685,312347,314419,301246,297894,293551,285879,275009,259356,251054,232552,208880,150185,145524,140195,136361,143927,148113,146884,143307,142743,141983,137165,130101,124732,124873,122606,119569,106747,97464,84193,76122,73039,61029,56649,49034,38775,34912,26300,16019,14241,12556,11069,11858,9619,7651,5492,4507,2993,2181,1498,1016,559,369,244,358
PL,population,M,2004,179512,181325,185735,193047,195109,201256,208811,218958,224205,236713,247143,258218,274447,281277,284839,291943,299612,314076,336060,345595,351721,338700,321726,326366,322215,313166,309215,310464,300145,291054,278730,271001,258831,253394,242780,239940,236214,238213,242405,248000,253170,255860,264510,280035,296980,308118,312580,310159,312025,298724,295192,290646,282799,271819,256114,247798,229276,205644,147596,142778,137430,133369,140617,144463,143067,139299,138382,137282,132230,125089,119650,119410,116613,113354,100831,91682,78639,70780,67277,55978,51418,44270,34772,30803,22938,13759,12057,10441,9163,9541,7762,5969,4203,3355,2153,1557,1076,702,383,269,413
PL,population,M,2005,182294,179469,181311,185720,193032,195054,201207,208753,218909,224136,236645,247079,258145,274366,281165,284649,291666,299223,313171,335241,344944,351062,338096,321139,325873,321774,312701,308788,310018,299754,290629,278332,270552,258376,252892,242226,239351,235589,237476,241609,247121,252118,254705,263208,278436,295095,306010,310284,307789,309333,295877,292254,287496,279414,268358,252518,244133,225735,202147,145050,139861,134577,130276,137296,140603,139195,135149,133886,132509,127273,120035,114486,113881,110842,107256,94836,85986,73378,65519,61861,51113,46580,39683,30888,27035,19846,11736,10258,8709,7504,7640,6145,4603,3172,2488,1528,1129,757,494,253,490
PL,population,M,2006,186390,182341,179425,181294,185683,192997,194995,201136,208694,218845,224092,236578,247011,258085,274255,281009,284413,291310,298251,312280,334544,344289,350274,337360,320470,325251,321178,312132,308280,309527,299210,290106,277820,270034,257802,252272,241639,238650,234857,236660,240713,246071,250887,253354,261667,276766,293004,303764,307704,305092,306355,292954,289093,284074,275808,264606,248908,240230,221945,198570,142194,136850,131542,127182,133830,136718,135049,130854,129200,127720,122227,114989,109314,108257,105021,101197,88958,80286,67970,60268,56602,46376,41899,35257,27187,23546,17038,9900,8523,7098,6053,5999,4752,3478,2379,1857,1081,788,524,344,544
PL,population,M,2007,191554,186258,182191,179261,181154,185515,192827,194819,200965,208535,218677,223921,236411,246849,257873,274036,280762,283998,290208,297059,311092,333124,342747,348591,335811,318978,323865,319816,310925,307220,308461,298265,289297,277015,269217,256990,251480,240722,237767,233972,235603,239610,244736,249438,251815,259965,274743,290684,301218,304880,302215,302976,289673,285639,280296,271976,260540,244949,236038,217843,194656,139185,133828,128442,123980,130010,132703,130837,126337,124672,122850,117168,109862,104025,102703,99192,94964,83109,74586,62776,55301,51365,41745,37437,31131,23741,20308,14448,8335,7030,5752,4809,4717,3621,2599,1776,1327,763,538,402,680
PL,population,M,2008,198351,191558,186197,182108,179169,181046,185408,192683,194694,200844,208420,218535,223772,236288,246635,257691,273792,280370,283087,289108,295968,309873,331826,341389,347278,334926,318314,323212,319208,310365,306611,307885,297641,288606,276392,268516,256296,250791,239920,236889,232999,234559,238481,243415,248002,250224,258172,272777,288312,298559,301814,299021,299652,286210,282045,276478,267804,256323,240829,231760,213635,190617,136112,130606,125136,120621,126228,128584,126478,121869,119831,117765,111866,104562,98628,96965,93362,88842,77147,68960,57644,50294,46250,37264,33053,27216,20523,17309,11947,6869,5720,4565,3716,3646,2699,1921,1288,978,527,370,790
PL,population,M,2009,212200,198501,191542,186153,182024,179064,180929,185248,192582,194567,200730,208303,218419,223612,236121,246477,257465,273504,279762,282240,288386,295253,309171,331128,340723,346598,334300,317820,322726,318671,309869,306098,307343,297005,287934,275697,267800,255575,250013,239075,236010,232059,233505,237307,242019,246501,248551,256312,270671,285848,295797,298749,295702,296161,282669,278331,272407,263547,252064,236604,227295,209208,186451,132905,127423,121899,117092,122297,124472,122096,117405,114997,112721,106670,99369,93204,91358,87374,82799,71355,63311,52584,45345,41279,32927,28981,23373,17492,14548,9866,5572,4533,3522,2848,2719,1956,1407,895,708,345,883
PL,population,M,2010,214322,218553,205073,194980,187774,182359,178778,180793,187243,192385,193811,200135,208042,216980,222227,236177,246749,256156,271764,277061,278540,285177,290223,300703,317146,326603,334698,325243,310410,316106,315759,307058,305443,306386,296357,286638,275287,265763,254438,247636,238015,234322,231991,233298,236165,241274,245884,248210,256892,270245,287980,296627,299880,296200,297749,283348,278994,272093,263740,250453,235770,226697,207845,185012,130079,125643,119678,114378,119295,120489,117234,113491,110853,107314,101738,94096,88137,85384,81056,75976,65729,57613,47149,40098,36231,28398,24920,19728,14179,11507,8005,4327,3458,2612,2036,1919,1379,854,551,414,629
PL,population,M,2011,211411,219532,218695,205104,195003,187728,182316,178730,180735,187152,192293,193735,200047,207934,216876,222099,236019,246565,255926,271284,276721,278212,284936,289979,300554,317015,326476,334586,325081,310072,315743,315388,306590,304944,305818,295774,286046,274614,265091,253718,246821,237161,233398,231019,232185,234922,239989,244420,246555,255010,268040,285394,293727,296801,292811,293979,279489,275022,267808,259292,245911,231275,222122,203289,180670,126730,122226,116148,110862,115339,116252,112760,108779,105840,102261,96457,88797,82748,79695,75194,70121,60200,52229,42335,35675,31885,24608,21460,16539,11769,9401,6329,3340,2610,1957,1466,1363,993,588,376,716
PL,population,M,2012,195890,212183,219742,218746,205106,194963,187638,182233,178654,180647,187071,192191,193656,199931,207802,216738,221959,235849,246350,255458,270920,276338,277878,284622,289682,300286,316769,326203,334331,324733,309690,315304,314920,306061,304355,305186,295104,285295,273885,264346,252934,245910,236233,232429,229943,231028,233594,238588,242859,244804,253045,265752,282701,290736,293454,289236,290102,275624,270908,263393,254708,241290,226731,217349,198560,176146,123279,118824,112715,107229,111395,111992,108290,104140,101033,97109,91242,83627,77447,74174,69475,64332,54824,47164,37735,31529,27795,21133,18078,13841,9639,7578,5008,2563,1977,1463,1057,994,690,389,764
PL,population,M,2013,194886,200026,212348,219822,218707,205019,194867,187571,182095,178557,180517,186966,192041,193525,199794,207673,216579,221776,235580,245640,255031,270596,276057,277737,284548,289766,300408,317022,326573,334524,324691,309537,315030,314582,305596,303716,304564,294343,284544,273110,263482,252109,245075,235241,231443,228823,229798,232211,237088,241138,242898,250788,263265,279832,287561,289892,285466,286044,271487,266560,258806,249713,236349,221783,212289,193666,171471,119755,115188,109202,103504,107316,107602,103700,99368,96004,91912,85807,78396,72097,68556,63852,58538,49353,42199,33371,27429,23854,17850,15145,11206,7723,5960,3886,1926,1409,1072,723,677,489,782
PL,population,M,2014,184948,199897,199974,212199,219666,218456,204721,194642,187325,181907,178335,180332,186760,191820,193327,199567,207413,216302,221432,234674,245141,254556,270210,275729,277393,284253,289364,300030,316605,326127,333966,324045,308772,314214,313698,304749,302833,303643,293438,283565,272163,262488,251062,243966,234117,230339,227620,228390,230753,235440,239266,240858,248473,260642,276681,284198,286108,281616,281793,267166,261887,253950,244661,231222,216701,207093,188461,166674,116110,111539,105550,99861,103119,103073,98944,94537,90907,86689,80352,73081,66835,63002,58131,52957,44180,37365,29103,23589,20139,15010,12419,8973,6120,4559,2921,1402,1000,758,515,491,917
PL,population,M,2015,188687,189704,199967,199990,212167,219525,218309,204605,194525,187190,181762,178181,180223,186610,191648,193211,199402,207240,216044,220556,234236,244831,254274,269970,275414,277162,284037,289059,299730,316266,325752,333377,323517,308356,313619,313051,304026,302115,302880,292625,282783,271347,261598,250082,242866,233050,229245,226410,227160,229301,233759,237455,238958,246258,258045,273579,280818,282358,277831,277524,262816,257271,249091,239699,226276,211634,201832,183265,161878,112722,107996,101735,96203,99028,98585,94294,89772,85895,81470,75190,67829,61763,57661,52800,47651,39312,32878,25184,20198,16948,12503,10222,7201,4791,3468,2181,1025,710,520,341,1055
PL,population,M,2016,186054,192687,189754,199982,199975,212070,219392,218187,204460,194387,187058,181650,178055,180063,186458,191491,193044,199225,207024,215178,220190,233867,244534,254031,269793,275212,276920,283673,288752,299331,315808,325106,332846,322933,307729,312861,312329,303259,301253,302036,291786,281945,270382,260688,249028,241744,231935,227988,225052,225736,227734,231977,235489,236784,243726,255198,270278,277134,278395,273686,272868,258097,252250,243844,234211,220914,206110,196250,177846,156737,108913,104107,97915,92277,94560,93885,89440,84816,80694,76164,69706,62600,56403,52216,47375,42224,34521,28413,21348,16836,13989,10112,8100,5618,3615,2570,1557,693,506,357,1041
PL,population,M,2017,192679,190593,193106,190025,200207,200104,212130,219464,218226,204499,194383,187048,181615,178032,180023,186440,191441,192962,199049,206315,214839,220010,233722,244393,254014,269690,275143,276860,283561,288662,299261,315600,324893,332730,322578,307352,312544,311814,302755,300733,301415,291192,281186,269565,259831,248179,240774,230884,226733,223753,224326,226131,230181,233526,234612,241087,252251,266913,273415,274299,269180,268094,253217,247271,238487,228795,215354,200308,190630,172454,151669,105145,100242,94013,88373,90219,89219,84634,79861,75624,70846,64419,57433,51384,47168,42299,37355,30050,24344,18040,14001,11438,8086,6349,4383,2751,1908,1094,503,379,1070
PL,population,M,2018,202398,197280,191036,193402,190171,200313,200173,212167,219515,218222,204475,194332,186986,181584,177999,179961,186346,191321,192746,198238,206036,214697,219887,233570,244409,253983,269518,275096,276697,283361,288469,299031,315321,324623,332301,322041,306816,311948,311187,302131,300057,300637,290422,280369,268645,258848,247017,239648,229712,225396,222386,222687,224350,228271,231363,232218,238330,249118,263253,269412,269890,264536,263030,248130,241919,233014,223078,209522,194549,184815,166811,146340,101197,96234,90119,84304,85767,84466,79681,74713,70318,65479,59037,52153,46220,41930,37208,32354,25594,20399,14910,11362,9165,6343,4843,3318,2018,1350,782,352,1123
PL,population,M,2019,195435,207237,197882,191547,193764,190439,200569,200353,212266,219617,218300,204564,194381,187008,181580,177973,179954,186263,191155,192032,198049,205971,214716,219992,233790,244605,254217,269688,275307,276729,283408,288531,299036,315264,324470,332129,321860,306647,311546,310718,301672,299451,299969,289660,279586,267850,257886,246015,238619,228534,224029,221060,221084,222557,226258,229090,229615,235483,245781,259303,265111,265300,259731,257735,242666,236152,226932,216759,203440,188423,178735,160895,140840,97132,92117,85969,79993,80957,79550,74628,69476,64926,60000,53724,46912,41105,36922,32324,27636,21490,16880,12145,9012,7125,4815,3651,2473,1504,967,548,1182
PL,population,M,2020,188708,199873,207846,198522,192055,194065,190752,200816,200454,212368,219637,218318,204586,194356,187045,181535,177965,179906,186122,190440,191858,198019,205954,214830,220075,233945,244748,254319,269815,275288,276812,283448,288351,298841,315075,324132,331721,321542,306192,311090,310204,301061,298824,299101,288809,278588,266861,256843,244950,237354,227190,222528,219473,219362,220645,224063,226662,226917,232485,242297,255119,260535,260399,254686,252218,237063,229896,220630,210440,197234,182265,172630,154980,135266,93081,87860,81960,75895,76357,74677,69532,64412,59776,54692,48599,42029,36338,32400,27763,23447,17868,13789,9780,7052,5509,3673,2755,1883,1119,701,1432
RO,deaths,F,2000,1885,165,111,63,36,51,55,28,37,40,81,119,97,55,45,58,54,65,77,75,77,74,76,81,87,62,86,81,87,106,138,152,161,137,112,142,170,164,199,250,282,299,383,420,466,550,503,573,604,696,710,714,594,617,743,720,803,877,1004,1113,1338,1462,1601,1785,1985,2081,2229,2332,2679,2874,3119,3281,3568,3849,4086,4226,4466,4798,4891,4488,4568,3087,1708,2758,3195,NA,NA,NA,NA,NA,NA,NA,NA,NA,NA,NA,NA,NA,NA,NA,24731
RO,deaths,F,2001,1729,158,81,56,53,39,36,38,28,34,39,69,120,89,61,53,56,60,45,52,76,81,62,78,85,75,89,84,93,98,108,138,146,207,128,122,134,157,191,205,269,257,373,354,477,488,545,592,617,667,726,815,833,719,750,790,802,898,913,1120,1198,1445,1648,1773,2018,2012,2201,2475,2648,2820,3058,3168,3515,3770,4039,4294,4504,4585,4927,4988,4541,4473,3054,1765,2610,2973,3573,3355,3096,2768,2131,1735,1378,1062,743,495,343,235,159,98,123
RO,deaths,F,2002,1593,130,75,60,36,44,32,36,34,29,35,42,75,84,78,51,46,45,56,63,57,71,78,56,73,104,91,77,84,85,123,115,124,147,217,131,127,138,189,184,235,268,318,369,453,551,517,641,578,727,729,843,878,924,795,854,811,836,1031,1006,1222,1267,1569,1798,1991,2125,2318,2444,2595,2828,3133,3347,3547,3846,4149,4429,4707,4898,5117,5246,5288,4800,4679,2983,1706,2590,2899,3624,3335,2929,2451,1984,1513,1149,806,574,341,257,184,96,143
RO,deaths,F,2003,1486,116,64,48,34,34,48,33,24,18,25,28,42,59,82,62,59,58,51,64,69,63,60,87,71,72,72,72,85,92,90,105,120,135,182,241,167,135,165,211,220,228,301,351,410,461,503,610,664,655,672,744,813,946,895,894,886,901,893,1096,1044,1265,1253,1638,1807,2090,2235,2399,2571,2823,3037,3398,3666,3809,4029,4381,4563,4840,5025,5245,5282,5203,4731,4626,2953,1589,2339,2672,3011,2794,2415,2080,1473,1117,877,625,411,260,172,99,146
RO,deaths,F,2004,1552,117,57,57,32,26,30,28,30,19,23,22,35,36,54,85,89,55,62,66,46,37,62,67,68,78,78,78,90,82,105,104,106,137,138,187,234,177,157,164,205,219,254,317,348,434,469,562,634,668,702,749,754,834,901,954,856,889,877,897,1070,1031,1258,1299,1756,1865,2194,2334,2514,2722,2913,3199,3469,3697,3912,4133,4445,4655,4892,5036,5073,5068,5030,4528,4224,2618,1508,2004,2272,2757,2349,1948,1654,1218,846,639,408,299,181,99,140
RO,deaths,F,2005,1398,104,67,45,27,33,33,27,28,31,26,28,29,40,36,63,86,83,68,61,52,62,50,41,46,62,77,87,72,105,86,96,94,137,120,148,192,275,190,150,158,202,237,280,343,388,439,547,576,685,732,716,799,764,882,1053,1006,893,982,962,977,1204,1119,1264,1463,1904,2043,2254,2604,2675,2921,3149,3442,3796,4044,4191,4495,4783,4896,5173,5242,5380,5215,5171,4524,4202,2679,1426,1891,2089,2354,1995,1694,1318,1006,693,488,317,189,99,172
RO,deaths,F,2006,1348,104,69,41,32,30,29,26,23,28,25,16,21,33,39,30,64,79,73,67,56,62,48,39,71,74,67,91,76,77,87,109,86,117,129,159,173,204,269,186,151,176,230,257,298,348,387,468,521,591,690,779,774,775,866,943,973,1044,948,1002,1019,1055,1153,1220,1333,1435,1871,2170,2306,2651,2887,3105,3358,3497,3934,4246,4386,4609,4845,5026,5231,5310,5234,5186,4880,4305,3702,2423,1291,1759,1814,1939,1668,1345,998,725,472,362,206,121,175
RO,deaths,F,2007,1098,91,46,24,39,33,27,20,35,19,16,31,21,25,36,46,47,64,82,58,52,51,43,50,48,50,58,67,70,83,85,96,104,85,143,116,139,175,208,294,204,172,194,229,273,304,391,446,510,556,623,735,818,734,793,868,995,1082,1085,957,1093,1040,1116,1190,1276,1507,1650,2005,2249,2500,2752,2932,3172,3380,3699,4090,4286,4517,4685,4876,5060,5029,5065,4964,4789,4505,3839,3432,2096,998,1439,1446,1571,1351,1025,760,482,301,197,152,200
RO,deaths,F,2008,1018,77,49,37,24,37,30,28,20,17,13,26,22,26,35,31,52,50,71,85,65,68,39,37,58,44,58,63,77,72,84,84,108,143,119,121,153,141,164,224,307,228,186,249,240,276,330,427,469,493,616,681,767,786,816,883,1015,1023,1148,1180,1055,1132,1167,1181,1287,1325,1512,1683,2095,2384,2600,3007,3021,3377,3443,3809,4115,4479,4696,4759,4968,4947,4992,4981,4833,4501,4126,3516,3127,1869,900,1234,1269,1288,1018,786,588,345,230,156,201
RO,deaths,F,2009,963,88,44,20,28,21,34,21,12,19,20,12,23,27,30,30,41,51,50,48,70,68,59,82,53,44,60,52,53,76,78,85,102,97,114,133,106,131,175,233,268,338,272,210,232,299,295,353,477,512,576,688,718,779,905,905,944,1028,1087,1290,1212,1133,1193,1206,1235,1394,1495,1636,1833,2287,2618,2841,3159,3264,3587,3886,4082,4397,4562,4701,4888,5038,5096,5166,4889,4726,4441,3967,3164,2897,1699,805,1077,1028,1006,771,581,429,265,168,212
RO,deaths,F,2010,885,89,49,34,23,27,18,26,25,20,30,16,18,21,31,40,31,42,40,44,63,65,67,42,45,64,59,52,68,64,78,87,85,109,105,133,150,150,160,191,221,308,363,265,233,262,302,318,379,453,519,596,667,731,836,967,905,987,1010,1196,1346,1325,1228,1236,1240,1332,1516,1545,1782,1994,2411,2770,3099,3456,3584,3804,4032,4282,4816,4917,5133,5071,5295,5214,5126,4868,4482,4270,3726,2911,2579,1449,667,873,841,841,593,478,318,214,238
RO,deaths,F,2011,783,80,43,32,23,14,12,22,10,14,16,20,17,17,25,29,25,27,34,38,39,54,59,60,41,49,55,49,62,72,71,89,93,106,112,132,133,129,132,150,188,192,269,363,241,210,280,291,345,379,459,510,637,676,745,850,935,927,964,1102,1198,1298,1397,1191,1325,1280,1341,1636,1581,1848,2047,2638,2790,3200,3459,3764,3885,4195,4445,4701,5087,5211,5259,5119,5071,4952,4664,4270,3849,3434,2565,2123,1217,577,673,631,571,451,319,187,279
RO,deaths,F,2012,822,66,31,24,20,22,16,20,15,13,16,14,17,18,32,31,38,24,35,29,44,24,60,75,72,52,64,53,43,51,62,58,74,100,108,101,115,153,147,145,167,198,241,316,368,267,254,300,294,338,406,497,582,616,762,854,898,1009,1013,1099,1074,1321,1443,1470,1249,1378,1425,1394,1639,1695,2023,2147,2862,3181,3422,3836,4035,4355,4405,4919,5072,5291,5252,5400,5194,5084,4713,4603,4041,3630,3076,2313,1790,1043,453,512,531,484,363,215,316
RO,deaths,F,2013,733,40,28,27,20,13,17,13,20,16,12,18,18,12,23,31,30,28,43,32,30,37,28,58,58,58,49,54,48,45,52,69,92,71,106,100,109,122,146,159,160,182,225,244,301,405,311,262,246,325,360,403,517,635,699,710,853,972,1093,1046,1220,1197,1317,1477,1465,1299,1514,1496,1518,1724,1765,2113,2254,2960,3160,3474,3852,4206,4296,4586,4858,5107,5151,5150,5144,4905,4602,4381,4064,3611,3091,2556,1912,1437,865,307,382,317,336,220,363
RO,deaths,F,2014,661,57,34,22,24,23,11,8,18,27,12,16,14,21,19,22,25,26,29,29,19,24,34,50,55,64,70,54,53,64,50,62,79,70,97,106,136,132,161,155,142,187,217,265,267,365,447,329,268,351,342,448,498,539,647,718,896,958,1049,1227,1153,1226,1292,1456,1629,1606,1482,1516,1610,1634,1891,1950,2287,2484,3148,3540,3902,4301,4414,4698,4965,5189,5425,5340,5240,5088,4787,4673,4176,3769,3209,2675,2283,1585,1244,682,272,275,246,255,378
RO,deaths,F,2015,658,50,40,31,21,17,15,16,12,19,14,18,13,19,23,30,40,17,34,25,26,24,25,26,47,42,67,76,64,61,67,59,49,79,93,113,127,123,143,144,183,191,191,244,314,335,389,498,368,295,370,394,426,564,606,665,820,912,958,1127,1292,1185,1370,1395,1598,1636,1812,1642,1674,1700,1856,2046,2121,2569,2639,3427,3967,4088,4749,4799,5070,5378,5504,5652,5613,5340,5220,4830,4520,4016,3593,3018,2404,1941,1286,966,507,191,246,188,365
RO,deaths,F,2016,586,66,30,19,12,18,15,21,16,12,13,19,18,14,37,28,22,30,37,23,27,27,32,25,37,37,46,54,58,62,50,64,71,70,80,131,110,96,163,150,181,207,204,243,279,273,361,440,549,371,340,355,427,465,565,643,736,829,978,1069,1250,1419,1389,1448,1522,1720,1837,1963,1703,1903,1821,1921,2223,2259,2687,2894,3567,4000,4382,4765,5049,5048,5244,5388,5391,5368,5027,4852,4410,3738,3463,2957,2379,2004,1496,979,690,393,164,151,348
RO,deaths,F,2017,587,63,31,22,19,14,21,8,10,12,12,21,20,20,17,20,21,30,30,30,28,16,31,33,39,34,38,61,65,59,72,65,79,75,71,85,111,118,149,158,168,196,208,220,247,262,325,372,467,611,431,338,422,478,483,611,724,799,909,1045,1200,1284,1466,1475,1537,1672,1866,1918,2071,1867,1968,1997,2129,2389,2440,2955,3228,3945,4456,4735,5189,5184,5394,5524,5505,5470,5331,5003,4593,4142,3629,3041,2587,2041,1552,1152,753,521,263,102,311
RO,deaths,F,2018,535,51,37,19,23,10,15,13,18,10,11,17,15,17,27,14,31,28,35,23,25,22,16,23,39,36,33,39,53,73,57,71,71,66,69,103,77,114,152,132,161,186,216,248,234,284,318,357,469,473,684,458,383,465,532,540,679,735,853,923,1160,1313,1366,1553,1513,1651,1794,1987,2074,2288,1980,2116,2100,2291,2638,2617,3075,3330,4111,4659,5083,5287,5454,5403,5491,5526,5358,5141,4817,4277,3824,3149,2629,2165,1609,1223,896,553,362,172,234
RO,deaths,F,2019,515,49,27,23,15,8,9,13,9,17,17,13,16,21,13,30,21,31,29,26,23,36,26,29,33,29,30,36,47,52,66,46,66,59,83,78,77,118,127,138,143,185,226,225,243,259,272,347,395,444,573,706,488,406,441,514,553,703,816,920,1072,1236,1340,1448,1746,1630,1734,1862,2034,2317,2309,2088,2238,2304,2381,2785,2874,3272,3568,4382,4845,5088,5559,5409,5505,5340,5203,5062,4690,4250,3789,3227,2655,2158,1637,1217,914,639,375,239,263
RO,deaths,F,2020,516,46,33,16,12,10,15,12,10,11,17,20,6,14,10,20,18,21,28,25,20,26,21,17,27,41,37,43,47,49,71,81,82,93,92,96,99,111,130,149,162,197,237,226,295,289,355,333,402,454,557,642,869,628,482,569,661,731,854,965,1146,1258,1532,1662,1905,2112,2029,2193,2469,2622,2947,2987,2644,2858,2897,3012,3459,3457,4030,4244,5200,5688,5991,6163,6106,5981,5784,5464,5292,4748,4187,3610,2961,2370,1845,1417,978,681,496,310,394
RO,deaths,M,2000,2485,187,121,87,62,66,65,66,57,72,121,181,112,112,92,131,108,127,155,193,172,187,209,227,240,261,229,245,256,285,304,385,505,318,286,326,362,450,501,545,655,767,917,1029,1182,1327,1216,1371,1380,1562,1739,1608,1522,1528,1585,1590,1756,1829,1983,2176,2565,2885,3032,3191,3304,3344,3375,3476,3950,3919,4053,4073,4128,4279,4249,4311,4100,3919,3802,3162,3064,1972,1151,1742,1861,NA,NA,NA,NA,NA,NA,NA,NA,NA,NA,NA,NA,NA,NA,NA,13803
RO,deaths,M,2001,2328,164,105,88,56,56,49,69,54,53,83,101,184,126,95,88,121,115,120,171,183,201,187,185,215,211,223,259,234,274,277,324,428,535,361,316,353,392,479,580,643,772,878,1038,1136,1263,1517,1390,1533,1595,1783,1860,1829,1613,1755,1730,1710,1958,2053,2114,2353,2738,3051,3233,3441,3481,3592,3522,3793,4072,4121,4175,4229,4189,4309,4381,4364,4226,3978,3580,3105,2997,1885,1052,1507,1719,2115,1913,1787,1494,1175,952,748,508,391,252,206,127,77,42,56
RO,deaths,M,2002,2055,190,117,71,52,44,61,57,53,46,44,65,102,143,119,116,86,100,129,128,169,183,203,187,214,231,219,214,231,262,278,335,373,445,530,423,359,373,489,523,611,677,849,986,1160,1253,1420,1598,1523,1642,1702,1893,2020,2033,1778,1846,1764,1755,2047,2110,2357,2440,2941,3219,3450,3532,3767,3890,3789,4116,4274,4323,4285,4515,4645,4554,4499,4567,4296,3989,3650,3195,2884,1887,1038,1508,1652,1975,1775,1622,1419,1083,808,607,407,300,225,115,85,47,64
RO,deaths,M,2003,2060,177,93,54,55,49,50,39,44,44,52,51,62,90,125,111,127,112,116,126,154,159,181,196,206,218,230,222,220,255,252,285,329,381,479,619,388,367,379,495,570,630,758,899,1024,1177,1402,1450,1658,1673,1705,1720,1859,2109,2054,1869,1997,1900,1843,2184,2179,2374,2517,3005,3379,3512,3619,3847,3906,3911,4041,4351,4319,4451,4497,4526,4431,4388,4420,4212,3900,3402,2959,2828,1711,924,1342,1396,1684,1485,1321,1084,783,643,427,290,210,118,86,49,50
RO,deaths,M,2004,2089,153,86,62,56,49,39,46,50,42,50,39,45,59,94,135,120,121,140,144,139,130,159,160,190,171,212,202,190,247,238,265,288,358,410,479,629,427,383,420,510,561,687,857,898,1034,1224,1357,1482,1696,1664,1853,1796,2009,2102,2105,1868,1922,1914,1997,2093,2026,2333,2422,3130,3417,3413,3759,3741,3837,3899,4066,4287,4233,4207,4277,4378,4397,4314,4186,3956,3701,3385,2743,2417,1527,811,1166,1194,1380,1196,1075,797,551,425,342,195,121,87,41,63
RO,deaths,M,2005,1912,132,77,55,52,41,40,39,34,55,27,39,41,65,61,94,138,130,142,141,149,137,142,155,139,183,184,212,219,208,256,249,275,303,363,402,455,620,462,379,470,545,582,651,828,971,1083,1299,1457,1654,1769,1721,1723,1888,2030,2297,2123,2003,1993,1959,1950,2170,2186,2538,2561,3135,3497,3538,3791,3824,3974,3951,4059,4396,4311,4376,4370,4393,4285,4256,4043,3999,3520,3197,2504,2275,1516,713,1078,1112,1221,952,860,664,458,339,217,146,93,46,94
RO,deaths,M,2006,1704,128,72,60,42,46,39,31,41,41,37,45,46,39,64,65,100,140,168,155,157,146,132,150,159,193,181,206,224,232,236,247,244,275,309,372,396,477,654,458,413,485,512,644,675,854,1003,1156,1367,1451,1703,1853,1715,1922,1986,2196,2280,2250,1934,2116,2113,2052,2327,2149,2472,2672,3150,3397,3501,3798,3784,3892,3885,4062,4252,4396,4345,4337,4359,4220,4074,3993,3726,3310,2939,2335,2099,1203,629,907,894,978,842,667,498,332,258,156,102,54,79
RO,deaths,M,2007,1476,111,77,40,44,36,46,36,35,40,37,33,39,41,64,73,65,149,156,166,199,157,146,147,136,168,190,166,181,210,229,224,285,271,310,342,352,428,537,704,519,480,496,586,688,796,883,1053,1229,1434,1599,1735,1982,1849,1998,2015,2163,2297,2452,2044,2196,2134,2045,2325,2330,2547,2618,3225,3476,3609,3712,3770,3957,3835,4113,4268,4152,4123,4203,4093,4022,3845,3705,3335,2979,2523,2051,1789,1091,497,729,720,777,636,491,372,244,147,112,76,89
RO,deaths,M,2008,1416,93,65,52,34,40,42,46,35,30,31,31,30,46,55,60,59,116,160,204,195,183,178,170,169,155,149,174,188,221,216,243,254,325,325,354,343,394,563,598,810,546,488,566,674,789,877,1005,1098,1372,1654,1757,1933,2214,2056,2229,2207,2427,2486,2546,2143,2274,2145,2140,2429,2324,2730,2739,3239,3507,3735,4075,4082,3992,3911,4107,4240,4298,4174,4025,4087,3848,3585,3498,3082,2870,2316,1815,1563,894,449,596,581,634,463,353,269,165,106,70,81
RO,deaths,M,2009,1287,94,54,50,32,32,37,30,38,22,40,24,47,35,43,61,67,106,97,170,193,193,154,179,159,146,149,189,199,203,223,233,287,287,335,322,335,403,428,575,734,939,622,519,632,697,796,1024,1143,1266,1520,1683,1905,2011,2236,2191,2281,2367,2541,2685,2749,2355,2378,2301,2425,2630,2573,2745,2803,3456,3713,3802,4037,3944,4084,4142,4265,4340,4197,4073,4124,3964,3800,3651,3277,2988,2454,2146,1572,1354,826,376,481,478,508,375,288,205,127,85,109
RO,deaths,M,2010,1193,90,63,39,37,29,35,35,35,32,34,32,30,33,42,45,61,68,102,118,160,177,165,190,138,169,161,132,163,200,221,228,251,295,336,337,339,401,411,509,615,751,943,668,557,674,724,881,947,1209,1365,1591,1788,1999,2154,2321,2199,2427,2451,2672,2690,2784,2436,2465,2483,2378,2615,2566,2873,2941,3583,3748,3923,4088,4054,4122,4027,4195,4434,4194,4254,4073,3938,3675,3393,3213,2722,2369,1919,1511,1228,706,280,400,405,364,281,215,128,73,139
RO,deaths,M,2011,1067,95,61,43,37,29,21,22,24,38,28,29,35,27,45,57,61,59,102,115,107,159,161,166,153,139,137,114,133,166,172,217,240,227,280,285,333,342,348,406,416,534,711,915,635,581,634,787,849,993,1132,1313,1489,1773,1897,2157,2262,2125,2304,2408,2707,2824,2718,2369,2443,2359,2290,2548,2460,2806,2953,3582,3617,3765,3992,4056,4082,4145,3987,4249,4123,3973,3966,3710,3399,3191,2874,2531,2057,1753,1253,943,592,250,296,280,268,226,143,69,136
RO,deaths,M,2012,990,72,57,33,17,37,21,28,25,20,38,29,40,38,54,37,55,77,100,107,109,111,155,170,177,144,158,130,131,132,167,185,216,225,243,316,305,340,361,387,441,487,614,760,938,726,672,655,762,902,1061,1269,1333,1586,1841,2114,2246,2454,2275,2454,2575,2599,2968,2860,2447,2525,2390,2496,2682,2643,2955,3042,3545,3804,3968,4209,4025,4152,4199,4162,4202,4014,4019,3799,3547,3283,2944,2602,2242,1838,1510,1048,899,450,183,247,204,186,160,96,161
RO,deaths,M,2013,944,76,46,28,37,28,28,17,17,27,21,24,32,25,43,48,50,55,72,90,95,112,94,141,159,125,147,152,151,132,138,153,155,202,226,269,302,302,337,375,392,453,510,608,739,1025,760,590,676,863,958,1118,1210,1338,1652,1949,2039,2264,2481,2328,2533,2558,2790,2914,2894,2585,2631,2463,2487,2684,2714,2841,2977,3643,3723,3900,4120,4024,3899,3824,4012,3953,3933,3663,3572,3203,2911,2666,2263,1893,1602,1201,853,662,375,146,163,138,121,91,156
RO,deaths,M,2014,971,62,47,25,25,16,20,34,26,20,21,20,31,40,44,39,46,52,86,84,89,105,99,93,139,164,169,150,145,138,158,165,189,200,235,280,275,319,318,403,451,433,536,666,764,901,1137,842,733,896,913,1074,1186,1365,1576,1848,2134,2292,2399,2758,2593,2574,2734,3050,3256,3086,2646,2705,2638,2568,2800,2772,3103,3116,3712,3843,4014,4115,4189,4161,4037,3938,4023,3809,3502,3333,3108,2675,2466,2041,1742,1376,985,668,528,278,96,135,87,91,158
RO,deaths,M,2015,849,74,34,33,21,21,37,22,19,22,21,21,41,34,39,51,58,69,91,81,93,103,103,101,116,129,186,152,150,150,146,155,161,209,239,251,265,310,336,393,446,478,500,611,676,850,985,1288,890,740,919,1000,1070,1285,1537,1664,1923,2312,2472,2572,2888,2681,2865,2888,3120,3376,3360,2783,2796,2867,2742,2888,2915,3131,3399,3890,3995,4065,4291,4242,4190,4013,4222,4163,3790,3520,3188,2911,2653,2250,1867,1466,1116,889,559,415,208,75,87,75,169
RO,deaths,M,2016,813,68,34,25,24,16,21,19,24,23,23,28,21,34,44,54,49,54,71,76,83,87,78,92,87,85,137,166,146,157,133,143,150,164,207,229,288,294,340,391,432,512,515,585,651,768,890,1159,1386,1011,860,1006,1074,1262,1465,1651,1856,2152,2382,2710,2892,2943,2839,3000,3078,3253,3421,3339,2889,2900,2921,2755,2992,2880,3214,3241,3778,4126,4078,4182,4172,3977,3932,3976,3686,3469,3142,2858,2521,2270,1847,1566,1233,844,612,426,295,137,64,52,146
RO,deaths,M,2017,781,60,39,28,22,19,15,19,23,22,14,24,27,31,42,59,47,72,85,95,66,84,103,106,72,100,113,146,151,158,169,149,175,181,175,184,239,300,316,383,397,469,523,564,628,763,853,1014,1219,1576,1090,946,1068,1240,1323,1515,1790,1959,2256,2515,2746,3022,3189,2984,3162,3315,3460,3517,3460,2974,3007,2907,2813,3107,2981,3427,3408,4002,4098,4200,4223,4131,3914,3881,3799,3633,3319,2917,2623,2292,1872,1544,1247,955,688,494,303,227,114,40,128
RO,deaths,M,2018,691,60,62,19,23,16,22,16,17,14,25,20,26,26,29,38,44,63,70,70,82,64,79,64,79,75,89,110,143,164,170,155,146,168,185,200,228,281,328,404,446,470,540,668,668,721,809,911,1073,1374,1835,1244,1065,1190,1314,1538,1564,1879,2182,2392,2795,2973,3275,3358,3106,3445,3485,3648,3779,3576,3231,3174,2973,2978,3196,3124,3429,3448,3979,4047,4125,4268,4043,3940,3546,3459,3351,2995,2627,2336,1954,1603,1288,1063,724,537,389,223,155,53,78
RO,deaths,M,2019,636,53,36,35,19,19,23,20,14,22,11,17,23,19,35,36,36,64,82,80,74,94,66,88,85,89,92,104,122,126,152,185,177,188,183,177,236,248,313,349,439,472,526,609,721,746,752,869,1072,1212,1501,1899,1315,1144,1243,1447,1560,1763,2048,2290,2653,2871,3071,3300,3476,3324,3459,3494,3635,3872,3688,3213,3243,3006,2993,3108,3086,3379,3457,3879,4007,3930,3925,3762,3604,3415,3249,3074,2632,2264,1940,1612,1323,953,749,484,397,292,167,101,102
RO,deaths,M,2020,588,42,31,25,21,14,17,22,16,15,23,16,17,31,33,42,46,45,69,74,78,68,82,75,100,112,95,105,108,119,164,176,198,235,202,228,243,268,312,338,438,484,527,647,708,806,860,925,1111,1202,1507,1727,2214,1609,1310,1480,1664,1839,2080,2408,2737,3041,3418,3639,4051,4333,4004,4244,4338,4480,4782,4515,3943,4008,3767,3695,4055,3682,3989,4112,4732,4667,4743,4641,4410,4142,3633,3375,3123,2764,2431,1876,1597,1192,869,676,468,316,213,136,153
RO,population,F,2000,112091,112932,111415,109208,111368,115287,117521,122280,125208,138519,171669,170924,174777,173939,165126,160096,146143,158980,174469,186425,185594,190251,194916,194562,194032,194968,166798,170647,170467,185045,194420,221279,221018,114844,119130,121472,123745,127400,133443,145978,148544,158177,165011,171672,176295,167281,156812,160152,154676,162013,162041,135573,123556,126101,103843,118522,104806,111957,115653,126705,134320,135602,135631,137697,126953,124940,119595,129983,116120,118703,108062,108283,100835,96864,91824,86908,78341,74106,66646,53655,46332,20618,17895,26004,24548,25624,21057,19024,13156,10644,6701,4949,3761,2652,1838,1464,1111,1052,813,968,2389
RO,population,F,2001,112058,111403,112569,111122,109065,111241,115174,117449,122218,125153,138454,171544,170797,174697,173888,165045,160032,146082,158938,174436,186398,185530,190211,194777,194410,193819,194717,166586,170425,170186,184737,194070,220903,220596,114688,119003,121290,123567,127206,133245,145731,148272,157869,164589,171255,175775,166805,156280,159593,154104,161316,161378,134950,122937,125428,103149,117721,104008,111020,114630,125451,132911,134074,133921,135832,124982,122728,117388,127401,113354,115713,104899,104808,97179,92888,87649,82516,73745,69257,61839,49190,41858,18768,15844,22878,21009,21557,17343,15363,10193,8184,4876,3668,2795,2013,1442,1183,951,936,736,3232
RO,population,F,2002,103245,108537,108697,110144,106831,106653,108953,112748,114764,122741,125124,143911,167021,170911,173316,173931,164086,159478,144673,154023,164907,175795,172936,176388,177229,172855,173774,175375,155410,162379,162957,177604,187862,214305,214403,112345,116695,118828,121324,123967,130314,142531,145231,154771,160822,167141,172592,163991,152863,156157,151572,158589,159743,133098,120754,123471,101587,115734,103773,108353,112834,122721,130129,131510,130637,132195,121107,119443,113756,122362,108872,110432,100396,99495,91671,87433,81865,76721,69129,63417,56334,43943,38622,15723,13735,18738,18320,18846,15635,12857,9176,6808,4717,3352,2268,1417,915,620,393,221,320
RO,population,F,2003,101487,106190,109486,109561,107995,105943,107983,111655,113976,118473,126077,132246,164702,167787,174163,175988,162556,161930,148311,146129,157830,167952,169001,169925,172461,170803,170328,173524,158891,157172,160948,170794,180196,200646,230052,130511,113701,116549,120323,119958,127784,137834,141689,150302,159707,163709,168565,169435,151997,155989,152220,158054,159786,141916,122520,124593,106716,110796,108257,105142,115206,114550,131233,130841,128368,132920,122744,120984,114461,116958,111421,110514,101836,98359,91937,88258,82064,75556,69313,64141,55983,45989,40229,20115,12482,17484,16895,18306,15259,12625,9568,6767,4759,3284,2184,1452,892,603,389,211,248
RO,population,F,2004,101435,105902,108549,109419,107350,105579,107328,110970,113498,117645,124701,131120,161254,164073,172702,175768,161701,161088,148019,147315,154937,165713,166654,169406,171152,169842,170414,173390,157989,161160,159678,170109,177082,196871,224171,128773,130021,115166,119091,118836,126915,136435,138504,149150,156815,161714,166652,167833,152093,156925,151489,158437,158271,141308,125871,125432,106754,111745,106789,105392,114557,113874,129693,128918,127276,132338,121713,121284,113940,116309,109942,110785,100668,98701,91038,88115,82104,75187,68771,64011,56026,45960,40769,20222,14251,17342,15956,18048,14968,12577,9503,6918,4770,3335,2185,1459,904,627,378,221,257
RO,population,F,2005,101473,105652,108081,108355,107071,104792,106804,110120,112612,116949,123619,129488,159686,160350,168397,174004,161392,160034,147019,146854,155864,162491,164152,166801,170126,168102,169144,173118,157591,159874,163432,168500,176006,193347,219829,123177,128032,131213,117465,117368,125489,135259,136852,145674,155361,158508,164306,165625,150290,156679,152079,157363,158348,139642,125082,128513,107487,111594,107610,103810,114594,113030,128695,127146,125159,131008,120997,120068,114121,115571,109166,109149,100840,97357,91260,87133,81890,75153,68385,63408,55867,46000,40649,20803,14359,18826,15811,17184,14711,12308,9447,6863,4883,3338,2221,1429,922,633,393,204,273
RO,population,F,2006,100647,105098,107701,107723,105882,105538,106751,108259,110151,112809,118575,123444,144066,144953,147858,152747,147464,149435,138155,138110,144362,155234,155370,159172,161602,159234,159448,159600,148102,152875,157599,166799,168007,181410,199000,133501,136825,143389,142426,126867,133917,143743,148919,162171,158540,143562,147472,149781,140187,146812,146888,152640,154549,144296,134708,139234,130149,125131,120999,118488,123700,125030,134692,125347,121053,125397,113090,117131,108242,112031,107440,109421,104830,102795,96235,93250,86051,80471,73444,69577,61421,52703,46744,31377,24785,25347,22261,19918,16155,13860,10330,7494,5303,3091,2116,1616,1109,819,518,288,327
RO,population,F,2007,100441,105437,107654,107484,105422,104525,106489,107442,109634,112005,117639,122734,142855,143257,146464,148913,143157,147778,138231,138110,144338,155616,156820,156303,159541,157004,158806,158281,147223,152812,157317,165570,171699,179859,197828,130475,133194,137667,140360,142696,132250,142137,147383,160828,156806,140145,146104,146687,138076,144803,145061,152403,155088,143290,134961,137535,129331,128080,121598,118167,124306,123263,134507,124379,120116,123666,111102,115891,107553,110809,107622,108646,104092,101220,96417,91921,86277,79492,73231,69495,60958,52227,46508,31490,24672,25742,22292,20884,16047,13227,10193,7257,5211,3095,2189,1585,1180,781,522,297,332
RO,population,F,2008,97331,103132,106257,105708,103553,103575,104691,104278,105581,106516,110607,114768,125609,125509,125221,127608,124153,130183,125749,127822,129741,143801,148103,148955,146955,143414,145138,141913,133469,142026,149395,156296,160273,168494,174209,140889,141843,145256,140699,148645,154474,147026,155435,173376,158193,121265,125255,128012,123484,131167,134579,141809,148699,145092,142424,146536,144793,137836,135895,130711,132761,134087,137804,121680,115297,117783,101483,110543,100518,105291,104375,108854,108052,104931,100482,97402,89595,84672,76958,75395,66637,58438,51822,41831,34599,32029,27763,23654,18889,14824,10745,7857,5460,2660,2117,1756,1355,1010,606,360,465
RO,population,F,2009,95873,101833,105643,105579,103117,104186,104794,101654,103378,102027,105158,108417,109568,109659,105987,107595,109331,114981,112532,117038,117126,133498,140608,142778,141154,131349,133882,126440,122610,133025,143061,149815,152234,154882,158365,153359,155311,156255,145709,153770,161917,171640,166421,189348,162302,104844,108229,109489,112801,118823,126317,133334,143157,148646,153902,156867,164731,149145,148721,147566,144146,145911,145287,118851,112551,113205,93628,106586,93812,100383,102728,108850,114144,109798,106546,102398,95307,89426,82690,81637,72966,65769,57932,52687,44932,38965,33269,27009,21300,17251,11918,8198,5921,2185,1959,1919,1646,1159,774,417,576
RO,population,F,2010,95945,101686,104974,105252,103318,104037,104459,101097,102253,101671,104212,107738,108668,108640,105329,106396,107677,113664,108771,112772,115336,133083,139389,141670,140895,132399,130713,124210,120551,132469,141619,148793,152023,154449,157041,156784,153716,155115,142530,150000,156129,169397,181215,187067,160438,103529,107203,107996,109693,117608,123335,131317,141137,146853,153596,157236,163488,149193,146944,146481,146669,146151,144638,119360,110839,112987,92885,105654,92236,98588,101596,108145,112837,109839,105773,101551,93881,89448,81489,81673,72173,65540,57842,52317,44565,38799,33223,26893,21479,17339,12371,8192,5608,2190,1849,1825,1682,1184,744,454,567
RO,population,F,2011,95137,101965,105078,104823,103255,104482,104534,101044,101926,100806,104094,106983,108245,107988,104610,105975,106720,112231,107695,108328,110707,131169,139219,141178,140520,132790,132356,121590,118876,130858,141407,147783,151541,154747,157138,155917,157560,153946,141829,147108,152669,163898,179372,202185,158767,102406,106119,107223,108488,114730,122409,128616,139435,145180,152130,157267,164186,148414,147378,145063,145978,148968,145250,119235,111681,111572,93071,105097,91670,97182,100047,107227,112365,108851,106073,101066,93371,88313,81744,80711,72437,65024,57825,52347,44315,38629,33176,26940,21429,17495,12520,8563,5681,1984,1873,1716,1571,1224,771,434,591
RO,population,F,2012,90144,100921,104629,104741,103032,103836,104995,101926,102057,101064,102561,107947,107281,107929,105681,104036,106405,111000,107975,108144,109919,122461,139748,141203,140609,137472,130202,127453,117509,125506,138747,146212,149775,153904,156863,154982,155831,159560,141395,145543,148813,158058,170574,192043,194449,100814,103723,105987,107926,110266,118097,127415,133327,142268,148717,154936,162079,153695,143840,145768,144474,146786,150169,123623,111457,113105,91969,104175,92567,95037,98669,103956,110300,108624,105044,103016,91873,88329,80565,82693,70313,66347,57462,52893,44589,38370,32846,27624,21909,17347,13412,8552,6696,2234,1577,1766,1514,1209,785,445,575
RO,population,F,2013,87076,89713,100709,104458,104542,102891,103783,104958,101789,101903,100957,102218,107645,107022,107672,105391,103845,106198,110294,106755,106556,108295,120754,137904,139494,139517,136794,129605,127067,117356,125438,138828,146058,149855,153464,156458,154578,155498,158975,141046,145021,147927,157269,169473,190774,193133,100065,102973,105209,107095,109536,117247,126380,132462,141192,147463,153855,160986,152420,142706,144558,143077,145282,148706,122375,110030,111739,90617,102546,90878,92994,96535,101119,107156,105229,101220,98981,87504,83939,75650,77636,65020,61099,52070,47700,39513,33662,28275,23594,18287,14279,11103,6767,5658,1786,1066,1240,1032,847,570,710
RO,population,F,2014,87597,86688,89496,100306,104052,104453,102827,103746,104959,101652,101783,100703,102018,107368,106719,107242,105066,103608,105502,109018,105294,105013,106871,119103,136282,138272,138450,134893,129238,126961,117539,125641,138987,146110,149769,153255,156271,154338,155108,158343,140578,144484,147032,156359,168497,189413,191747,99262,102332,104490,106272,108814,116392,125456,131420,140062,146364,152674,159615,151155,141289,143225,141782,143747,147128,121055,108510,110169,89060,100837,89111,90874,94262,98095,103959,101744,97347,94754,83215,79359,70792,72519,59863,55949,46915,42788,34917,29279,24202,19981,15202,11725,9209,5377,4660,1484,837,824,718,632,905
RO,population,F,2015,93332,93705,88005,89964,100530,104066,104425,102781,103664,104799,101524,101614,100538,101815,107260,106508,106986,104922,103744,105624,109017,105086,104734,106417,118214,135343,137391,137259,134194,128563,126371,116870,125057,138543,145623,149294,152628,155784,153906,154435,157839,139918,143832,146207,155578,167514,188229,190752,98770,101727,103910,105628,108058,115670,124579,130535,138971,145379,151492,158278,149974,140043,141891,140252,142064,145449,119520,106999,108542,87416,98884,87136,88585,91770,94937,100441,97843,93046,90354,78504,74407,65612,67112,54545,50728,41832,38010,30247,25107,20438,16781,12531,9446,7626,4138,3976,1212,587,586,488,1113
RO,population,F,2016,96730,96229,90910,88031,90413,101360,104832,104848,103183,104007,104754,101527,101576,100406,101608,107188,106477,106868,104473,103489,104036,107382,103079,102570,103666,116343,133890,135893,136038,133274,128183,125995,116582,124809,138214,145517,148990,152381,155344,153550,153726,157039,138993,142841,145060,154870,166606,187262,189782,98253,101191,103237,105038,107276,114825,123698,129658,137896,144307,150312,156926,148777,138641,140506,138646,140347,143620,117812,105317,106869,85571,96820,84997,85948,89097,91473,96471,93741,88253,85540,73419,69004,60093,61439,48911,45371,36599,33175,25716,21077,16842,13754,10114,7497,6336,3164,3473,1031,389,443,1118
RO,population,F,2017,99339,96946,96493,91114,88187,90275,101290,104716,104754,102983,103872,104587,101350,101414,100081,100946,106640,105819,105249,103367,101939,102501,105585,101290,100120,101949,114646,132161,134249,134757,131568,126733,124719,115416,123426,137245,144446,147947,151253,154127,152361,152506,155939,137999,141420,143859,153455,165234,185660,188543,97621,100608,102475,104321,106429,113925,122743,128653,136745,143164,148918,155351,147308,137164,138928,136875,138534,141648,116074,103415,105057,83644,94562,82744,83252,86179,87892,92436,89348,83485,80481,68359,63745,54703,56046,43539,40340,31741,28760,21977,17609,13882,11375,8108,6006,5353,2490,3072,872,271,1167
RO,population,F,2018,101324,99262,96947,96337,91148,88169,90292,101318,104724,104764,102719,103598,104216,101000,101072,99354,100246,105869,103857,103313,101253,99678,100002,103083,98472,98308,100312,112901,130614,132960,134200,130959,126501,124545,115018,123436,137042,144279,147654,150721,153679,151896,151855,155407,137491,140504,142921,152416,164088,184122,187465,97068,99970,101746,103514,105705,113085,121816,127681,135596,141569,147254,153515,145598,135357,137052,134871,136508,139437,114151,101376,102036,81621,91642,80486,81124,83296,85304,88440,84764,79040,74654,63768,58090,50787,49141,39398,34731,27730,23756,18120,14212,11171,8407,6081,4445,3866,1980,1986,990,1368
RO,population,F,2019,98079,98535,98643,96111,96589,94853,88711,90253,100862,104244,104185,102137,103049,103755,100368,100296,98692,99524,103863,101600,100922,99030,97148,97530,100554,97705,97520,99665,112206,129982,132954,134136,131095,126761,124717,114456,122914,136304,143252,146672,150017,152930,151102,150929,154466,136329,139357,141636,150974,162566,182874,186614,96535,99266,101071,102804,104872,112202,120860,126605,134424,140197,145834,151986,144037,133639,135186,132820,134345,137123,112134,99399,99953,79334,89012,77847,78037,79961,81209,83780,79684,73762,69206,58360,52602,45276,43788,34252,29929,23449,19940,14974,11586,8996,6799,4861,3537,3317,1632,1817,2103
RO,population,F,2020,96226,99171,98459,98242,95589,96342,94635,88509,90052,100643,104077,104004,101917,102838,103551,99651,99544,97920,97399,101185,99952,99243,97404,95458,96029,99953,97195,97148,99430,112064,130502,133770,134896,132004,127480,124786,114468,122872,136218,143042,146424,149770,152583,150794,150515,154079,135969,138905,141051,150295,161754,181809,185909,96009,98666,100236,101952,103852,111128,119732,125442,133187,138873,144341,150160,142340,131835,133269,130745,131966,134736,110040,97131,97599,76928,86189,74935,74734,76346,76790,78894,74566,68170,63779,52825,47248,40050,38689,29550,25671,19655,16705,12312,9422,7353,5574,3945,2907,2942,1420,3614
RO,population,M,2000,118875,118182,118542,114753,117327,122124,123463,128579,131452,144107,178365,176744,182040,180514,172236,166559,151900,164845,182337,193518,193065,197000,203681,204651,205158,208003,178524,177424,161931,188379,200843,228689,226782,119771,122307,124204,125368,128933,135411,146880,149382,156496,162882,167864,172421,163558,152430,155095,149456,155602,154469,128283,118344,118000,95827,107972,95725,100486,102302,111240,114929,114431,114848,114543,106044,102282,97330,105249,92587,92732,84372,82511,75654,70262,65036,60607,51652,45539,38932,30054,26328,10821,9923,13536,13260,13939,11593,10116,7263,5634,3918,2805,2195,1465,1156,782,678,561,462,504,2208
RO,population,M,2001,118690,117989,117721,118221,114500,117159,122002,123371,128467,131371,144020,178167,176587,181926,180431,172096,166451,151779,164736,182230,193413,192975,196913,203537,204439,204915,207741,178318,177137,161592,188003,200381,228114,226176,119498,121999,123824,124972,128453,134917,146281,148741,155661,161933,166735,171126,162303,151236,153726,148058,153967,152736,126775,116849,116478,94305,106243,94011,98578,100237,108877,112219,111458,111823,111081,102841,98962,94003,101341,88736,88735,80341,78360,71500,65959,60773,56230,47745,41640,35405,27064,23354,9567,8554,11667,11201,11573,9428,8192,5612,4378,2864,2081,1683,1123,947,652,587,501,427,2670
RO,population,M,2002,109626,114577,114680,114925,113058,111621,114348,119018,119880,128397,132117,149952,173417,177315,180448,182357,172465,168067,152966,161342,170106,184232,183040,184803,185842,182182,182548,183832,162599,167919,168648,182466,193651,219737,218306,115971,118475,120810,122257,124547,131341,142471,144870,152618,157626,162655,167414,158475,147234,149814,144437,149778,149721,124222,113710,113819,91568,103559,92401,95346,97476,105100,108882,108056,107039,106723,98092,94512,89608,95550,83542,82491,75219,72724,65990,60593,55277,51222,43239,37247,31325,23369,21034,8135,7181,9749,9476,9584,8101,6674,4754,3505,2442,1642,1143,725,474,275,173,94,123
RO,population,M,2003,108307,111591,115591,114824,113924,110692,113650,117494,119715,123822,132321,138570,171433,173858,181170,183689,171025,169848,156426,153178,161659,174057,177883,177412,178781,177797,176480,180488,163563,161830,164030,174351,183753,204333,232467,131766,115516,117408,120418,120329,127676,137532,140444,147368,155798,158409,162587,163690,144781,149015,144784,148716,149418,131786,114921,114871,97200,99191,96392,92746,99576,98154,109953,107743,104779,107183,99433,95790,90116,91089,85362,82120,76082,71463,66405,61251,55403,50591,44169,38158,31535,24403,21756,10573,6254,9073,8670,9390,7804,6572,4863,3430,2468,1613,1092,724,463,292,152,93,93
RO,population,M,2004,108222,111377,114604,114594,113386,110286,113109,116899,118931,123171,130721,137334,167910,170402,179592,183280,169745,169322,155812,154391,158901,171865,175056,176246,177615,176378,176391,180470,162683,165513,163293,173411,180962,201120,226301,130183,130328,116458,119162,119314,127159,136098,137987,145956,153253,157001,160135,162000,144519,149241,143290,149134,148018,131335,117458,115334,97185,100754,95097,93008,99124,97429,108401,106356,104271,106293,98787,95765,89734,90723,83846,82318,75014,71406,65609,61215,55393,50154,44407,38363,31638,24402,21952,10557,7124,8938,8157,9243,7635,6560,4833,3533,2430,1637,1085,723,460,284,154,93,101
RO,population,M,2005,108556,111073,114216,113467,112980,109595,112496,116152,118092,122155,129822,135480,166253,166594,175527,181435,169210,167870,155178,153740,160065,168884,172789,173405,176316,175036,174791,180074,162479,164476,166794,172342,179711,197954,222604,124432,128544,131140,118048,117844,125860,135279,136316,143216,151574,154212,158506,159266,142721,148729,143312,147372,148133,129847,116796,117616,97539,100558,96509,91612,99207,96803,107521,104739,102757,105642,97768,94986,89625,90201,83433,80727,75135,70283,65489,60417,55284,50097,43934,38595,31838,24481,21927,10793,7137,9656,8058,8765,7525,6388,4811,3471,2510,1613,1116,718,456,294,155,94,104
RO,population,M,2006,107172,110968,113961,113346,111806,110679,112665,114270,116026,118375,124548,129649,150250,151005,154612,159736,154315,156240,145473,145911,149862,162708,164341,167201,168848,166348,166139,166186,152811,157642,161882,170777,172496,185165,202140,135930,138193,144768,143109,129167,135809,145465,151260,162338,158166,141051,144003,146280,134353,141083,140238,144558,145790,135733,126498,128477,118648,113030,109020,105325,107321,107587,113253,103851,100032,101742,91428,92273,84796,86384,81310,80405,75885,72831,67416,63643,57504,53098,46970,42794,36311,29441,25971,17019,13126,13231,11388,10113,8145,6960,4977,3612,2578,1477,1000,760,499,364,209,132,152
RO,population,M,2007,106920,110978,114243,113057,111479,109575,112274,113577,115407,117656,123685,128591,149244,149043,153093,155758,150237,154522,145217,145341,150010,162650,165975,164530,166861,163866,165161,165018,151615,157538,161779,169771,176034,184143,200846,133284,135132,138920,141172,143688,134657,143869,149883,161348,156529,138395,142420,143638,132910,138594,138459,144064,145755,134095,126668,127056,117882,115159,109223,105055,108552,106069,113216,103125,99171,100219,90047,91729,83877,85674,81187,79946,75473,71366,67525,62522,57378,52362,46928,42723,35895,29624,26160,17072,13078,13361,11371,10554,8063,6631,4905,3477,2565,1432,1067,721,532,348,206,138,158
RO,population,M,2008,103152,108540,112544,111804,109408,109035,110274,110208,111579,112199,116661,120547,131383,131234,131258,133666,130202,136309,132490,135427,136890,151946,157179,158753,156153,151157,152232,148562,138179,146741,154749,161389,165452,172516,178439,144646,145598,148942,143362,151641,157752,151469,161173,177599,161677,122282,124847,127399,121496,128174,130280,136396,141636,136963,133724,136342,133143,124611,122013,115733,115897,116264,116464,101631,95976,95682,81796,87611,78363,80188,77981,79054,76579,72750,68557,65466,59005,55013,49052,47125,39918,33871,30198,23403,18922,16886,14197,11959,9457,7191,4935,3555,2532,1217,934,774,543,451,241,168,233
RO,population,M,2009,101708,107073,112027,111763,109331,110018,110574,107499,109454,108069,111165,114244,115242,114896,111980,112669,114366,120148,119112,125096,125387,142095,149890,153406,152002,139961,142239,132870,127286,138355,148958,155391,158304,158771,163023,158618,160335,161984,150737,158407,167152,176760,175612,196774,169278,108656,110252,112117,113088,118644,125369,130178,138460,141687,144686,146281,152363,135469,134125,130172,125518,126721,123970,99951,94549,92388,74950,84356,72835,75862,75411,78514,78791,74957,71355,67697,62355,57455,52305,51409,44504,38912,34115,30142,25170,20711,17122,13577,10562,8232,5246,3510,2660,928,859,755,633,497,320,195,298
RO,population,M,2010,101481,107352,111185,111348,109205,110169,110100,107069,108209,107567,110379,113445,114453,113929,110897,111804,112435,118752,115307,121160,123413,141358,148399,152060,151191,141109,139148,130865,124877,137550,147672,154047,158026,158618,161871,162057,159250,160779,147900,155129,161196,174555,189038,194915,167341,107538,109476,110682,110669,117208,122828,128812,135902,139896,144079,146100,150579,135478,132553,129321,127252,126590,123422,100967,93166,92322,74415,83546,71550,74691,74936,77637,78114,74761,70921,67217,61006,57463,51436,51290,43868,38907,34062,29773,25242,20778,17078,13547,10616,8225,5514,3483,2478,945,795,741,599,521,294,222,288
RO,population,M,2011,100725,107291,111699,110821,109044,110264,110544,106921,108032,106629,110119,112875,113912,113433,110240,110955,111804,117043,114075,116700,119435,139452,148062,151165,150606,140828,140762,128289,123335,135526,147344,153184,157133,158848,162206,161288,163171,160034,147172,152604,158279,168893,187166,208657,166110,106408,108660,110145,109556,115015,121642,126545,134864,137658,142570,145806,150730,134155,132928,128061,126689,128517,123634,100861,94374,91150,74667,83144,71007,73573,73969,77328,77462,74247,70848,67029,60739,56409,51608,50533,43860,38408,34152,29807,25023,20928,17210,13539,10607,8268,5498,3710,2481,817,818,720,593,492,309,198,305
RO,population,M,2012,95142,106320,110892,111274,108970,109291,110771,107835,108009,106596,108516,114026,113208,112744,111911,108658,111015,116190,113153,115542,118138,130292,148142,149920,149957,145870,137627,134232,122527,130112,143612,151318,155024,157307,161568,160268,161104,165232,147091,150501,154412,163735,177333,198385,201480,105438,106513,109067,109660,110780,118551,125560,129868,135624,139359,144353,148497,138629,129346,129209,125634,126387,127630,103607,94183,92937,73654,82077,71611,72203,72850,75316,76336,73447,70529,67450,59904,55984,50753,51492,42401,38897,33814,29830,25030,20768,17166,14032,10738,8150,5910,3615,2897,926,662,724,534,507,335,227,256
RO,population,M,2013,91942,94738,106130,110571,111023,108775,109033,110743,107720,107974,106394,108203,113726,112845,112456,111634,108427,110788,115653,112370,114749,117464,130044,148156,150255,150491,146535,138588,135016,123570,131381,145010,152395,156188,158210,162363,161299,161836,165773,147615,151060,154845,164042,177655,198422,201146,105314,106467,108844,109245,110342,117740,124663,128722,134130,137669,142626,146410,136731,127239,126809,123325,123600,124968,101236,91743,90553,71204,79420,69038,69266,69842,71779,72540,69507,66318,63448,55758,51775,46586,47301,38387,34889,30023,26299,21761,17828,14570,11792,8907,6645,4863,2719,2449,745,415,520,348,347,239,323
RO,population,M,2014,93050,91563,94561,105680,110282,110992,108779,108996,110736,107678,107820,106149,107913,113451,112592,112305,111356,108232,110283,114814,111633,114073,116956,129832,148005,150688,151037,147311,139522,136038,124670,132606,146126,153542,157336,157613,163325,160542,162777,166294,148227,151419,155252,164120,177792,198442,200690,105132,106391,108425,108775,109556,116912,123737,127596,132456,135929,140686,144184,134628,124932,124456,120712,120749,122176,98710,89185,88110,68748,76747,66361,66462,66873,68107,68800,65599,62192,59420,51866,47936,42573,43353,34455,31240,26458,23093,18845,15160,12309,9899,7306,5447,4006,2080,1974,605,349,351,271,247,383
RO,population,M,2015,98535,99470,92815,95054,105792,110362,110949,108563,108842,110616,107474,107654,105991,107710,113235,112220,112032,110915,108044,110308,114662,111308,113714,116460,129101,147199,149999,150245,146510,138788,135679,124312,132053,145351,152739,156294,156673,162174,159792,161578,165618,147578,150674,154435,163171,176665,196958,199639,104414,105487,107365,107774,108465,115431,122212,125759,130239,133593,138277,141353,131969,122348,121719,117678,117489,119122,96081,86533,85518,66178,73960,63601,63367,63764,64413,64982,61607,58092,55250,47707,43923,38651,39337,30652,27750,23133,19990,16173,12700,10272,8162,5931,4461,3334,1558,1680,510,247,276,192,445
RO,population,M,2016,103008,101675,96634,93011,95672,106465,110798,111330,108693,108886,110882,107629,107813,106097,107705,113015,112138,111784,110439,107615,108998,113226,109851,112092,114844,124719,142634,145682,146086,142717,137854,134982,123590,131074,144331,151770,155479,155722,161465,158809,161302,165272,147169,150097,153765,162886,176203,196139,199053,103997,104947,106638,106961,107511,114181,120882,124137,128161,131303,135870,138661,129479,119624,118930,114737,114245,115806,93370,83766,82668,63449,71078,60685,60216,60349,60520,60990,57542,53799,50996,43512,39909,34412,35151,26856,24220,19936,17074,13516,10440,8399,6690,4812,3573,2778,1154,1474,436,181,205,407
RO,population,M,2017,104446,103133,101802,96709,93031,95838,106458,110868,111416,108597,108664,110591,107313,107410,105591,107328,112807,111793,110973,110236,104904,105848,110177,106573,108676,114698,124564,142513,145719,146342,142698,137856,135059,123684,130984,143398,151036,154572,154937,160617,157732,160263,164229,146199,149171,152848,161840,174771,194722,197941,103352,104230,105826,106031,106278,112797,119271,122186,126006,128791,133187,135935,126767,116763,115989,111698,110958,112598,90570,80962,79799,60730,68105,57835,57024,57131,56761,56878,53475,49632,46817,39540,35990,30437,31464,23396,21082,17083,14551,11248,8594,6838,5458,3969,2959,2348,871,1329,380,140,446
RO,population,M,2018,106745,104283,102971,101617,96668,93138,96022,106600,110978,111487,108502,108440,110339,107097,107103,104655,106579,111932,109008,108473,107761,102331,103159,107350,103723,107796,114044,123829,142193,145388,145653,142218,137633,134987,123477,131570,144017,151430,154928,155302,160603,157708,160053,163897,145820,148266,151816,160617,173277,193029,196636,102358,103052,104504,104567,104928,111119,117427,120080,123585,126112,130249,132817,123852,113666,112770,108271,107483,109171,87607,78243,76031,58648,64716,55161,54638,53814,53931,53210,49442,46028,42160,35973,32039,27568,26651,20592,17828,14424,11888,9147,6938,5429,4033,2946,2169,1744,804,917,392,597
RO,population,M,2019,102647,103251,103097,101582,101349,100681,93862,95889,106283,110628,110783,107844,107787,109780,106405,106337,103932,105766,109853,106572,106449,106028,100775,101697,105972,103354,107492,113768,123688,141758,144869,145316,141975,137436,135024,122679,130590,142923,150354,153829,155069,160456,157478,159575,163299,145275,147711,151010,159579,171905,191229,195504,101489,101981,103361,103077,103400,109210,115238,117772,121458,123788,127457,129944,121173,110364,109462,104694,103708,105621,84421,75409,72997,55609,61458,51970,51142,50317,49894,49114,45268,41715,38075,31991,28463,24076,23277,17567,15170,12066,9924,7528,5636,4360,3304,2410,1784,1528,636,865,885
RO,population,M,2020,101689,104345,103726,103380,101694,100818,100208,93498,95566,106003,110520,110706,107652,107666,109652,106247,106221,103658,104954,108796,104746,104894,104618,99385,100173,104578,102278,106468,112788,122837,141650,144790,145629,142235,137891,135368,122971,130693,143131,150432,154138,155248,160486,157357,159273,162764,144727,146948,150030,158436,170485,189368,194171,100361,100767,101957,101493,101682,107210,113009,115189,118627,120759,124242,126491,117900,106949,105950,101055,99885,101913,81205,72159,69949,52606,58334,48853,47763,46834,45989,45092,41334,37769,34303,28371,25032,20826,20193,14928,12900,10124,8308,6202,4685,3610,2825,2024,1494,1365,558,1602
SK,deaths,F,2000,193,21,2,7,4,8,8,5,7,6,9,6,2,7,5,13,18,12,11,19,17,10,18,9,8,9,22,22,16,11,15,10,15,14,17,35,25,28,38,40,45,43,59,68,99,88,97,107,102,133,140,115,140,129,146,150,148,171,196,190,240,214,238,269,337,321,355,420,492,519,542,627,637,748,800,845,925,1048,1074,1031,1058,663,492,545,544,845,936,833,732,623,626,535,370,282,216,153,124,73,53,23,51
SK,deaths,F,2001,134,12,10,8,5,5,3,7,5,3,4,3,4,10,6,10,14,16,13,15,9,15,11,8,13,20,12,17,18,19,18,18,22,13,23,34,23,35,29,36,50,43,71,66,81,96,87,123,115,137,143,131,134,148,167,171,165,188,184,196,206,256,269,259,278,327,374,410,412,459,552,588,651,704,764,818,870,949,1052,1137,1014,1036,674,439,448,507,779,890,774,653,552,541,421,314,210,180,125,74,49,39,45
SK,deaths,F,2002,199,14,9,9,4,4,5,5,4,10,9,5,5,6,7,7,7,15,16,16,7,15,13,19,12,18,19,21,8,15,21,17,16,9,26,28,16,21,39,37,51,47,50,64,72,83,91,105,121,123,108,121,169,134,173,160,193,167,200,204,232,235,259,252,274,335,386,376,411,447,509,612,632,705,706,848,840,882,1011,1076,1165,1010,1071,586,408,468,497,786,769,660,579,468,379,299,241,175,125,90,65,33,46
SK,deaths,F,2003,176,17,18,10,6,1,1,2,5,8,6,7,8,5,4,13,7,12,11,17,18,17,14,12,15,10,13,20,11,11,20,17,14,21,19,26,19,36,38,48,38,51,46,52,83,91,85,111,101,128,116,157,166,150,152,174,200,191,176,218,206,217,268,284,250,342,289,387,416,473,526,569,630,676,731,777,862,975,939,1056,1168,1137,1004,1105,623,464,421,490,661,688,636,485,396,349,278,174,109,99,55,45,49
SK,deaths,F,2004,165,20,10,7,5,6,5,3,8,6,6,6,5,6,12,7,10,16,12,8,7,8,19,17,11,18,10,12,20,12,17,20,6,19,18,21,30,20,30,32,68,41,57,43,71,100,79,121,107,131,122,160,151,152,175,167,198,201,190,254,205,226,241,234,294,312,342,391,403,438,476,548,621,707,720,801,830,944,948,980,1138,1094,1148,1055,1100,562,383,418,401,646,594,508,424,315,254,180,160,88,66,40,55
SK,deaths,F,2005,167,11,14,6,2,8,4,4,4,1,1,3,1,6,2,3,11,9,15,17,9,14,10,9,15,11,13,17,13,24,18,24,18,17,23,28,27,25,32,43,44,42,60,53,74,96,85,103,116,126,135,135,167,165,187,189,183,214,207,193,213,251,241,264,302,285,327,376,372,431,465,517,583,643,756,771,821,857,1003,986,1103,1186,1212,1244,1040,1093,605,391,403,416,602,556,465,369,285,219,145,94,70,45,64
SK,deaths,F,2006,151,11,8,4,5,5,2,7,3,5,5,3,0,5,6,7,8,11,6,8,9,8,11,8,13,11,15,16,11,9,13,19,25,16,18,19,30,28,28,38,44,45,59,52,58,68,81,117,92,112,120,183,169,179,189,218,195,185,218,244,210,233,250,255,292,322,354,369,363,374,435,479,613,662,735,772,794,897,955,1019,1060,1059,1154,1251,1168,1004,1030,561,354,355,364,484,415,377,299,225,153,114,67,39,61
SK,deaths,F,2007,145,9,12,9,6,10,4,5,8,3,4,7,3,5,3,8,7,10,15,6,9,12,12,9,16,15,16,17,15,10,18,17,15,33,25,30,30,35,38,30,43,54,59,68,71,78,99,108,111,124,128,139,156,171,158,233,221,236,222,232,249,216,245,266,268,310,310,383,373,437,409,474,521,585,679,746,814,897,907,1067,1040,1120,1099,1245,1229,1187,982,955,503,317,314,317,439,402,266,223,163,104,62,37,78
SK,deaths,F,2008,142,12,6,4,4,5,2,2,2,3,2,3,3,6,6,6,9,10,13,10,7,13,10,9,13,12,10,14,8,9,20,16,19,22,23,27,17,29,25,25,41,51,51,54,69,55,79,90,90,120,126,151,141,167,168,186,217,242,253,226,240,275,257,281,253,316,317,355,378,420,504,490,508,575,605,709,746,885,906,984,955,1048,1085,1054,1171,1182,1120,899,851,438,297,268,258,346,320,196,179,124,94,62,64
SK,deaths,F,2009,137,11,11,8,9,3,4,2,4,1,5,8,6,5,4,5,8,6,9,13,8,11,6,9,8,11,12,19,9,18,22,18,15,20,21,20,25,33,27,36,39,42,49,59,70,76,78,87,88,106,141,148,157,159,180,187,218,243,278,242,257,287,270,259,288,324,307,349,343,369,412,441,527,564,624,655,711,833,920,921,1008,1046,1084,1125,1135,1166,1113,1094,853,783,457,272,234,219,257,226,160,126,70,53,71
SK,deaths,F,2010,149,13,6,11,3,6,3,0,7,4,4,3,5,3,7,3,7,0,10,15,11,5,13,12,11,9,9,11,13,13,13,8,26,24,14,34,24,29,36,44,39,42,47,46,60,59,68,83,65,108,114,133,135,160,200,177,209,199,209,251,281,281,259,289,289,297,341,332,359,386,423,471,515,506,598,658,738,800,909,1000,1093,1042,1101,1170,1154,1055,1135,1062,1008,848,721,362,237,192,150,201,170,123,77,58,87
SK,deaths,F,2011,128,12,8,6,3,7,6,2,3,2,1,5,3,4,3,5,6,9,12,8,10,12,9,5,16,15,18,11,11,13,15,12,26,20,24,28,24,30,24,37,28,41,42,51,53,69,84,68,75,94,107,146,165,168,177,178,206,199,241,235,247,280,258,291,269,265,337,341,370,378,354,433,489,495,531,615,694,748,806,878,953,1053,1084,1126,1123,1107,1062,1037,990,886,711,587,296,188,154,132,172,122,93,65,66
SK,deaths,F,2012,136,11,4,7,7,4,1,1,5,1,2,0,4,5,3,5,5,8,6,9,9,3,11,9,13,12,14,11,13,10,11,16,14,18,13,27,35,33,28,40,32,35,52,41,55,47,70,84,85,89,111,120,123,144,156,175,212,218,234,244,271,284,269,320,356,315,312,349,365,350,430,401,471,497,558,603,652,742,781,861,979,1033,1087,1153,1120,1120,1077,1019,956,962,803,655,503,269,155,124,104,119,76,71,90
SK,deaths,F,2013,143,12,4,7,4,4,6,5,5,1,2,5,1,7,2,6,6,7,10,6,5,15,9,5,14,7,6,15,10,13,14,19,18,20,18,31,32,25,34,44,38,46,34,56,50,54,72,83,81,87,108,110,111,129,147,188,184,186,248,243,274,304,314,287,313,344,320,324,376,404,382,425,476,508,530,551,614,660,743,834,924,1066,1128,1088,1151,1085,1024,940,811,912,895,704,501,438,192,107,104,77,94,53,94
SK,deaths,F,2014,149,11,6,3,5,3,2,1,5,0,0,2,2,1,4,4,8,7,11,7,9,9,7,8,11,9,8,11,11,11,26,11,16,23,19,24,33,24,37,53,26,40,40,39,51,52,67,63,82,87,104,107,108,102,133,156,187,202,225,254,256,311,319,327,329,315,343,372,338,362,456,415,494,447,566,563,650,669,711,814,921,920,1030,1111,1060,1005,1023,1006,915,806,801,723,594,394,348,109,84,55,32,50,87
SK,deaths,F,2015,123,19,11,3,4,4,2,2,0,3,7,4,5,1,5,5,9,7,3,8,9,11,14,7,11,11,4,19,18,11,11,11,17,14,18,25,20,27,26,37,33,42,49,37,49,61,62,62,73,88,98,98,133,122,165,146,191,191,230,277,288,303,315,360,394,346,364,383,451,366,389,442,449,534,560,610,622,699,737,806,921,968,1117,1114,1171,1169,1131,1064,965,865,761,765,649,537,337,275,136,68,61,32,87
SK,deaths,F,2016,132,8,4,3,2,3,2,5,5,3,2,3,3,4,2,4,10,5,3,6,9,9,10,11,10,12,6,11,10,20,20,16,25,25,27,21,35,35,25,39,41,43,48,50,61,50,65,74,70,71,92,101,115,116,166,134,153,183,214,212,253,284,297,335,351,400,383,387,417,440,439,451,469,557,474,603,639,624,700,712,815,928,953,1059,1033,1118,1077,1050,970,911,775,690,630,540,450,255,202,100,43,47,82
SK,deaths,F,2017,108,13,7,0,2,5,0,3,5,3,1,5,1,1,3,2,6,4,4,15,8,3,5,9,6,9,17,12,17,19,8,15,22,14,28,25,26,28,29,40,31,33,51,55,55,56,62,69,81,78,90,117,117,142,132,139,147,203,193,267,244,294,297,341,378,376,375,405,421,448,453,458,460,520,567,572,615,713,764,814,812,921,975,1049,1075,1118,1180,1072,1006,981,841,739,605,561,473,335,215,131,70,32,73
SK,deaths,F,2018,129,13,2,4,2,7,4,3,4,4,1,4,5,6,3,5,6,8,6,7,11,5,7,10,12,6,10,12,18,14,9,16,18,13,21,14,19,28,26,28,42,47,42,58,56,65,47,79,70,82,83,128,108,131,141,153,159,175,193,230,274,303,289,321,365,381,423,450,452,448,449,481,470,534,598,582,680,738,788,768,824,897,957,1014,1049,1121,1115,1155,1014,913,833,748,616,543,411,318,244,121,120,30,70
SK,deaths,F,2019,126,14,5,8,4,0,1,4,4,7,0,2,2,6,5,6,4,8,8,9,5,9,6,3,9,14,9,16,14,8,14,15,20,19,23,24,23,35,37,27,37,40,65,52,55,61,56,70,86,61,101,95,113,123,120,131,142,170,217,203,236,272,292,323,358,359,418,428,450,439,488,523,529,509,564,615,612,671,738,782,820,895,877,990,932,1036,1116,1026,1014,903,836,721,594,521,397,346,239,169,116,57,67
SK,deaths,F,2020,128,11,7,3,4,2,4,4,4,1,0,5,1,6,2,9,3,7,8,5,8,4,6,4,8,10,3,10,11,12,17,16,10,18,20,26,30,30,29,29,38,50,32,52,54,74,87,60,81,89,103,101,120,110,143,168,148,171,203,209,231,238,304,351,380,419,442,465,514,534,563,595,633,608,593,699,812,767,848,924,939,999,995,1050,1089,1129,1113,1094,1170,1044,906,812,661,599,459,336,277,188,126,61,86
SK,deaths,M,2000,280,20,16,14,7,4,5,12,7,10,10,8,8,13,23,17,27,26,31,31,50,43,59,54,58,63,40,56,50,64,59,58,53,66,82,74,77,89,116,112,130,140,174,208,221,248,275,313,317,348,353,399,410,397,366,344,431,412,420,443,513,547,515,517,584,622,662,693,725,809,771,808,861,800,888,828,901,883,918,729,796,449,323,318,340,497,509,438,398,295,249,201,189,97,76,63,50,19,20,8,7
SK,deaths,M,2001,185,20,24,8,11,12,6,12,11,12,9,12,12,16,13,10,21,36,30,27,48,42,43,43,45,64,47,60,56,45,64,59,51,59,78,68,89,82,105,129,130,130,166,216,214,249,257,278,324,350,370,365,402,361,422,368,411,427,425,435,524,541,511,550,593,605,618,685,691,742,836,847,804,758,816,773,781,831,792,848,732,742,442,303,319,299,445,494,360,354,239,223,186,106,95,60,30,25,18,14,9
SK,deaths,M,2002,189,23,8,2,5,11,11,9,10,9,3,6,7,10,13,11,23,29,31,42,38,46,62,52,48,47,54,52,59,55,49,54,47,68,69,84,70,86,108,109,136,168,163,174,215,231,262,273,356,372,413,410,394,403,436,432,425,396,436,461,500,489,522,521,538,592,564,589,658,734,672,786,752,801,794,763,777,791,845,862,830,686,708,406,259,275,266,403,409,307,283,207,164,123,92,71,39,29,13,14,16
SK,deaths,M,2003,230,14,13,8,9,8,7,6,4,3,9,8,11,15,9,15,18,31,30,41,38,43,29,42,62,58,46,51,49,68,49,56,47,59,63,63,64,99,117,117,129,143,173,189,204,261,260,281,324,368,378,381,434,436,450,431,456,436,404,509,476,505,534,532,522,554,634,569,669,665,719,788,760,773,753,799,777,807,821,813,864,754,668,646,393,229,250,245,364,344,301,241,181,132,100,59,35,27,21,9,13
SK,deaths,M,2004,200,17,17,12,8,12,1,8,6,6,7,9,4,7,6,19,19,22,21,43,38,47,43,36,54,41,58,60,50,63,55,47,49,69,60,62,72,89,91,110,115,136,144,184,185,193,270,267,284,309,366,406,391,440,466,396,445,437,434,482,477,459,534,556,579,537,509,564,616,674,706,690,773,787,816,789,790,785,834,794,833,792,773,594,603,365,211,218,223,298,308,249,167,121,110,71,37,31,20,10,13
SK,deaths,M,2005,225,19,3,11,7,11,7,4,4,14,4,6,4,4,9,17,15,24,31,28,24,51,43,38,50,44,48,50,44,43,50,53,70,69,59,69,77,81,89,106,118,138,124,156,183,229,231,299,303,360,352,393,437,462,497,491,488,541,497,456,486,539,513,544,574,569,600,576,608,612,650,725,769,773,772,813,820,789,813,780,782,837,797,757,620,579,347,215,180,202,250,267,192,152,93,72,48,28,23,9,16
SK,deaths,M,2006,204,20,8,5,11,6,10,6,6,9,2,13,5,10,9,9,15,17,25,41,41,40,48,42,42,53,50,47,48,47,66,55,64,68,66,61,62,96,94,112,108,128,124,178,176,202,242,250,336,322,369,403,418,445,488,488,490,519,508,497,499,481,540,472,571,569,617,595,626,630,683,685,713,727,815,877,812,810,807,789,746,722,792,719,650,538,543,291,193,148,171,217,224,162,101,71,59,38,29,16,19
SK,deaths,M,2007,189,13,9,6,11,7,2,7,8,5,3,3,14,5,10,13,19,23,22,39,43,39,34,40,45,48,34,41,42,51,45,66,65,69,71,85,77,78,93,83,121,132,151,176,151,210,231,264,271,334,409,390,384,436,488,540,523,573,523,569,535,519,514,591,610,579,595,612,612,637,614,649,706,699,709,812,823,792,789,800,757,775,704,715,706,616,524,480,235,155,155,141,141,147,119,66,63,38,24,15,20
SK,deaths,M,2008,194,14,9,6,11,6,5,4,4,6,5,5,5,6,18,16,21,25,34,38,40,51,42,50,45,50,49,52,39,61,63,59,50,82,67,72,79,90,94,97,113,122,119,177,166,160,222,244,286,328,360,434,400,451,492,490,549,556,574,575,554,546,499,531,590,528,560,600,653,615,666,632,725,665,756,734,772,778,755,741,733,734,709,658,641,625,627,430,391,212,122,116,105,122,127,100,70,34,23,17,16
SK,deaths,M,2009,209,20,8,10,6,4,7,6,4,3,9,5,4,6,9,8,13,17,21,28,48,41,26,38,49,34,48,52,52,37,58,50,41,59,61,76,70,77,79,90,101,115,130,168,164,158,181,234,243,284,285,380,435,430,459,499,536,558,582,607,560,635,613,571,555,578,571,592,607,658,600,647,629,643,654,646,763,763,772,707,698,752,718,696,586,563,530,508,396,351,201,109,96,93,105,75,69,43,27,14,20
SK,deaths,M,2010,195,16,4,7,4,3,6,2,5,7,4,3,2,6,17,8,13,12,19,32,54,34,28,29,39,39,29,37,43,59,48,46,64,62,67,66,86,78,85,86,89,99,101,118,166,163,217,198,224,280,264,316,419,408,463,483,486,511,583,584,611,617,661,641,542,555,646,569,617,639,632,641,653,626,633,678,781,761,709,826,749,766,727,698,610,584,576,498,491,348,295,150,82,79,76,93,66,40,27,20,16
SK,deaths,M,2011,172,13,5,8,8,8,3,8,7,6,4,3,5,9,6,15,13,18,30,23,22,37,28,29,32,37,42,48,44,55,57,48,50,54,63,78,68,81,77,84,96,101,109,125,147,177,172,208,213,220,264,319,367,382,440,478,455,532,547,634,627,633,652,653,592,562,571,615,552,600,576,686,617,637,638,675,719,680,716,754,710,720,703,660,594,544,491,481,418,374,283,261,125,56,47,45,53,40,19,9,25
SK,deaths,M,2012,185,20,11,1,6,2,5,2,6,7,8,5,4,8,4,11,20,15,20,29,28,43,31,36,37,53,45,38,43,39,33,60,49,61,34,65,71,87,85,96,92,89,113,125,138,160,156,193,212,238,271,267,333,365,419,426,460,483,522,622,602,670,646,668,637,659,538,549,634,627,628,639,642,628,648,652,626,693,704,664,742,742,688,691,653,601,542,480,447,360,322,236,200,99,47,59,36,42,20,17,19
SK,deaths,M,2013,158,13,12,6,4,8,2,7,3,3,4,10,2,3,9,6,12,14,21,19,32,20,28,32,32,35,45,45,32,42,37,47,54,41,62,59,79,76,75,83,91,83,98,98,109,124,149,184,197,240,244,286,301,340,377,408,464,491,554,573,652,662,726,680,668,662,637,577,555,617,631,661,674,715,662,675,644,621,691,699,711,740,712,664,611,594,559,483,424,381,319,285,192,176,72,40,37,19,21,14,20
SK,deaths,M,2014,169,13,13,3,8,10,1,1,4,7,3,3,3,4,11,8,12,19,17,18,23,20,33,30,32,28,39,33,29,45,40,50,39,53,68,49,75,96,85,85,89,105,118,97,133,135,162,169,182,196,264,238,288,302,367,408,449,558,508,550,620,635,713,668,666,672,649,654,579,627,633,593,631,598,710,643,628,632,660,663,677,706,691,665,623,566,522,491,419,385,353,256,228,148,132,58,28,26,19,7,28
SK,deaths,M,2015,162,19,8,6,7,7,2,4,2,4,3,6,3,3,9,7,12,15,24,14,31,31,29,25,30,36,33,37,40,36,39,60,43,55,75,59,73,74,80,84,104,108,110,114,142,166,172,159,179,207,239,227,299,359,375,391,477,478,486,550,616,649,722,775,778,664,706,729,692,630,639,660,632,652,691,677,660,653,700,687,683,680,673,663,658,616,595,473,451,386,299,278,240,196,117,83,50,25,15,17,23
SK,deaths,M,2016,179,12,7,4,5,3,3,5,4,2,1,5,4,2,6,5,12,12,17,16,26,23,27,28,22,29,30,23,34,37,40,45,34,48,47,60,59,91,78,75,105,115,105,109,133,132,147,156,163,185,213,241,262,301,331,356,390,442,507,530,590,634,685,765,718,781,729,731,741,702,616,645,657,635,670,725,679,658,643,660,628,650,635,650,625,597,551,497,429,372,321,266,212,199,182,73,68,32,11,5,14
SK,deaths,M,2017,155,12,10,8,6,6,4,2,3,3,3,2,7,4,6,4,8,13,18,33,23,20,29,24,26,27,36,31,28,35,36,46,48,52,53,48,59,58,77,96,91,110,118,126,122,133,127,160,179,157,220,288,279,300,353,326,400,422,443,535,612,703,659,721,738,740,770,743,741,749,738,632,730,682,684,723,694,720,646,654,634,659,675,654,636,611,644,500,462,399,340,310,225,182,164,116,57,50,15,12,17
SK,deaths,M,2018,159,14,12,4,6,2,3,5,3,4,5,4,3,3,7,7,7,14,14,22,20,27,16,30,26,27,29,34,36,29,41,44,52,54,56,68,78,67,85,87,106,87,123,135,127,142,145,165,184,179,221,252,258,323,348,381,412,415,467,491,583,641,650,703,717,800,809,830,814,768,778,720,625,673,677,668,693,712,714,717,631,674,646,656,630,634,593,542,457,450,335,275,234,158,143,102,61,48,30,10,11
SK,deaths,M,2019,166,17,10,4,3,3,1,5,3,4,5,6,4,3,7,7,11,5,12,17,25,16,29,24,27,18,23,36,36,40,32,42,54,49,61,60,65,82,76,94,78,96,103,128,120,157,157,145,183,189,188,219,278,277,319,331,366,393,457,484,477,631,694,700,759,718,833,840,789,820,778,856,771,703,699,717,692,687,702,691,631,607,619,567,592,568,538,521,464,459,330,295,224,176,124,116,73,36,28,19,11
SK,deaths,M,2020,160,14,9,2,9,6,5,2,5,6,5,5,4,4,0,9,15,11,20,18,15,21,18,18,20,26,28,31,27,34,45,50,32,59,59,53,75,83,72,82,90,112,105,131,130,161,131,155,184,203,237,247,243,276,298,357,389,401,448,498,515,592,661,757,764,792,848,897,917,940,934,941,898,848,824,825,785,818,857,799,823,752,722,693,723,652,652,584,540,484,395,331,284,187,141,106,72,39,32,18,33
SK,population,F,2000,27342,27810,28506,28780,29698,32162,35217,35973,37822,37571,37876,39575,39993,41201,42868,43186,43407,43609,44190,44612,47368,47118,46545,46457,46134,45587,43494,41223,38677,37356,36563,34986,35293,37099,38302,39320,38968,37532,39056,39081,38546,40673,41873,43238,43173,42010,41612,41879,41300,39394,36021,35599,34285,29878,27910,29283,27140,27249,26964,26642,25459,24639,23690,23471,23901,23306,23499,24521,24086,23735,22865,22273,21189,20932,19708,19234,19381,18157,16765,13194,11763,5074,4795,4617,5545,7085,5863,5057,3798,3307,2724,2006,1382,1087,820,650,500,389,287,190,361
SK,population,F,2001,26385,27199,27338,27966,28837,29532,32009,34802,35918,37566,37966,38269,39695,40071,41524,43005,43234,43378,43819,44228,44850,47195,46727,45996,46181,45386,44914,42935,40567,38025,36752,36227,34576,34972,36973,38007,39079,38731,37478,38855,38841,38381,40391,41625,43200,42940,41868,41234,41784,41093,39146,36041,35531,34210,29969,27908,29277,27045,27245,26949,26468,25358,24455,23444,23357,23598,23142,23211,24168,23644,23043,22304,21547,20550,20184,18767,18360,18251,17104,15721,12174,10760,4548,4245,4064,4825,6040,4827,4171,3061,2572,1999,1396,953,683,518,346,201,139,NA,228
SK,population,F,2002,24587,26372,27255,27442,28154,29098,29826,32328,35077,36200,37874,38294,38629,40116,40554,42058,43389,43551,43673,44080,44446,45052,47381,46855,46103,46220,45426,44944,42978,40605,38017,36744,36240,34597,34990,36964,37984,39070,38707,37476,38828,38781,38329,40288,41553,43090,42824,41674,41036,41558,40849,38885,35758,35229,33902,29600,27651,28954,26681,26862,26511,25982,24812,23883,22901,22762,22952,22440,22503,23496,22885,22308,21439,20687,19612,19194,17851,17362,17121,15940,14465,11155,9736,4019,3747,3556,4200,5118,3992,3455,2498,2022,1488,1043,707,474,375,251,134,102,164
SK,population,F,2003,24679,24621,26432,27291,27462,28204,29049,29810,32321,35079,36150,37841,38264,38595,40049,40480,41985,43322,43476,43582,43956,44328,44874,47202,46653,45923,45989,45243,44763,42811,40434,37885,36653,36154,34546,34908,36867,37915,39000,38611,37386,38738,38686,38241,40189,41449,42951,42701,41534,40916,41407,40739,38741,35612,35051,33750,29405,27482,28764,26511,26633,26300,25764,24580,23625,22623,22412,22583,22078,22106,23033,22361,21688,20803,19977,18876,18369,16999,16436,16107,14793,13357,10167,8835,3619,3340,3084,3609,4265,3276,2813,1967,1596,1149,776,485,331,246,161,80,157
SK,population,F,2004,25038,24683,24658,26481,27329,27486,28250,29020,29811,32320,35101,36118,37816,38245,38566,39986,40425,41928,43261,43404,43494,43820,44197,44696,47029,46484,45760,45784,45057,44641,42683,40293,37795,36585,36105,34508,34841,36768,37825,38940,38502,37307,38645,38602,38150,40090,41354,42818,42561,41407,40786,41241,40579,38594,35462,34876,33579,29173,27321,28557,26315,26403,26068,25519,24337,23325,22362,22076,22207,21654,21638,22499,21771,21069,20120,19213,18117,17463,16020,15489,15005,13660,12227,9200,7883,3167,2920,2645,3051,3547,2628,2200,1565,1199,832,542,338,231,158,110,136
SK,population,F,2005,25996,25050,24708,24708,26536,27347,27505,28293,28998,29804,32309,35122,36078,37799,38223,38511,39934,40395,41832,43183,43328,43399,43713,44053,44504,46876,46308,45634,45598,44900,44522,42581,40190,37721,36537,36044,34459,34788,36681,37752,38858,38408,37205,38577,38518,38035,39993,41238,42677,42408,41281,40657,41086,40438,38442,35292,34695,33386,28960,27108,28328,26121,26187,25843,25270,24065,23013,22043,21691,21803,21230,21162,21887,21161,20388,19360,18451,17270,16513,15062,14412,13931,12555,11084,8170,6985,2781,2532,2250,2547,2870,2102,1708,1204,904,611,382,203,154,106,141
SK,population,F,2006,26338,26013,25064,24743,24753,26596,27374,27527,28332,28969,29816,32306,35139,36047,37771,38192,38481,39881,40357,41740,43110,43257,43320,43591,43904,44293,46723,46128,45509,45401,44739,44389,42458,40080,37632,36468,35969,34431,34730,36574,37677,38791,38320,37107,38485,38390,37930,39880,41103,42533,42260,41137,40501,40899,40272,38275,35111,34472,33191,28747,26909,28088,25891,25931,25588,24989,23777,22677,21727,21277,21362,20787,20650,21248,20488,19656,18588,17633,16363,15541,14054,13278,12758,11363,9873,7197,6026,2372,2150,1847,2033,2275,1592,1272,905,642,418,255,128,96,143
SK,population,F,2007,26134,26372,26065,25089,24773,24794,26649,27395,27550,28363,28940,29804,32300,35151,36023,37735,38171,38449,39821,40319,41640,43051,43208,43230,43469,43747,44111,46544,45960,45375,45241,44598,44283,42344,39956,37565,36409,35901,34397,34658,36468,37597,38722,38219,36995,38391,38284,37813,39753,40979,42388,42089,40949,40327,40688,40060,38095,34931,34261,32965,28499,26685,27843,25676,25644,25313,24685,23458,22309,21402,20878,20910,20290,20036,20591,19728,18930,17757,16714,15397,14517,13021,12193,11586,10161,8736,6221,5169,2004,1799,1492,1621,1789,1214,929,657,439,286,174,77,137
SK,population,F,2008,26433,26171,26410,26122,25110,24788,24827,26694,27421,27568,28399,28907,29788,32289,35152,35971,37700,38147,38450,39798,40321,41563,43004,43143,43154,43324,43586,43935,46391,45831,45247,45096,44490,44188,42237,39853,37473,36354,35847,34358,34606,36359,37504,38649,38116,36890,38277,38167,37696,39613,40866,42213,41921,40775,40182,40476,39851,37863,34711,34025,32737,28252,26460,27591,25430,25373,25006,24358,23117,21910,21011,20447,20440,19767,19459,19877,18956,18133,16855,15766,14367,13453,11912,11032,10367,8961,7629,5314,4346,1699,1469,1201,1247,1367,872,681,470,303,198,131,112
SK,population,F,2009,27888,26459,26191,26427,26166,25135,24817,24845,26735,27435,27586,28427,28876,29782,32276,35153,35931,37688,38151,38479,39779,40318,41472,42965,43046,43020,43145,43443,43750,46237,45681,45136,44947,44379,44091,42127,39776,37427,36308,35811,34331,34551,36279,37418,38577,38042,36782,38165,38056,37580,39485,40705,42030,41767,40592,40011,40270,39628,37626,34479,33778,32496,27977,26194,27317,25182,25053,24697,23989,22735,21486,20522,19981,19919,19185,18814,19165,18132,17315,15924,14818,13405,12368,10912,9869,9229,7772,6596,4512,3622,1421,1182,955,949,1001,641,494,316,193,119,150
SK,population,F,2010,29330,27839,26480,26210,26447,26207,25138,24841,24859,26771,27451,27591,28446,28860,29779,32276,35163,35906,37689,38160,38484,39760,40312,41379,42876,42944,42910,42992,43309,43563,46109,45543,45051,44800,44279,43999,42040,39689,37350,36229,35761,34281,34488,36184,37328,38505,37932,36684,38063,37943,37441,39334,40535,41850,41580,40405,39820,40023,39376,37380,34243,33500,32200,27716,25923,27014,24887,24727,24377,23646,22349,21059,20091,19424,19352,18562,18160,18386,17321,16389,14959,13825,12363,11268,9798,8736,8091,6665,5590,3752,2943,1129,938,706,726,731,467,356,222,126,173
SK,population,F,2011,28484,28884,27761,26491,26227,26471,26251,25154,24857,24878,26805,27459,27603,28459,28830,29761,32272,35180,35896,37693,38179,38484,39684,40256,41213,42716,42809,42789,42781,43145,43360,45951,45401,44942,44666,44158,43909,41946,39585,37265,36164,35700,34213,34419,36068,37232,38415,37837,36568,37959,37795,37295,39194,40347,41654,41360,40203,39616,39845,39133,37113,33966,33204,31931,27413,25630,26666,24581,24389,23984,23272,21907,20584,19589,18900,18722,17892,17412,17501,16402,15398,13843,12757,11298,10096,8689,7634,7036,5622,4631,3033,2336,896,716,549,552,526,334,256,160,181
SK,population,F,2012,29618,28476,28893,27768,26510,26230,26470,26250,25156,24855,24887,26803,27451,27600,28463,28835,29758,32266,35186,35927,37714,38206,38529,39712,40279,41227,42731,42835,42786,42771,43125,43338,45923,45381,44913,44658,44121,43889,41926,39557,37256,36137,35666,34167,34383,36000,37152,38351,37778,36479,37878,37668,37151,39032,40171,41491,41168,40016,39371,39617,38905,36830,33722,32929,31652,27151,25333,26328,24243,24021,23618,22862,21481,20091,19076,18340,18042,17184,16646,16656,15483,14368,12804,11620,10183,8997,7591,6600,5976,4727,3797,2427,1837,701,552,414,411,355,241,178,243
SK,population,F,2013,27030,29857,28572,28933,27784,26526,26231,26465,26248,25148,24849,24887,26802,27442,27593,28456,28824,29757,32268,35194,35927,37733,38224,38553,39728,40282,41232,42713,42814,42770,42750,43095,43314,45883,45333,44875,44618,44082,43854,41873,39518,37219,36113,35625,34134,34338,35935,37080,38267,37697,36384,37769,37566,37020,38877,40015,41301,40944,39802,39158,39329,38631,36565,33439,32570,31319,26858,24995,25980,23900,23639,23184,22446,20974,19604,18473,17702,17352,16428,15824,15709,14506,13309,11684,10466,9106,7912,6503,5654,4993,3875,3037,1898,1426,526,412,324,290,258,170,306
SK,population,F,2014,26940,27310,29941,28624,28957,27773,26540,26199,26450,26262,25144,24859,24902,26808,27456,27648,28462,28888,29780,32325,35248,36004,37817,38298,38585,39763,40259,41186,42604,42637,42649,42466,42985,43068,45603,45136,44696,44494,43966,43742,41840,39455,37163,36104,35546,34058,34315,35842,36977,38176,37611,36237,37672,37444,36882,38695,39828,41090,40709,39565,38899,39058,38328,36263,33176,32257,30993,26568,24666,25590,23568,23221,22745,22003,20439,19087,17925,17111,16709,15654,14993,14762,13443,12260,10625,9355,8066,6957,5701,4859,4091,3143,2413,1494,1085,406,315,239,209,178,352
SK,population,F,2015,27179,27210,27392,29999,28656,28981,27748,26534,26199,26441,26254,25129,24850,24889,26803,27440,27650,28453,28890,29785,32326,35254,36014,37831,38312,38582,39751,40240,41152,42519,42552,42573,42381,42896,42949,45497,45046,44578,44391,43868,43624,41762,39377,37101,36036,35493,33980,34238,35759,36867,38062,37472,36125,37556,37322,36731,38525,39613,40861,40458,39299,38603,38757,37978,35944,32857,31937,30604,26236,24339,25176,23135,22801,22251,21514,19861,18514,17255,16413,16003,14801,14092,13745,12421,11183,9666,8295,7099,5968,4911,4075,3331,2524,1906,1150,848,327,247,207,168,424
SK,population,F,2016,27205,27492,27310,27443,30029,28678,28964,27744,26525,26195,26423,26244,25114,24835,24888,26787,27436,27637,28449,28905,29804,32353,35278,36029,37862,38319,38586,39748,40229,41119,42454,42490,42495,42307,42850,42843,45388,44936,44478,44309,43780,43539,41669,39324,37050,35971,35425,33910,34159,35679,36758,37956,37336,36002,37391,37155,36562,38325,39387,40606,40166,39000,38276,38422,37619,35556,32518,31558,30181,25838,23995,24749,22716,22298,21703,20957,19242,17863,16586,15654,15164,13863,13068,12637,11296,10049,8542,7244,6081,5051,4126,3332,2629,1990,1462,863,615,243,193,163,498
SK,population,F,2017,28469,27607,27629,27404,27500,30050,28686,28980,27735,26523,26183,26422,26248,25103,24823,24882,26784,27422,27648,28454,28931,29827,32379,35294,36047,37852,38324,38574,39738,40211,41070,42402,42427,42415,42230,42753,42755,45280,44837,44423,44202,43720,43472,41597,39246,36978,35902,35342,33831,34089,35583,36664,37838,37216,35848,37237,36996,36390,38129,39163,40348,39898,38715,37951,38075,37231,35181,32138,31152,29753,25417,23561,24293,22190,21841,21126,20332,18595,17226,15863,14944,14299,12913,12107,11603,10225,8948,7504,6257,5167,4221,3404,2695,2059,1517,1103,671,459,193,155,565
SK,population,F,2018,28598,28859,27741,27738,27468,27552,30061,28703,28983,27725,26522,26183,26414,26243,25104,24823,24884,26786,27419,27661,28464,28951,29835,32396,35339,36066,37861,38320,38542,39723,40184,41048,42346,42376,42344,42143,42666,42668,45188,44761,44352,44122,43642,43398,41533,39167,36920,35816,35259,33743,34001,35472,36528,37694,37080,35705,37090,36818,36183,37879,38897,40073,39604,38391,37583,37710,36874,34810,31707,30697,29332,24946,23126,23793,21646,21296,20532,19664,17862,16447,15130,14080,13373,11914,11053,10515,9072,7835,6524,5247,4291,3438,2739,2138,1563,1136,816,521,348,159,634
SK,population,F,2019,28368,28963,29009,27851,27808,27520,27560,30086,28704,28980,27724,26519,26179,26402,26236,25101,24821,24887,26785,27431,27665,28488,28978,29857,32416,35336,36088,37855,38284,38531,39674,40147,41011,42318,42311,42271,42070,42575,42591,45114,44694,44268,44025,43566,43322,41476,39096,36857,35742,35181,33670,33891,35347,36408,37546,36936,35547,36913,36636,35981,37623,38604,39761,39291,38060,37221,37283,36466,34352,31260,30267,28856,24484,22618,23227,21081,20663,19813,18892,17112,15697,14237,13171,12447,10893,9991,9390,7926,6781,5610,4393,3508,2749,2184,1684,1196,889,641,413,273,721
SK,population,F,2020,28292,28742,29129,29127,27925,27887,27558,27593,30100,28710,28966,27727,26521,26175,26391,26233,25086,24808,24882,26796,27446,27672,28496,28986,29869,32419,35330,36075,37828,38269,38517,39633,40119,40956,42234,42239,42182,41971,42484,42528,45017,44607,44180,43927,43489,43234,41407,39032,36768,35651,35093,33585,33768,35231,36283,37422,36786,35397,36716,36409,35746,37382,38321,39442,38948,37712,36845,36833,36034,33915,30813,29754,28323,23950,22120,22625,20477,20031,19115,18158,16290,14845,13386,12214,11497,9958,8910,8310,6939,5835,4758,3657,2856,2186,1759,1305,934,676,520,327,914
SK,population,M,2000,28489,29254,30068,30686,30997,33407,37271,37663,39577,39745,39601,41132,41368,43058,44664,44924,45584,45834,45662,46758,48675,48555,48746,48557,47289,47271,44667,42123,39997,38825,37678,35981,36322,37535,38730,40189,39954,38467,39532,40085,39559,41320,42643,42916,42464,41927,41453,41309,40230,38183,34469,33823,31985,27256,24385,25176,23638,22910,22629,22345,20553,19355,18617,17878,18141,17689,17254,17783,17057,16366,15343,14417,13499,12865,11780,11225,11052,9991,9168,7125,6365,2699,2496,2333,2712,3449,2815,2291,1703,1269,1141,819,582,427,342,248,189,172,124,75,177
SK,population,M,2001,27572,28331,28840,29536,30632,30942,33207,36949,37360,39150,40083,39975,41371,41391,43454,44905,44920,45334,46275,46143,46929,48577,48152,48190,48406,46671,46736,43968,41575,39088,37883,37119,35315,35695,37074,38298,39671,39174,37925,39090,39477,39097,40660,42004,42525,41897,41276,40659,40779,39708,37570,34148,33316,31573,27002,24343,25089,23298,22735,22449,22039,20157,18957,18083,17585,17620,17206,16769,17077,16276,15622,14574,13494,12693,12070,10862,10305,10062,9158,8280,6331,5582,2366,2121,1998,2221,2771,2256,1784,1309,966,808,511,343,233,168,103,73,67,NA,101
SK,population,M,2002,26274,27552,28377,28944,29691,30869,31212,33505,37157,37597,39442,40484,40390,41824,41846,43958,45272,45220,45578,46502,46341,47102,48732,48297,48330,48427,46697,46760,43960,41586,39060,37842,37112,35302,35657,37035,38255,39621,39097,37816,38973,39361,38949,40474,41772,42241,41607,40953,40317,40370,39251,37088,33622,32756,30994,26411,23783,24472,22651,22072,21713,21224,19366,18133,17213,16714,16694,16271,15828,16111,15317,14572,13594,12604,11748,11094,9989,9398,9152,8259,7342,5548,4877,1990,1759,1680,1856,2295,1821,1412,1020,732,588,375,240,158,129,75,54,51,85
SK,population,M,2003,25884,26305,27662,28402,28976,29757,30856,31207,33488,37131,37570,39410,40424,40307,41730,41766,43845,45187,45129,45491,46367,46210,46952,48596,48176,48220,48250,46566,46622,43835,41432,38944,37741,37046,35186,35558,36905,38161,39490,38990,37682,38802,39177,38794,40295,41540,41990,41351,40652,40002,39984,38862,36719,33248,32370,30590,25984,23402,24072,22262,21611,21253,20723,18898,17646,16692,16159,16139,15675,15155,15429,14601,13831,12831,11806,11012,10314,9239,8575,8314,7440,6544,4903,4252,1719,1524,1401,1555,1845,1481,1119,784,547,427,265,150,108,78,43,33,81
SK,population,M,2004,26370,25889,26356,27755,28418,29004,29807,30849,31217,33490,37116,37554,39379,40373,40230,41633,41704,43748,45097,45032,45402,46226,46063,46840,48464,48054,48102,48108,46424,46504,43730,41308,38848,37656,36977,35095,35475,36799,38040,39360,38881,37540,38625,39004,38601,40072,41267,41725,41064,40315,39667,39604,38470,36314,32849,31957,30156,25530,23039,23617,21816,21136,20747,20215,18418,17152,16153,15583,15531,15043,14477,14707,13839,13058,12095,11025,10276,9499,8432,7842,7469,6595,5825,4296,3659,1492,1288,1159,1269,1466,1166,871,555,388,307,175,107,73,45,27,62
SK,population,M,2005,27512,26382,25917,26407,27839,28425,29029,29863,30831,31225,33483,37107,37547,39344,40331,40134,41542,41653,43643,44999,44935,45313,46115,45932,46722,48351,47966,48019,48009,46319,46441,43650,41210,38770,37591,36933,35001,35396,36704,37938,39267,38783,37428,38480,38846,38443,39853,41037,41449,40804,40008,39315,39269,38087,35897,32464,31598,29732,25136,22602,23156,21429,20648,20251,19683,17888,16668,15690,15012,14925,14360,13808,13998,13075,12253,11310,10263,9512,8697,7623,7089,6638,5840,5075,3739,3129,1257,1087,971,1006,1156,884,663,407,275,209,122,76,43,29,54
SK,population,M,2006,27835,27526,26410,25953,26461,27920,28439,29056,29919,30816,31220,33483,37106,37532,39314,40264,40069,41444,41592,43513,44908,44859,45240,46016,45782,46614,48257,47908,47943,47889,46243,46363,43570,41117,38693,37551,36885,34924,35340,36617,37841,39159,38698,37312,38361,38686,38231,39626,40793,41111,40512,39694,38976,38843,37646,35455,32032,31147,29250,24685,22144,22665,20980,20170,19702,19135,17359,16108,15152,14431,14292,13712,13120,13237,12301,11468,10515,9482,8736,7918,6841,6300,5829,5118,4309,3174,2656,1008,896,779,806,868,656,489,295,201,145,82,52,29,46
SK,population,M,2007,27559,27877,27571,26448,25979,26511,27995,28448,29085,29977,30815,31226,33470,37104,37516,39254,40216,39997,41355,41515,43372,44818,44779,45175,45912,45629,46523,48157,47830,47899,47786,46186,46325,43499,41036,38618,37515,36826,34856,35277,36517,37721,39054,38605,37148,38207,38490,38011,39383,40484,40794,40178,39321,38627,38395,37208,35008,31593,30661,28763,24231,21711,22176,20529,19670,19160,18578,16792,15527,14580,13826,13610,13044,12451,12451,11482,10625,9763,8656,7977,7156,6132,5569,5048,4453,3680,2674,2200,817,716,631,619,633,464,356,225,133,92,50,26,38
SK,population,M,2008,27800,27606,27934,27634,26483,26006,26559,28064,28465,29103,30017,30812,31223,33451,37085,37490,39211,40167,39966,41357,41536,43323,44827,44801,45194,45850,45554,46507,48158,47841,47901,47748,46195,46351,43489,41015,38656,37506,36832,34886,35270,36447,37649,38967,38504,37027,38065,38299,37796,39148,40188,40426,39870,38939,38249,37895,36742,34502,31088,30169,28197,23760,21234,21658,19951,19120,18620,17977,16233,14905,14024,13212,12967,12380,11744,11696,10698,9835,8967,7886,7227,6389,5402,4886,4334,3776,3103,2193,1825,656,560,479,483,492,344,256,170,81,58,29,38
SK,population,M,2009,29261,27839,27663,27979,27685,26509,26025,26596,28127,28476,29119,30054,30801,31221,33443,37080,37471,39178,40156,39961,41364,41560,43238,44809,44796,45172,45795,45484,46477,48142,47831,47897,47716,46215,46343,43492,40969,38672,37485,36814,34863,35245,36403,37568,38878,38410,36897,37892,38083,37559,38859,39858,40025,39492,38533,37842,37389,36235,33983,30572,29635,27669,23264,20756,21105,19451,18612,18061,17394,15616,14304,13395,12562,12295,11734,11024,10937,9963,9007,8280,7147,6507,5662,4766,4248,3695,3173,2563,1799,1476,547,431,377,373,352,241,168,116,52,37,42
SK,population,M,2010,31209,29269,27875,27732,28016,27726,26524,26051,26632,28181,28487,29144,30090,30801,31225,33430,37075,37469,39160,40141,39891,41285,41519,43116,44726,44712,45087,45659,45350,46393,48076,47788,47854,47663,46153,46301,43432,40903,38583,37444,36755,34783,35182,36256,37414,38747,38299,36733,37658,37846,37330,38556,39498,39599,39096,38083,37375,36867,35676,33414,30049,29057,27086,22660,20222,20560,18891,18053,17489,16779,14998,13722,12778,11934,11678,11107,10355,10153,9220,8278,7576,6460,5804,4937,4142,3664,3169,2683,2078,1443,1164,426,335,277,277,257,170,115,81,32,48
SK,population,M,2011,29226,30817,29308,27928,27780,28064,27762,26536,26068,26660,28229,28495,29167,30115,30787,31202,33426,37062,37466,39144,40084,39804,41191,41448,42936,44571,44607,44995,45488,45148,46256,47986,47726,47773,47563,46049,46263,43329,40833,38513,37369,36670,34696,35111,36117,37243,38585,38123,36501,37408,37577,37079,38205,39126,39144,38667,37610,36908,36360,35108,32837,29481,28445,26424,22100,19712,19958,18298,17465,16890,16186,14357,13111,12154,11329,11036,10378,9631,9387,8491,7520,6802,5733,5110,4279,3541,3098,2667,2145,1668,1138,918,324,259,211,195,167,119,86,57,54
SK,population,M,2012,30980,29236,30829,29309,27929,27778,28057,27770,26538,26060,26660,28234,28492,29163,30107,30783,31187,33418,37051,37484,39159,40093,39837,41195,41480,42948,44608,44641,45022,45495,45157,46269,48007,47718,47785,47554,46044,46244,43323,40804,38487,37323,36631,34641,35031,35993,37110,38455,37949,36308,37207,37294,36767,37859,38733,38693,38210,37152,36359,35821,34453,32222,28893,27814,25814,21510,19173,19362,17731,16922,16276,15557,13692,12513,11533,10655,10340,9701,8925,8618,7760,6845,6066,5048,4484,3703,3030,2618,2210,1757,1310,897,704,252,212,171,141,121,89,81,78
SK,population,M,2013,28798,31234,29331,30872,29357,27938,27784,28051,27755,26525,26040,26653,28226,28483,29162,30090,30772,31173,33412,37046,37492,39142,40096,39829,41201,41474,42940,44611,44642,45015,45502,45128,46260,47993,47703,47776,47518,46024,46212,43269,40763,38441,37266,36565,34586,34938,35863,36968,38278,37751,36083,36983,36981,36476,37477,38329,38242,37746,36689,35817,35214,33850,31545,28272,27147,25159,20936,18676,18747,17107,16304,15656,14904,13075,11881,10902,10030,9647,9009,8266,7913,7008,6126,5373,4399,3844,3158,2518,2178,1786,1435,1038,682,538,197,164,126,108,83,69,138
SK,population,M,2014,28235,29079,31301,29401,30868,29349,27945,27759,28078,27762,26537,26020,26665,28240,28521,29200,30111,30814,31208,33472,37096,37543,39213,40167,39874,41185,41506,42869,44527,44551,44873,45374,45046,46020,47837,47563,47572,47421,45921,46093,43251,40692,38433,37212,36498,34519,34854,35733,36793,38089,37561,35850,36693,36709,36090,37140,37902,37791,37245,36143,35200,34520,33188,30865,27619,26508,24513,20359,18134,18175,16490,15654,15021,14201,12402,11228,10223,9453,9005,8306,7595,7186,6279,5481,4721,3857,3242,2666,2083,1799,1448,1167,812,514,412,155,131,99,91,65,179
SK,population,M,2015,28334,28537,29184,31366,29417,30873,29334,27926,27736,28061,27737,26527,26007,26652,28226,28498,29174,30099,30795,31206,33473,37095,37543,39222,40175,39883,41176,41497,42883,44501,44530,44842,45333,44998,45945,47785,47478,47481,47347,45844,46001,43168,40603,38338,37116,36389,34382,34724,35587,36620,37878,37309,35606,36414,36371,35743,36700,37393,37262,36733,35570,34580,33820,32517,30189,26961,25852,23840,19786,17546,17534,15904,15048,14417,13537,11754,10558,9608,8844,8335,7628,6940,6424,5628,4864,4158,3332,2728,2217,1697,1431,1144,953,626,395,307,122,103,80,77,217
SK,population,M,2016,28905,28627,28632,29235,31397,29435,30854,29296,27919,27727,28048,27721,26520,25986,26652,28202,28482,29169,30095,30807,31222,33472,37115,37570,39260,40187,39902,41214,41523,42890,44517,44503,44833,45346,44953,45887,47750,47424,47455,47303,45766,45916,43099,40530,38230,37002,36243,34258,34593,35420,36435,37667,37068,35286,36073,36018,35321,36212,36945,36743,36167,34934,33936,33058,31714,29491,26296,25150,23130,19115,16984,16842,15282,14433,13762,12839,11120,9881,8957,8150,7653,6948,6301,5734,4980,4247,3557,2829,2263,1792,1386,1144,876,739,472,319,232,87,86,64,272
SK,population,M,2017,29808,29360,28765,28752,29311,31431,29422,30856,29286,27917,27725,28036,27707,26511,25979,26644,28185,28477,29168,30090,30818,31245,33486,37127,37600,39294,40223,39927,41249,41515,42920,44522,44503,44832,45298,44928,45868,47687,47352,47404,47239,45690,45812,43046,40437,38138,36890,36110,34137,34423,35264,36204,37440,36818,34994,35745,35636,34926,35757,36418,36211,35580,34293,33182,32315,30987,28724,25639,24397,22411,18473,16362,16198,14632,13789,13084,12132,10466,9237,8295,7534,6989,6324,5664,5110,4376,3689,3027,2367,1869,1452,1119,916,666,553,358,256,181,72,76,327
SK,population,M,2018,30137,30195,29538,28866,28806,29353,31433,29448,30856,29284,27923,27720,28038,27698,26512,25973,26638,28177,28469,29153,30079,30813,31252,33499,37154,37612,39297,40239,39942,41273,41496,42911,44501,44489,44796,45288,44880,45809,47621,47296,47326,47146,45585,45733,42937,40335,38031,36753,35977,33978,34268,35028,35918,37169,36503,34663,35381,35237,34494,35294,35859,35520,34933,33610,32485,31566,30201,28024,24882,23670,21675,17794,15685,15498,13934,13129,12364,11403,9802,8578,7666,6922,6293,5667,5045,4471,3783,3142,2555,1930,1506,1144,855,705,512,407,279,203,154,63,380
SK,population,M,2019,30077,30521,30349,29648,28938,28840,29390,31440,29452,30850,29278,27919,27713,28033,27685,26507,25971,26630,28175,28469,29145,30087,30820,31254,33527,37159,37650,39314,40229,39939,41268,41492,42896,44458,44461,44734,45247,44824,45757,47550,47197,47255,47062,45486,45624,42814,40218,37904,36607,35815,33821,34060,34788,35647,36844,36144,34294,34996,34797,34031,34764,35233,34914,34234,32902,31741,30759,29405,27195,24118,22887,20942,17100,15081,14799,13293,12431,11672,10684,9104,7918,7011,6277,5625,5030,4433,3869,3219,2674,2071,1570,1199,894,681,546,407,327,234,172,134,428
SK,population,M,2020,29571,30473,30673,30474,29722,29002,28881,29412,31469,29449,30836,29269,27909,27709,28028,27671,26494,25964,26636,28181,28464,29146,30090,30812,31263,33554,37180,37655,39307,40218,39915,41257,41471,42852,44416,44395,44687,45178,44743,45694,47483,47110,47197,46936,45369,45501,42679,40093,37756,36428,35664,33654,33807,34536,35359,36553,35804,33927,34580,34326,33558,34201,34609,34207,33499,32180,30987,29916,28606,26377,23350,22081,20099,16370,14381,14094,12626,11765,10959,9999,8444,7305,6390,5695,5038,4457,3890,3344,2737,2234,1683,1266,940,712,534,434,329,272,203,156,541
